,Slot,Aisle,Direction,SeqNo,Side,Bay,Slot_Pair
0,1,0, Down     ,1, R   ,61,"(0, 61)"
1,2,0, Down     ,2, R   ,60,"(0, 60)"
2,3,0, Down     ,3, L   ,61,"(0, 61)"
3,4,0, Down     ,4, L   ,60,"(0, 60)"
4,5,0, Down     ,5, R   ,59,"(0, 59)"
5,6,0, Down     ,6, R   ,58,"(0, 58)"
6,7,0, Down     ,7, L   ,59,"(0, 59)"
7,8,0, Down     ,8, L   ,58,"(0, 58)"
8,9,0, Down     ,9, R   ,57,"(0, 57)"
9,10,0, Down     ,10, R   ,56,"(0, 56)"
10,11,0, Down     ,11, L   ,57,"(0, 57)"
11,12,0, Down     ,12, L   ,56,"(0, 56)"
12,13,0, Down     ,13, R   ,55,"(0, 55)"
13,14,0, Down     ,14, R   ,54,"(0, 54)"
14,15,0, Down     ,15, L   ,55,"(0, 55)"
15,16,0, Down     ,16, L   ,54,"(0, 54)"
16,17,0, Down     ,17, R   ,53,"(0, 53)"
17,18,0, Down     ,18, R   ,52,"(0, 52)"
18,19,0, Down     ,19, L   ,53,"(0, 53)"
19,20,0, Down     ,20, L   ,52,"(0, 52)"
20,21,0, Down     ,21, R   ,51,"(0, 51)"
21,22,0, Down     ,22, R   ,50,"(0, 50)"
22,23,0, Down     ,23, L   ,51,"(0, 51)"
23,24,0, Down     ,24, L   ,50,"(0, 50)"
24,25,0, Down     ,25, R   ,49,"(0, 49)"
25,26,0, Down     ,26, R   ,48,"(0, 48)"
26,27,0, Down     ,27, L   ,49,"(0, 49)"
27,28,0, Down     ,28, L   ,48,"(0, 48)"
28,29,0, Down     ,29, R   ,47,"(0, 47)"
29,30,0, Down     ,30, R   ,46,"(0, 46)"
30,31,0, Down     ,31, L   ,47,"(0, 47)"
31,32,0, Down     ,32, L   ,46,"(0, 46)"
32,33,0, Down     ,33, R   ,45,"(0, 45)"
33,34,0, Down     ,34, R   ,44,"(0, 44)"
34,35,0, Down     ,35, L   ,45,"(0, 45)"
35,36,0, Down     ,36, L   ,44,"(0, 44)"
36,37,0, Down     ,37, R   ,43,"(0, 43)"
37,38,0, Down     ,38, R   ,42,"(0, 42)"
38,39,0, Down     ,39, L   ,43,"(0, 43)"
39,40,0, Down     ,40, L   ,42,"(0, 42)"
40,41,0, Down     ,41, R   ,41,"(0, 41)"
41,42,0, Down     ,42, R   ,40,"(0, 40)"
42,43,0, Down     ,43, L   ,41,"(0, 41)"
43,44,0, Down     ,44, L   ,40,"(0, 40)"
44,45,0, Down     ,45, R   ,39,"(0, 39)"
45,46,0, Down     ,46, R   ,38,"(0, 38)"
46,47,0, Down     ,47, L   ,39,"(0, 39)"
47,48,0, Down     ,48, L   ,38,"(0, 38)"
48,49,0, Down     ,49, R   ,37,"(0, 37)"
49,50,0, Down     ,50, R   ,36,"(0, 36)"
50,51,0, Down     ,51, L   ,37,"(0, 37)"
51,52,0, Down     ,52, L   ,36,"(0, 36)"
52,53,0, Down     ,53, R   ,35,"(0, 35)"
53,54,0, Down     ,54, R   ,34,"(0, 34)"
54,55,0, Down     ,55, L   ,35,"(0, 35)"
55,56,0, Down     ,56, L   ,34,"(0, 34)"
56,57,0, Down     ,57, R   ,33,"(0, 33)"
57,58,0, Down     ,58, R   ,32,"(0, 32)"
58,59,0, Down     ,59, L   ,33,"(0, 33)"
59,60,0, Down     ,60, L   ,32,"(0, 32)"
60,61,0, Down     ,61, R   ,31,"(0, 31)"
61,62,0, Down     ,62, L   ,31,"(0, 31)"
62,63,0, Down     ,63, L   ,30,"(0, 30)"
63,64,0, Down     ,64, L   ,29,"(0, 29)"
64,65,0, Down     ,65, L   ,28,"(0, 28)"
65,66,0, Down     ,66, R   ,27,"(0, 27)"
66,67,0, Down     ,67, R   ,26,"(0, 26)"
67,68,0, Down     ,68, L   ,27,"(0, 27)"
68,69,0, Down     ,69, L   ,26,"(0, 26)"
69,70,0, Down     ,70, R   ,25,"(0, 25)"
70,71,0, Down     ,71, R   ,24,"(0, 24)"
71,72,0, Down     ,72, L   ,25,"(0, 25)"
72,73,0, Down     ,73, L   ,24,"(0, 24)"
73,74,0, Down     ,74, R   ,23,"(0, 23)"
74,75,0, Down     ,75, R   ,22,"(0, 22)"
75,76,0, Down     ,76, L   ,23,"(0, 23)"
76,77,0, Down     ,77, L   ,22,"(0, 22)"
77,78,0, Down     ,78, R   ,21,"(0, 21)"
78,79,0, Down     ,79, R   ,20,"(0, 20)"
79,80,0, Down     ,80, L   ,21,"(0, 21)"
80,81,0, Down     ,81, L   ,20,"(0, 20)"
81,82,0, Down     ,82, R   ,19,"(0, 19)"
82,83,0, Down     ,83, R   ,18,"(0, 18)"
83,84,0, Down     ,84, L   ,19,"(0, 19)"
84,85,0, Down     ,85, L   ,18,"(0, 18)"
85,86,0, Down     ,86, R   ,17,"(0, 17)"
86,87,0, Down     ,87, R   ,16,"(0, 16)"
87,88,0, Down     ,88, L   ,17,"(0, 17)"
88,89,0, Down     ,89, L   ,16,"(0, 16)"
89,90,0, Down     ,90, R   ,15,"(0, 15)"
90,91,0, Down     ,91, R   ,14,"(0, 14)"
91,92,0, Down     ,92, L   ,15,"(0, 15)"
92,93,0, Down     ,93, L   ,14,"(0, 14)"
93,94,0, Down     ,94, R   ,13,"(0, 13)"
94,95,0, Down     ,95, R   ,12,"(0, 12)"
95,96,0, Down     ,96, L   ,13,"(0, 13)"
96,97,0, Down     ,97, L   ,12,"(0, 12)"
97,98,0, Down     ,98, R   ,11,"(0, 11)"
98,99,0, Down     ,99, R   ,10,"(0, 10)"
99,100,0, Down     ,100, L   ,11,"(0, 11)"
100,101,0, Down     ,101, L   ,10,"(0, 10)"
101,102,0, Down     ,102, R   ,9,"(0, 9)"
102,103,0, Down     ,103, R   ,8,"(0, 8)"
103,104,0, Down     ,104, L   ,9,"(0, 9)"
104,105,0, Down     ,105, L   ,8,"(0, 8)"
105,106,0, Down     ,106, R   ,7,"(0, 7)"
106,107,0, Down     ,107, R   ,6,"(0, 6)"
107,108,0, Down     ,108, L   ,7,"(0, 7)"
108,109,0, Down     ,109, L   ,6,"(0, 6)"
109,110,0, Down     ,110, R   ,5,"(0, 5)"
110,111,0, Down     ,111, R   ,4,"(0, 4)"
111,112,0, Down     ,112, L   ,5,"(0, 5)"
112,113,0, Down     ,113, L   ,4,"(0, 4)"
113,114,0, Down     ,114, R   ,3,"(0, 3)"
114,115,0, Down     ,115, R   ,2,"(0, 2)"
115,116,0, Down     ,116, L   ,3,"(0, 3)"
116,117,0, Down     ,117, L   ,2,"(0, 2)"
117,118,1, Up       ,118, R   ,2,"(1, 2)"
118,119,1, Up       ,119, R   ,3,"(1, 3)"
119,120,1, Up       ,120, L   ,2,"(1, 2)"
120,121,1, Up       ,121, L   ,3,"(1, 3)"
121,122,1, Up       ,122, R   ,4,"(1, 4)"
122,123,1, Up       ,123, R   ,5,"(1, 5)"
123,124,1, Up       ,124, L   ,4,"(1, 4)"
124,125,1, Up       ,125, L   ,5,"(1, 5)"
125,126,1, Up       ,126, R   ,6,"(1, 6)"
126,127,1, Up       ,127, R   ,7,"(1, 7)"
127,128,1, Up       ,128, L   ,6,"(1, 6)"
128,129,1, Up       ,129, L   ,7,"(1, 7)"
129,130,1, Up       ,130, R   ,8,"(1, 8)"
130,131,1, Up       ,131, R   ,9,"(1, 9)"
131,132,1, Up       ,132, L   ,8,"(1, 8)"
132,133,1, Up       ,133, L   ,9,"(1, 9)"
133,134,1, Up       ,134, R   ,10,"(1, 10)"
134,135,1, Up       ,135, R   ,11,"(1, 11)"
135,136,1, Up       ,136, L   ,10,"(1, 10)"
136,137,1, Up       ,137, L   ,11,"(1, 11)"
137,138,1, Up       ,138, R   ,12,"(1, 12)"
138,139,1, Up       ,139, R   ,13,"(1, 13)"
139,140,1, Up       ,140, L   ,12,"(1, 12)"
140,141,1, Up       ,141, L   ,13,"(1, 13)"
141,142,1, Up       ,142, R   ,14,"(1, 14)"
142,143,1, Up       ,143, R   ,15,"(1, 15)"
143,144,1, Up       ,144, L   ,14,"(1, 14)"
144,145,1, Up       ,145, L   ,15,"(1, 15)"
145,146,1, Up       ,146, R   ,16,"(1, 16)"
146,147,1, Up       ,147, R   ,17,"(1, 17)"
147,148,1, Up       ,148, L   ,16,"(1, 16)"
148,149,1, Up       ,149, L   ,17,"(1, 17)"
149,150,1, Up       ,150, R   ,18,"(1, 18)"
150,151,1, Up       ,151, R   ,19,"(1, 19)"
151,152,1, Up       ,152, L   ,18,"(1, 18)"
152,153,1, Up       ,153, L   ,19,"(1, 19)"
153,154,1, Up       ,154, R   ,20,"(1, 20)"
154,155,1, Up       ,155, R   ,21,"(1, 21)"
155,156,1, Up       ,156, L   ,20,"(1, 20)"
156,157,1, Up       ,157, L   ,21,"(1, 21)"
157,158,1, Up       ,158, R   ,22,"(1, 22)"
158,159,1, Up       ,159, R   ,23,"(1, 23)"
159,160,1, Up       ,160, L   ,22,"(1, 22)"
160,161,1, Up       ,161, L   ,23,"(1, 23)"
161,162,1, Up       ,162, R   ,24,"(1, 24)"
162,163,1, Up       ,163, R   ,25,"(1, 25)"
163,164,1, Up       ,164, L   ,24,"(1, 24)"
164,165,1, Up       ,165, L   ,25,"(1, 25)"
165,166,1, Up       ,166, R   ,26,"(1, 26)"
166,167,1, Up       ,167, R   ,27,"(1, 27)"
167,168,1, Up       ,168, L   ,26,"(1, 26)"
168,169,1, Up       ,169, L   ,27,"(1, 27)"
169,170,1, Up       ,170, R   ,31,"(1, 31)"
170,171,1, Up       ,171, L   ,31,"(1, 31)"
171,172,1, Up       ,172, R   ,32,"(1, 32)"
172,173,1, Up       ,173, R   ,33,"(1, 33)"
173,174,1, Up       ,174, L   ,32,"(1, 32)"
174,175,1, Up       ,175, L   ,33,"(1, 33)"
175,176,1, Up       ,176, R   ,34,"(1, 34)"
176,177,1, Up       ,177, R   ,35,"(1, 35)"
177,178,1, Up       ,178, L   ,34,"(1, 34)"
178,179,1, Up       ,179, L   ,35,"(1, 35)"
179,180,1, Up       ,180, R   ,36,"(1, 36)"
180,181,1, Up       ,181, R   ,37,"(1, 37)"
181,182,1, Up       ,182, L   ,36,"(1, 36)"
182,183,1, Up       ,183, L   ,37,"(1, 37)"
183,184,1, Up       ,184, R   ,38,"(1, 38)"
184,185,1, Up       ,185, R   ,39,"(1, 39)"
185,186,1, Up       ,186, L   ,38,"(1, 38)"
186,187,1, Up       ,187, L   ,39,"(1, 39)"
187,188,1, Up       ,188, R   ,40,"(1, 40)"
188,189,1, Up       ,189, R   ,41,"(1, 41)"
189,190,1, Up       ,190, L   ,40,"(1, 40)"
190,191,1, Up       ,191, L   ,41,"(1, 41)"
191,192,1, Up       ,192, R   ,42,"(1, 42)"
192,193,1, Up       ,193, R   ,43,"(1, 43)"
193,194,1, Up       ,194, L   ,42,"(1, 42)"
194,195,1, Up       ,195, L   ,43,"(1, 43)"
195,196,1, Up       ,196, R   ,44,"(1, 44)"
196,197,1, Up       ,197, R   ,45,"(1, 45)"
197,198,1, Up       ,198, L   ,44,"(1, 44)"
198,199,1, Up       ,199, L   ,45,"(1, 45)"
199,200,1, Up       ,200, R   ,46,"(1, 46)"
200,201,1, Up       ,201, R   ,47,"(1, 47)"
201,202,1, Up       ,202, L   ,46,"(1, 46)"
202,203,1, Up       ,203, L   ,47,"(1, 47)"
203,204,1, Up       ,204, R   ,48,"(1, 48)"
204,205,1, Up       ,205, R   ,49,"(1, 49)"
205,206,1, Up       ,206, L   ,48,"(1, 48)"
206,207,1, Up       ,207, L   ,49,"(1, 49)"
207,208,1, Up       ,208, R   ,50,"(1, 50)"
208,209,1, Up       ,209, R   ,51,"(1, 51)"
209,210,1, Up       ,210, L   ,50,"(1, 50)"
210,211,1, Up       ,211, L   ,51,"(1, 51)"
211,212,1, Up       ,212, R   ,52,"(1, 52)"
212,213,1, Up       ,213, R   ,53,"(1, 53)"
213,214,1, Up       ,214, L   ,52,"(1, 52)"
214,215,1, Up       ,215, L   ,53,"(1, 53)"
215,216,1, Up       ,216, R   ,54,"(1, 54)"
216,217,1, Up       ,217, R   ,55,"(1, 55)"
217,218,1, Up       ,218, L   ,54,"(1, 54)"
218,219,1, Up       ,219, L   ,55,"(1, 55)"
219,220,1, Up       ,220, R   ,56,"(1, 56)"
220,221,1, Up       ,221, R   ,57,"(1, 57)"
221,222,1, Up       ,222, L   ,56,"(1, 56)"
222,223,1, Up       ,223, L   ,57,"(1, 57)"
223,224,1, Up       ,224, R   ,58,"(1, 58)"
224,225,1, Up       ,225, R   ,59,"(1, 59)"
225,226,1, Up       ,226, L   ,58,"(1, 58)"
226,227,1, Up       ,227, L   ,59,"(1, 59)"
227,228,1, Up       ,228, R   ,60,"(1, 60)"
228,229,1, Up       ,229, R   ,61,"(1, 61)"
229,230,1, Up       ,230, L   ,60,"(1, 60)"
230,231,1, Up       ,231, L   ,61,"(1, 61)"
231,232,2, Down     ,232, R   ,61,"(2, 61)"
232,233,2, Down     ,233, R   ,60,"(2, 60)"
233,234,2, Down     ,234, L   ,61,"(2, 61)"
234,235,2, Down     ,235, L   ,60,"(2, 60)"
235,236,2, Down     ,236, R   ,59,"(2, 59)"
236,237,2, Down     ,237, R   ,58,"(2, 58)"
237,238,2, Down     ,238, L   ,59,"(2, 59)"
238,239,2, Down     ,239, L   ,58,"(2, 58)"
239,240,2, Down     ,240, R   ,57,"(2, 57)"
240,241,2, Down     ,241, R   ,56,"(2, 56)"
241,242,2, Down     ,242, L   ,57,"(2, 57)"
242,243,2, Down     ,243, L   ,56,"(2, 56)"
243,244,2, Down     ,244, R   ,55,"(2, 55)"
244,245,2, Down     ,245, R   ,54,"(2, 54)"
245,246,2, Down     ,246, L   ,54,"(2, 54)"
246,247,2, Down     ,247, R   ,53,"(2, 53)"
247,248,2, Down     ,248, R   ,52,"(2, 52)"
248,249,2, Down     ,249, L   ,53,"(2, 53)"
249,250,2, Down     ,250, L   ,52,"(2, 52)"
250,251,2, Down     ,251, R   ,51,"(2, 51)"
251,252,2, Down     ,252, R   ,50,"(2, 50)"
252,253,2, Down     ,253, L   ,51,"(2, 51)"
253,254,2, Down     ,254, L   ,50,"(2, 50)"
254,255,2, Down     ,255, R   ,49,"(2, 49)"
255,256,2, Down     ,256, R   ,48,"(2, 48)"
256,257,2, Down     ,257, L   ,49,"(2, 49)"
257,258,2, Down     ,258, L   ,48,"(2, 48)"
258,259,2, Down     ,259, R   ,47,"(2, 47)"
259,260,2, Down     ,260, R   ,46,"(2, 46)"
260,261,2, Down     ,261, L   ,47,"(2, 47)"
261,262,2, Down     ,262, L   ,46,"(2, 46)"
262,263,2, Down     ,263, R   ,45,"(2, 45)"
263,264,2, Down     ,264, R   ,44,"(2, 44)"
264,265,2, Down     ,265, L   ,45,"(2, 45)"
265,266,2, Down     ,266, L   ,44,"(2, 44)"
266,267,2, Down     ,267, R   ,43,"(2, 43)"
267,268,2, Down     ,268, R   ,42,"(2, 42)"
268,269,2, Down     ,269, L   ,43,"(2, 43)"
269,270,2, Down     ,270, L   ,42,"(2, 42)"
270,271,2, Down     ,271, R   ,41,"(2, 41)"
271,272,2, Down     ,272, R   ,40,"(2, 40)"
272,273,2, Down     ,273, L   ,41,"(2, 41)"
273,274,2, Down     ,274, L   ,40,"(2, 40)"
274,275,2, Down     ,275, R   ,39,"(2, 39)"
275,276,2, Down     ,276, R   ,38,"(2, 38)"
276,277,2, Down     ,277, L   ,39,"(2, 39)"
277,278,2, Down     ,278, L   ,38,"(2, 38)"
278,279,2, Down     ,279, R   ,37,"(2, 37)"
279,280,2, Down     ,280, R   ,36,"(2, 36)"
280,281,2, Down     ,281, L   ,37,"(2, 37)"
281,282,2, Down     ,282, L   ,36,"(2, 36)"
282,283,2, Down     ,283, R   ,35,"(2, 35)"
283,284,2, Down     ,284, R   ,34,"(2, 34)"
284,285,2, Down     ,285, L   ,35,"(2, 35)"
285,286,2, Down     ,286, L   ,34,"(2, 34)"
286,287,2, Down     ,287, R   ,33,"(2, 33)"
287,288,2, Down     ,288, R   ,32,"(2, 32)"
288,289,2, Down     ,289, L   ,33,"(2, 33)"
289,290,2, Down     ,290, R   ,31,"(2, 31)"
290,291,2, Down     ,291, L   ,31,"(2, 31)"
291,292,2, Down     ,292, R   ,27,"(2, 27)"
292,293,2, Down     ,293, R   ,26,"(2, 26)"
293,294,2, Down     ,294, L   ,27,"(2, 27)"
294,295,2, Down     ,295, L   ,26,"(2, 26)"
295,296,2, Down     ,296, R   ,25,"(2, 25)"
296,297,2, Down     ,297, R   ,24,"(2, 24)"
297,298,2, Down     ,298, L   ,25,"(2, 25)"
298,299,2, Down     ,299, L   ,24,"(2, 24)"
299,300,2, Down     ,300, R   ,23,"(2, 23)"
300,301,2, Down     ,301, R   ,22,"(2, 22)"
301,302,2, Down     ,302, L   ,23,"(2, 23)"
302,303,2, Down     ,303, L   ,22,"(2, 22)"
303,304,2, Down     ,304, R   ,21,"(2, 21)"
304,305,2, Down     ,305, R   ,20,"(2, 20)"
305,306,2, Down     ,306, L   ,21,"(2, 21)"
306,307,2, Down     ,307, L   ,20,"(2, 20)"
307,308,2, Down     ,308, R   ,19,"(2, 19)"
308,309,2, Down     ,309, R   ,18,"(2, 18)"
309,310,2, Down     ,310, L   ,19,"(2, 19)"
310,311,2, Down     ,311, L   ,18,"(2, 18)"
311,312,2, Down     ,312, R   ,17,"(2, 17)"
312,313,2, Down     ,313, R   ,16,"(2, 16)"
313,314,2, Down     ,314, L   ,17,"(2, 17)"
314,315,2, Down     ,315, L   ,16,"(2, 16)"
315,316,2, Down     ,316, R   ,15,"(2, 15)"
316,317,2, Down     ,317, R   ,14,"(2, 14)"
317,318,2, Down     ,318, L   ,15,"(2, 15)"
318,319,2, Down     ,319, L   ,14,"(2, 14)"
319,320,2, Down     ,320, R   ,13,"(2, 13)"
320,321,2, Down     ,321, R   ,12,"(2, 12)"
321,322,2, Down     ,322, L   ,13,"(2, 13)"
322,323,2, Down     ,323, L   ,12,"(2, 12)"
323,324,2, Down     ,324, R   ,11,"(2, 11)"
324,325,2, Down     ,325, R   ,10,"(2, 10)"
325,326,2, Down     ,326, L   ,11,"(2, 11)"
326,327,2, Down     ,327, R   ,9,"(2, 9)"
327,328,2, Down     ,328, R   ,8,"(2, 8)"
328,329,2, Down     ,329, L   ,9,"(2, 9)"
329,330,2, Down     ,330, L   ,8,"(2, 8)"
330,331,2, Down     ,331, R   ,7,"(2, 7)"
331,332,2, Down     ,332, R   ,6,"(2, 6)"
332,333,2, Down     ,333, L   ,7,"(2, 7)"
333,334,2, Down     ,334, L   ,6,"(2, 6)"
334,335,2, Down     ,335, R   ,5,"(2, 5)"
335,336,2, Down     ,336, R   ,4,"(2, 4)"
336,337,2, Down     ,337, L   ,5,"(2, 5)"
337,338,2, Down     ,338, L   ,4,"(2, 4)"
338,339,2, Down     ,339, R   ,3,"(2, 3)"
339,340,2, Down     ,340, R   ,2,"(2, 2)"
340,341,2, Down     ,341, L   ,3,"(2, 3)"
341,342,2, Down     ,342, L   ,2,"(2, 2)"
342,343,3, Up       ,343, R   ,2,"(3, 2)"
343,344,3, Up       ,344, R   ,3,"(3, 3)"
344,345,3, Up       ,345, L   ,2,"(3, 2)"
345,346,3, Up       ,346, L   ,3,"(3, 3)"
346,347,3, Up       ,347, R   ,4,"(3, 4)"
347,348,3, Up       ,348, R   ,5,"(3, 5)"
348,349,3, Up       ,349, L   ,4,"(3, 4)"
349,350,3, Up       ,350, L   ,5,"(3, 5)"
350,351,3, Up       ,351, R   ,6,"(3, 6)"
351,352,3, Up       ,352, R   ,7,"(3, 7)"
352,353,3, Up       ,353, L   ,6,"(3, 6)"
353,354,3, Up       ,354, L   ,7,"(3, 7)"
354,355,3, Up       ,355, R   ,8,"(3, 8)"
355,356,3, Up       ,356, R   ,9,"(3, 9)"
356,357,3, Up       ,357, L   ,8,"(3, 8)"
357,358,3, Up       ,358, L   ,9,"(3, 9)"
358,359,3, Up       ,359, R   ,10,"(3, 10)"
359,360,3, Up       ,360, R   ,11,"(3, 11)"
360,361,3, Up       ,361, L   ,10,"(3, 10)"
361,362,3, Up       ,362, L   ,11,"(3, 11)"
362,363,3, Up       ,363, R   ,12,"(3, 12)"
363,364,3, Up       ,364, R   ,13,"(3, 13)"
364,365,3, Up       ,365, L   ,12,"(3, 12)"
365,366,3, Up       ,366, L   ,13,"(3, 13)"
366,367,3, Up       ,367, R   ,14,"(3, 14)"
367,368,3, Up       ,368, R   ,15,"(3, 15)"
368,369,3, Up       ,369, L   ,14,"(3, 14)"
369,370,3, Up       ,370, L   ,15,"(3, 15)"
370,371,3, Up       ,371, R   ,16,"(3, 16)"
371,372,3, Up       ,372, R   ,17,"(3, 17)"
372,373,3, Up       ,373, L   ,16,"(3, 16)"
373,374,3, Up       ,374, L   ,17,"(3, 17)"
374,375,3, Up       ,375, R   ,18,"(3, 18)"
375,376,3, Up       ,376, R   ,19,"(3, 19)"
376,377,3, Up       ,377, L   ,18,"(3, 18)"
377,378,3, Up       ,378, L   ,19,"(3, 19)"
378,379,3, Up       ,379, R   ,20,"(3, 20)"
379,380,3, Up       ,380, R   ,21,"(3, 21)"
380,381,3, Up       ,381, L   ,20,"(3, 20)"
381,382,3, Up       ,382, L   ,21,"(3, 21)"
382,383,3, Up       ,383, R   ,22,"(3, 22)"
383,384,3, Up       ,384, R   ,23,"(3, 23)"
384,385,3, Up       ,385, L   ,22,"(3, 22)"
385,386,3, Up       ,386, L   ,23,"(3, 23)"
386,387,3, Up       ,387, R   ,24,"(3, 24)"
387,388,3, Up       ,388, R   ,25,"(3, 25)"
388,389,3, Up       ,389, L   ,24,"(3, 24)"
389,390,3, Up       ,390, L   ,25,"(3, 25)"
390,391,3, Up       ,391, R   ,26,"(3, 26)"
391,392,3, Up       ,392, R   ,27,"(3, 27)"
392,393,3, Up       ,393, L   ,26,"(3, 26)"
393,394,3, Up       ,394, L   ,27,"(3, 27)"
394,395,3, Up       ,395, R   ,31,"(3, 31)"
395,396,3, Up       ,396, L   ,31,"(3, 31)"
396,397,3, Up       ,397, R   ,32,"(3, 32)"
397,398,3, Up       ,398, R   ,33,"(3, 33)"
398,399,3, Up       ,399, L   ,32,"(3, 32)"
399,400,3, Up       ,400, L   ,33,"(3, 33)"
400,401,3, Up       ,401, R   ,34,"(3, 34)"
401,402,3, Up       ,402, R   ,35,"(3, 35)"
402,403,3, Up       ,403, L   ,34,"(3, 34)"
403,404,3, Up       ,404, L   ,35,"(3, 35)"
404,405,3, Up       ,405, R   ,36,"(3, 36)"
405,406,3, Up       ,406, R   ,37,"(3, 37)"
406,407,3, Up       ,407, L   ,36,"(3, 36)"
407,408,3, Up       ,408, L   ,37,"(3, 37)"
408,409,3, Up       ,409, R   ,38,"(3, 38)"
409,410,3, Up       ,410, R   ,39,"(3, 39)"
410,411,3, Up       ,411, L   ,38,"(3, 38)"
411,412,3, Up       ,412, L   ,39,"(3, 39)"
412,413,3, Up       ,413, R   ,40,"(3, 40)"
413,414,3, Up       ,414, R   ,41,"(3, 41)"
414,415,3, Up       ,415, L   ,40,"(3, 40)"
415,416,3, Up       ,416, L   ,41,"(3, 41)"
416,417,3, Up       ,417, R   ,42,"(3, 42)"
417,418,3, Up       ,418, R   ,43,"(3, 43)"
418,419,3, Up       ,419, L   ,42,"(3, 42)"
419,420,3, Up       ,420, L   ,43,"(3, 43)"
420,421,3, Up       ,421, R   ,44,"(3, 44)"
421,422,3, Up       ,422, R   ,45,"(3, 45)"
422,423,3, Up       ,423, L   ,44,"(3, 44)"
423,424,3, Up       ,424, L   ,45,"(3, 45)"
424,425,3, Up       ,425, R   ,46,"(3, 46)"
425,426,3, Up       ,426, R   ,47,"(3, 47)"
426,427,3, Up       ,427, L   ,46,"(3, 46)"
427,428,3, Up       ,428, L   ,47,"(3, 47)"
428,429,3, Up       ,429, R   ,48,"(3, 48)"
429,430,3, Up       ,430, R   ,49,"(3, 49)"
430,431,3, Up       ,431, L   ,48,"(3, 48)"
431,432,3, Up       ,432, L   ,49,"(3, 49)"
432,433,3, Up       ,433, R   ,50,"(3, 50)"
433,434,3, Up       ,434, R   ,51,"(3, 51)"
434,435,3, Up       ,435, L   ,50,"(3, 50)"
435,436,3, Up       ,436, L   ,51,"(3, 51)"
436,437,3, Up       ,437, R   ,52,"(3, 52)"
437,438,3, Up       ,438, R   ,53,"(3, 53)"
438,439,3, Up       ,439, L   ,52,"(3, 52)"
439,440,3, Up       ,440, L   ,53,"(3, 53)"
440,441,3, Up       ,441, R   ,54,"(3, 54)"
441,442,3, Up       ,442, R   ,55,"(3, 55)"
442,443,3, Up       ,443, L   ,54,"(3, 54)"
443,444,3, Up       ,444, L   ,55,"(3, 55)"
444,445,3, Up       ,445, R   ,56,"(3, 56)"
445,446,3, Up       ,446, R   ,57,"(3, 57)"
446,447,3, Up       ,447, L   ,56,"(3, 56)"
447,448,3, Up       ,448, L   ,57,"(3, 57)"
448,449,3, Up       ,449, R   ,58,"(3, 58)"
449,450,3, Up       ,450, R   ,59,"(3, 59)"
450,451,3, Up       ,451, L   ,58,"(3, 58)"
451,452,3, Up       ,452, L   ,59,"(3, 59)"
452,453,3, Up       ,453, R   ,60,"(3, 60)"
453,454,3, Up       ,454, R   ,61,"(3, 61)"
454,455,3, Up       ,455, L   ,60,"(3, 60)"
455,456,3, Up       ,456, L   ,61,"(3, 61)"
456,457,4, Down     ,457, R   ,61,"(4, 61)"
457,458,4, Down     ,458, R   ,60,"(4, 60)"
458,459,4, Down     ,459, L   ,61,"(4, 61)"
459,460,4, Down     ,460, L   ,60,"(4, 60)"
460,461,4, Down     ,461, R   ,59,"(4, 59)"
461,462,4, Down     ,462, R   ,58,"(4, 58)"
462,463,4, Down     ,463, L   ,59,"(4, 59)"
463,464,4, Down     ,464, L   ,58,"(4, 58)"
464,465,4, Down     ,465, R   ,57,"(4, 57)"
465,466,4, Down     ,466, R   ,56,"(4, 56)"
466,467,4, Down     ,467, L   ,57,"(4, 57)"
467,468,4, Down     ,468, L   ,56,"(4, 56)"
468,469,4, Down     ,469, R   ,55,"(4, 55)"
469,470,4, Down     ,470, R   ,54,"(4, 54)"
470,471,4, Down     ,471, L   ,55,"(4, 55)"
471,472,4, Down     ,472, L   ,54,"(4, 54)"
472,473,4, Down     ,473, R   ,53,"(4, 53)"
473,474,4, Down     ,474, R   ,52,"(4, 52)"
474,475,4, Down     ,475, L   ,53,"(4, 53)"
475,476,4, Down     ,476, L   ,52,"(4, 52)"
476,477,4, Down     ,477, R   ,51,"(4, 51)"
477,478,4, Down     ,478, R   ,50,"(4, 50)"
478,479,4, Down     ,479, L   ,51,"(4, 51)"
479,480,4, Down     ,480, L   ,50,"(4, 50)"
480,481,4, Down     ,481, R   ,49,"(4, 49)"
481,482,4, Down     ,482, R   ,48,"(4, 48)"
482,483,4, Down     ,483, L   ,49,"(4, 49)"
483,484,4, Down     ,484, L   ,48,"(4, 48)"
484,485,4, Down     ,485, R   ,47,"(4, 47)"
485,486,4, Down     ,486, R   ,46,"(4, 46)"
486,487,4, Down     ,487, L   ,47,"(4, 47)"
487,488,4, Down     ,488, L   ,46,"(4, 46)"
488,489,4, Down     ,489, R   ,45,"(4, 45)"
489,490,4, Down     ,490, R   ,44,"(4, 44)"
490,491,4, Down     ,491, L   ,45,"(4, 45)"
491,492,4, Down     ,492, L   ,44,"(4, 44)"
492,493,4, Down     ,493, R   ,43,"(4, 43)"
493,494,4, Down     ,494, R   ,42,"(4, 42)"
494,495,4, Down     ,495, L   ,43,"(4, 43)"
495,496,4, Down     ,496, L   ,42,"(4, 42)"
496,497,4, Down     ,497, R   ,41,"(4, 41)"
497,498,4, Down     ,498, R   ,40,"(4, 40)"
498,499,4, Down     ,499, L   ,41,"(4, 41)"
499,500,4, Down     ,500, L   ,40,"(4, 40)"
500,501,4, Down     ,501, R   ,39,"(4, 39)"
501,502,4, Down     ,502, R   ,38,"(4, 38)"
502,503,4, Down     ,503, L   ,39,"(4, 39)"
503,504,4, Down     ,504, L   ,38,"(4, 38)"
504,505,4, Down     ,505, R   ,37,"(4, 37)"
505,506,4, Down     ,506, R   ,36,"(4, 36)"
506,507,4, Down     ,507, L   ,37,"(4, 37)"
507,508,4, Down     ,508, L   ,36,"(4, 36)"
508,509,4, Down     ,509, R   ,35,"(4, 35)"
509,510,4, Down     ,510, R   ,34,"(4, 34)"
510,511,4, Down     ,511, L   ,35,"(4, 35)"
511,512,4, Down     ,512, L   ,34,"(4, 34)"
512,513,4, Down     ,513, R   ,33,"(4, 33)"
513,514,4, Down     ,514, R   ,32,"(4, 32)"
514,515,4, Down     ,515, L   ,33,"(4, 33)"
515,516,4, Down     ,516, L   ,32,"(4, 32)"
516,517,4, Down     ,517, R   ,31,"(4, 31)"
517,518,4, Down     ,518, L   ,31,"(4, 31)"
518,519,4, Down     ,519, R   ,27,"(4, 27)"
519,520,4, Down     ,520, R   ,26,"(4, 26)"
520,521,4, Down     ,521, L   ,27,"(4, 27)"
521,522,4, Down     ,522, L   ,26,"(4, 26)"
522,523,4, Down     ,523, R   ,25,"(4, 25)"
523,524,4, Down     ,524, R   ,24,"(4, 24)"
524,525,4, Down     ,525, L   ,25,"(4, 25)"
525,526,4, Down     ,526, L   ,24,"(4, 24)"
526,527,4, Down     ,527, R   ,23,"(4, 23)"
527,528,4, Down     ,528, R   ,22,"(4, 22)"
528,529,4, Down     ,529, L   ,23,"(4, 23)"
529,530,4, Down     ,530, L   ,22,"(4, 22)"
530,531,4, Down     ,531, R   ,21,"(4, 21)"
531,532,4, Down     ,532, R   ,20,"(4, 20)"
532,533,4, Down     ,533, L   ,21,"(4, 21)"
533,534,4, Down     ,534, L   ,20,"(4, 20)"
534,535,4, Down     ,535, R   ,19,"(4, 19)"
535,536,4, Down     ,536, R   ,18,"(4, 18)"
536,537,4, Down     ,537, L   ,19,"(4, 19)"
537,538,4, Down     ,538, L   ,18,"(4, 18)"
538,539,4, Down     ,539, R   ,17,"(4, 17)"
539,540,4, Down     ,540, R   ,16,"(4, 16)"
540,541,4, Down     ,541, L   ,17,"(4, 17)"
541,542,4, Down     ,542, L   ,16,"(4, 16)"
542,543,4, Down     ,543, R   ,15,"(4, 15)"
543,544,4, Down     ,544, R   ,14,"(4, 14)"
544,545,4, Down     ,545, L   ,15,"(4, 15)"
545,546,4, Down     ,546, L   ,14,"(4, 14)"
546,547,4, Down     ,547, R   ,13,"(4, 13)"
547,548,4, Down     ,548, R   ,12,"(4, 12)"
548,549,4, Down     ,549, L   ,13,"(4, 13)"
549,550,4, Down     ,550, L   ,12,"(4, 12)"
550,551,4, Down     ,551, R   ,11,"(4, 11)"
551,552,4, Down     ,552, R   ,10,"(4, 10)"
552,553,4, Down     ,553, L   ,11,"(4, 11)"
553,554,4, Down     ,554, L   ,10,"(4, 10)"
554,555,4, Down     ,555, R   ,9,"(4, 9)"
555,556,4, Down     ,556, R   ,8,"(4, 8)"
556,557,4, Down     ,557, L   ,9,"(4, 9)"
557,558,4, Down     ,558, L   ,8,"(4, 8)"
558,559,4, Down     ,559, R   ,7,"(4, 7)"
559,560,4, Down     ,560, R   ,6,"(4, 6)"
560,561,4, Down     ,561, L   ,7,"(4, 7)"
561,562,4, Down     ,562, L   ,6,"(4, 6)"
562,563,4, Down     ,563, R   ,5,"(4, 5)"
563,564,4, Down     ,564, R   ,4,"(4, 4)"
564,565,4, Down     ,565, L   ,5,"(4, 5)"
565,566,4, Down     ,566, L   ,4,"(4, 4)"
566,567,4, Down     ,567, R   ,3,"(4, 3)"
567,568,4, Down     ,568, R   ,2,"(4, 2)"
568,569,4, Down     ,569, L   ,3,"(4, 3)"
569,570,4, Down     ,570, L   ,2,"(4, 2)"
570,571,5, Up       ,571, R   ,2,"(5, 2)"
571,572,5, Up       ,572, R   ,3,"(5, 3)"
572,573,5, Up       ,573, L   ,2,"(5, 2)"
573,574,5, Up       ,574, L   ,3,"(5, 3)"
574,575,5, Up       ,575, R   ,4,"(5, 4)"
575,576,5, Up       ,576, R   ,5,"(5, 5)"
576,577,5, Up       ,577, L   ,4,"(5, 4)"
577,578,5, Up       ,578, L   ,5,"(5, 5)"
578,579,5, Up       ,579, R   ,6,"(5, 6)"
579,580,5, Up       ,580, R   ,7,"(5, 7)"
580,581,5, Up       ,581, L   ,6,"(5, 6)"
581,582,5, Up       ,582, L   ,7,"(5, 7)"
582,583,5, Up       ,583, R   ,8,"(5, 8)"
583,584,5, Up       ,584, R   ,9,"(5, 9)"
584,585,5, Up       ,585, L   ,8,"(5, 8)"
585,586,5, Up       ,586, L   ,9,"(5, 9)"
586,587,5, Up       ,587, R   ,11,"(5, 11)"
587,588,5, Up       ,588, L   ,10,"(5, 10)"
588,589,5, Up       ,589, L   ,11,"(5, 11)"
589,590,5, Up       ,590, R   ,12,"(5, 12)"
590,591,5, Up       ,591, R   ,13,"(5, 13)"
591,592,5, Up       ,592, L   ,12,"(5, 12)"
592,593,5, Up       ,593, L   ,13,"(5, 13)"
593,594,5, Up       ,594, R   ,14,"(5, 14)"
594,595,5, Up       ,595, R   ,15,"(5, 15)"
595,596,5, Up       ,596, L   ,14,"(5, 14)"
596,597,5, Up       ,597, L   ,15,"(5, 15)"
597,598,5, Up       ,598, R   ,16,"(5, 16)"
598,599,5, Up       ,599, R   ,17,"(5, 17)"
599,600,5, Up       ,600, L   ,16,"(5, 16)"
600,601,5, Up       ,601, L   ,17,"(5, 17)"
601,602,5, Up       ,602, R   ,18,"(5, 18)"
602,603,5, Up       ,603, R   ,19,"(5, 19)"
603,604,5, Up       ,604, L   ,18,"(5, 18)"
604,605,5, Up       ,605, L   ,19,"(5, 19)"
605,606,5, Up       ,606, R   ,20,"(5, 20)"
606,607,5, Up       ,607, R   ,21,"(5, 21)"
607,608,5, Up       ,608, L   ,20,"(5, 20)"
608,609,5, Up       ,609, L   ,21,"(5, 21)"
609,610,5, Up       ,610, R   ,22,"(5, 22)"
610,611,5, Up       ,611, R   ,23,"(5, 23)"
611,612,5, Up       ,612, L   ,22,"(5, 22)"
612,613,5, Up       ,613, L   ,23,"(5, 23)"
613,614,5, Up       ,614, R   ,24,"(5, 24)"
614,615,5, Up       ,615, R   ,25,"(5, 25)"
615,616,5, Up       ,616, L   ,24,"(5, 24)"
616,617,5, Up       ,617, L   ,25,"(5, 25)"
617,618,5, Up       ,618, R   ,26,"(5, 26)"
618,619,5, Up       ,619, R   ,27,"(5, 27)"
619,620,5, Up       ,620, L   ,26,"(5, 26)"
620,621,5, Up       ,621, L   ,27,"(5, 27)"
621,622,5, Up       ,622, R   ,31,"(5, 31)"
622,623,5, Up       ,623, L   ,31,"(5, 31)"
623,624,5, Up       ,624, R   ,33,"(5, 33)"
624,625,5, Up       ,625, L   ,32,"(5, 32)"
625,626,5, Up       ,626, L   ,33,"(5, 33)"
626,627,5, Up       ,627, R   ,34,"(5, 34)"
627,628,5, Up       ,628, R   ,35,"(5, 35)"
628,629,5, Up       ,629, L   ,34,"(5, 34)"
629,630,5, Up       ,630, L   ,35,"(5, 35)"
630,631,5, Up       ,631, R   ,36,"(5, 36)"
631,632,5, Up       ,632, R   ,37,"(5, 37)"
632,633,5, Up       ,633, L   ,36,"(5, 36)"
633,634,5, Up       ,634, L   ,37,"(5, 37)"
634,635,5, Up       ,635, R   ,38,"(5, 38)"
635,636,5, Up       ,636, R   ,39,"(5, 39)"
636,637,5, Up       ,637, L   ,38,"(5, 38)"
637,638,5, Up       ,638, L   ,39,"(5, 39)"
638,639,5, Up       ,639, R   ,40,"(5, 40)"
639,640,5, Up       ,640, R   ,41,"(5, 41)"
640,641,5, Up       ,641, L   ,40,"(5, 40)"
641,642,5, Up       ,642, L   ,41,"(5, 41)"
642,643,5, Up       ,643, R   ,42,"(5, 42)"
643,644,5, Up       ,644, R   ,43,"(5, 43)"
644,645,5, Up       ,645, L   ,42,"(5, 42)"
645,646,5, Up       ,646, L   ,43,"(5, 43)"
646,647,5, Up       ,647, R   ,44,"(5, 44)"
647,648,5, Up       ,648, R   ,45,"(5, 45)"
648,649,5, Up       ,649, L   ,44,"(5, 44)"
649,650,5, Up       ,650, L   ,45,"(5, 45)"
650,651,5, Up       ,651, R   ,46,"(5, 46)"
651,652,5, Up       ,652, R   ,47,"(5, 47)"
652,653,5, Up       ,653, L   ,46,"(5, 46)"
653,654,5, Up       ,654, L   ,47,"(5, 47)"
654,655,5, Up       ,655, R   ,48,"(5, 48)"
655,656,5, Up       ,656, R   ,49,"(5, 49)"
656,657,5, Up       ,657, L   ,48,"(5, 48)"
657,658,5, Up       ,658, L   ,49,"(5, 49)"
658,659,5, Up       ,659, R   ,50,"(5, 50)"
659,660,5, Up       ,660, R   ,51,"(5, 51)"
660,661,5, Up       ,661, L   ,50,"(5, 50)"
661,662,5, Up       ,662, L   ,51,"(5, 51)"
662,663,5, Up       ,663, R   ,52,"(5, 52)"
663,664,5, Up       ,664, R   ,53,"(5, 53)"
664,665,5, Up       ,665, L   ,52,"(5, 52)"
665,666,5, Up       ,666, L   ,53,"(5, 53)"
666,667,5, Up       ,667, R   ,54,"(5, 54)"
667,668,5, Up       ,668, L   ,54,"(5, 54)"
668,669,5, Up       ,669, L   ,55,"(5, 55)"
669,670,5, Up       ,670, R   ,56,"(5, 56)"
670,671,5, Up       ,671, R   ,57,"(5, 57)"
671,672,5, Up       ,672, L   ,56,"(5, 56)"
672,673,5, Up       ,673, L   ,57,"(5, 57)"
673,674,5, Up       ,674, R   ,58,"(5, 58)"
674,675,5, Up       ,675, R   ,59,"(5, 59)"
675,676,5, Up       ,676, L   ,58,"(5, 58)"
676,677,5, Up       ,677, L   ,59,"(5, 59)"
677,678,5, Up       ,678, R   ,60,"(5, 60)"
678,679,5, Up       ,679, R   ,61,"(5, 61)"
679,680,5, Up       ,680, L   ,60,"(5, 60)"
680,681,5, Up       ,681, L   ,61,"(5, 61)"
681,682,6, Down     ,682, R   ,61,"(6, 61)"
682,683,6, Down     ,683, R   ,60,"(6, 60)"
683,684,6, Down     ,684, L   ,61,"(6, 61)"
684,685,6, Down     ,685, L   ,60,"(6, 60)"
685,686,6, Down     ,686, R   ,59,"(6, 59)"
686,687,6, Down     ,687, R   ,58,"(6, 58)"
687,688,6, Down     ,688, L   ,59,"(6, 59)"
688,689,6, Down     ,689, L   ,58,"(6, 58)"
689,690,6, Down     ,690, R   ,57,"(6, 57)"
690,691,6, Down     ,691, R   ,56,"(6, 56)"
691,692,6, Down     ,692, L   ,57,"(6, 57)"
692,693,6, Down     ,693, L   ,56,"(6, 56)"
693,694,6, Down     ,694, R   ,55,"(6, 55)"
694,695,6, Down     ,695, R   ,54,"(6, 54)"
695,696,6, Down     ,696, L   ,55,"(6, 55)"
696,697,6, Down     ,697, L   ,54,"(6, 54)"
697,698,6, Down     ,698, R   ,53,"(6, 53)"
698,699,6, Down     ,699, R   ,52,"(6, 52)"
699,700,6, Down     ,700, L   ,53,"(6, 53)"
700,701,6, Down     ,701, L   ,52,"(6, 52)"
701,702,6, Down     ,702, R   ,51,"(6, 51)"
702,703,6, Down     ,703, R   ,50,"(6, 50)"
703,704,6, Down     ,704, L   ,51,"(6, 51)"
704,705,6, Down     ,705, L   ,50,"(6, 50)"
705,706,6, Down     ,706, R   ,49,"(6, 49)"
706,707,6, Down     ,707, R   ,48,"(6, 48)"
707,708,6, Down     ,708, L   ,49,"(6, 49)"
708,709,6, Down     ,709, L   ,48,"(6, 48)"
709,710,6, Down     ,710, R   ,47,"(6, 47)"
710,711,6, Down     ,711, R   ,46,"(6, 46)"
711,712,6, Down     ,712, L   ,47,"(6, 47)"
712,713,6, Down     ,713, L   ,46,"(6, 46)"
713,714,6, Down     ,714, R   ,45,"(6, 45)"
714,715,6, Down     ,715, R   ,44,"(6, 44)"
715,716,6, Down     ,716, L   ,45,"(6, 45)"
716,717,6, Down     ,717, L   ,44,"(6, 44)"
717,718,6, Down     ,718, R   ,43,"(6, 43)"
718,719,6, Down     ,719, R   ,42,"(6, 42)"
719,720,6, Down     ,720, L   ,43,"(6, 43)"
720,721,6, Down     ,721, L   ,42,"(6, 42)"
721,722,6, Down     ,722, R   ,41,"(6, 41)"
722,723,6, Down     ,723, R   ,40,"(6, 40)"
723,724,6, Down     ,724, L   ,41,"(6, 41)"
724,725,6, Down     ,725, L   ,40,"(6, 40)"
725,726,6, Down     ,726, R   ,39,"(6, 39)"
726,727,6, Down     ,727, R   ,38,"(6, 38)"
727,728,6, Down     ,728, L   ,39,"(6, 39)"
728,729,6, Down     ,729, L   ,38,"(6, 38)"
729,730,6, Down     ,730, R   ,37,"(6, 37)"
730,731,6, Down     ,731, R   ,36,"(6, 36)"
731,732,6, Down     ,732, L   ,37,"(6, 37)"
732,733,6, Down     ,733, L   ,36,"(6, 36)"
733,734,6, Down     ,734, R   ,35,"(6, 35)"
734,735,6, Down     ,735, R   ,34,"(6, 34)"
735,736,6, Down     ,736, L   ,35,"(6, 35)"
736,737,6, Down     ,737, L   ,34,"(6, 34)"
737,738,6, Down     ,738, R   ,33,"(6, 33)"
738,739,6, Down     ,739, R   ,32,"(6, 32)"
739,740,6, Down     ,740, L   ,33,"(6, 33)"
740,741,6, Down     ,741, L   ,32,"(6, 32)"
741,742,6, Down     ,742, R   ,31,"(6, 31)"
742,743,6, Down     ,743, L   ,31,"(6, 31)"
743,744,6, Down     ,744, R   ,27,"(6, 27)"
744,745,6, Down     ,745, R   ,26,"(6, 26)"
745,746,6, Down     ,746, L   ,27,"(6, 27)"
746,747,6, Down     ,747, L   ,26,"(6, 26)"
747,748,6, Down     ,748, R   ,25,"(6, 25)"
748,749,6, Down     ,749, R   ,24,"(6, 24)"
749,750,6, Down     ,750, L   ,25,"(6, 25)"
750,751,6, Down     ,751, L   ,24,"(6, 24)"
751,752,6, Down     ,752, R   ,23,"(6, 23)"
752,753,6, Down     ,753, R   ,22,"(6, 22)"
753,754,6, Down     ,754, L   ,23,"(6, 23)"
754,755,6, Down     ,755, L   ,22,"(6, 22)"
755,756,6, Down     ,756, R   ,21,"(6, 21)"
756,757,6, Down     ,757, R   ,20,"(6, 20)"
757,758,6, Down     ,758, L   ,21,"(6, 21)"
758,759,6, Down     ,759, L   ,20,"(6, 20)"
759,760,6, Down     ,760, R   ,19,"(6, 19)"
760,761,6, Down     ,761, R   ,18,"(6, 18)"
761,762,6, Down     ,762, L   ,19,"(6, 19)"
762,763,6, Down     ,763, L   ,18,"(6, 18)"
763,764,6, Down     ,764, R   ,17,"(6, 17)"
764,765,6, Down     ,765, R   ,16,"(6, 16)"
765,766,6, Down     ,766, L   ,17,"(6, 17)"
766,767,6, Down     ,767, L   ,16,"(6, 16)"
767,768,6, Down     ,768, R   ,15,"(6, 15)"
768,769,6, Down     ,769, R   ,14,"(6, 14)"
769,770,6, Down     ,770, L   ,15,"(6, 15)"
770,771,6, Down     ,771, L   ,14,"(6, 14)"
771,772,6, Down     ,772, R   ,13,"(6, 13)"
772,773,6, Down     ,773, R   ,12,"(6, 12)"
773,774,6, Down     ,774, L   ,13,"(6, 13)"
774,775,6, Down     ,775, L   ,12,"(6, 12)"
775,776,6, Down     ,776, R   ,11,"(6, 11)"
776,777,6, Down     ,777, R   ,10,"(6, 10)"
777,778,6, Down     ,778, L   ,11,"(6, 11)"
778,779,6, Down     ,779, L   ,10,"(6, 10)"
779,780,6, Down     ,780, R   ,9,"(6, 9)"
780,781,6, Down     ,781, R   ,8,"(6, 8)"
781,782,6, Down     ,782, L   ,9,"(6, 9)"
782,783,6, Down     ,783, L   ,8,"(6, 8)"
783,784,6, Down     ,784, R   ,7,"(6, 7)"
784,785,6, Down     ,785, R   ,6,"(6, 6)"
785,786,6, Down     ,786, L   ,7,"(6, 7)"
786,787,6, Down     ,787, L   ,6,"(6, 6)"
787,788,6, Down     ,788, R   ,5,"(6, 5)"
788,789,6, Down     ,789, R   ,4,"(6, 4)"
789,790,6, Down     ,790, L   ,5,"(6, 5)"
790,791,6, Down     ,791, L   ,4,"(6, 4)"
791,792,6, Down     ,792, R   ,3,"(6, 3)"
792,793,6, Down     ,793, R   ,2,"(6, 2)"
793,794,6, Down     ,794, L   ,3,"(6, 3)"
794,795,6, Down     ,795, L   ,2,"(6, 2)"
795,796,7, Up       ,796, R   ,2,"(7, 2)"
796,797,7, Up       ,797, R   ,3,"(7, 3)"
797,798,7, Up       ,798, L   ,2,"(7, 2)"
798,799,7, Up       ,799, L   ,3,"(7, 3)"
799,800,7, Up       ,800, R   ,4,"(7, 4)"
800,801,7, Up       ,801, R   ,5,"(7, 5)"
801,802,7, Up       ,802, L   ,4,"(7, 4)"
802,803,7, Up       ,803, L   ,5,"(7, 5)"
803,804,7, Up       ,804, R   ,6,"(7, 6)"
804,805,7, Up       ,805, R   ,7,"(7, 7)"
805,806,7, Up       ,806, L   ,6,"(7, 6)"
806,807,7, Up       ,807, L   ,7,"(7, 7)"
807,808,7, Up       ,808, R   ,8,"(7, 8)"
808,809,7, Up       ,809, R   ,9,"(7, 9)"
809,810,7, Up       ,810, L   ,8,"(7, 8)"
810,811,7, Up       ,811, L   ,9,"(7, 9)"
811,812,7, Up       ,812, R   ,10,"(7, 10)"
812,813,7, Up       ,813, R   ,11,"(7, 11)"
813,814,7, Up       ,814, L   ,10,"(7, 10)"
814,815,7, Up       ,815, L   ,11,"(7, 11)"
815,816,7, Up       ,816, R   ,12,"(7, 12)"
816,817,7, Up       ,817, R   ,13,"(7, 13)"
817,818,7, Up       ,818, L   ,12,"(7, 12)"
818,819,7, Up       ,819, L   ,13,"(7, 13)"
819,820,7, Up       ,820, R   ,14,"(7, 14)"
820,821,7, Up       ,821, R   ,15,"(7, 15)"
821,822,7, Up       ,822, L   ,14,"(7, 14)"
822,823,7, Up       ,823, L   ,15,"(7, 15)"
823,824,7, Up       ,824, R   ,16,"(7, 16)"
824,825,7, Up       ,825, R   ,17,"(7, 17)"
825,826,7, Up       ,826, L   ,16,"(7, 16)"
826,827,7, Up       ,827, L   ,17,"(7, 17)"
827,828,7, Up       ,828, R   ,18,"(7, 18)"
828,829,7, Up       ,829, R   ,19,"(7, 19)"
829,830,7, Up       ,830, L   ,18,"(7, 18)"
830,831,7, Up       ,831, L   ,19,"(7, 19)"
831,832,7, Up       ,832, R   ,20,"(7, 20)"
832,833,7, Up       ,833, R   ,21,"(7, 21)"
833,834,7, Up       ,834, L   ,20,"(7, 20)"
834,835,7, Up       ,835, L   ,21,"(7, 21)"
835,836,7, Up       ,836, R   ,22,"(7, 22)"
836,837,7, Up       ,837, R   ,23,"(7, 23)"
837,838,7, Up       ,838, L   ,22,"(7, 22)"
838,839,7, Up       ,839, L   ,23,"(7, 23)"
839,840,7, Up       ,840, R   ,24,"(7, 24)"
840,841,7, Up       ,841, R   ,25,"(7, 25)"
841,842,7, Up       ,842, L   ,24,"(7, 24)"
842,843,7, Up       ,843, L   ,25,"(7, 25)"
843,844,7, Up       ,844, R   ,26,"(7, 26)"
844,845,7, Up       ,845, R   ,27,"(7, 27)"
845,846,7, Up       ,846, L   ,26,"(7, 26)"
846,847,7, Up       ,847, L   ,27,"(7, 27)"
847,848,7, Up       ,848, R   ,31,"(7, 31)"
848,849,7, Up       ,849, L   ,31,"(7, 31)"
849,850,7, Up       ,850, R   ,32,"(7, 32)"
850,851,7, Up       ,851, R   ,33,"(7, 33)"
851,852,7, Up       ,852, L   ,32,"(7, 32)"
852,853,7, Up       ,853, L   ,33,"(7, 33)"
853,854,7, Up       ,854, R   ,34,"(7, 34)"
854,855,7, Up       ,855, R   ,35,"(7, 35)"
855,856,7, Up       ,856, L   ,34,"(7, 34)"
856,857,7, Up       ,857, L   ,35,"(7, 35)"
857,858,7, Up       ,858, R   ,36,"(7, 36)"
858,859,7, Up       ,859, R   ,37,"(7, 37)"
859,860,7, Up       ,860, L   ,36,"(7, 36)"
860,861,7, Up       ,861, L   ,37,"(7, 37)"
861,862,7, Up       ,862, R   ,38,"(7, 38)"
862,863,7, Up       ,863, R   ,39,"(7, 39)"
863,864,7, Up       ,864, L   ,38,"(7, 38)"
864,865,7, Up       ,865, L   ,39,"(7, 39)"
865,866,7, Up       ,866, R   ,40,"(7, 40)"
866,867,7, Up       ,867, R   ,41,"(7, 41)"
867,868,7, Up       ,868, L   ,40,"(7, 40)"
868,869,7, Up       ,869, L   ,41,"(7, 41)"
869,870,7, Up       ,870, R   ,42,"(7, 42)"
870,871,7, Up       ,871, R   ,43,"(7, 43)"
871,872,7, Up       ,872, L   ,42,"(7, 42)"
872,873,7, Up       ,873, L   ,43,"(7, 43)"
873,874,7, Up       ,874, R   ,44,"(7, 44)"
874,875,7, Up       ,875, R   ,45,"(7, 45)"
875,876,7, Up       ,876, L   ,44,"(7, 44)"
876,877,7, Up       ,877, L   ,45,"(7, 45)"
877,878,7, Up       ,878, R   ,46,"(7, 46)"
878,879,7, Up       ,879, R   ,47,"(7, 47)"
879,880,7, Up       ,880, L   ,46,"(7, 46)"
880,881,7, Up       ,881, L   ,47,"(7, 47)"
881,882,7, Up       ,882, R   ,48,"(7, 48)"
882,883,7, Up       ,883, R   ,49,"(7, 49)"
883,884,7, Up       ,884, L   ,48,"(7, 48)"
884,885,7, Up       ,885, L   ,49,"(7, 49)"
885,886,7, Up       ,886, R   ,50,"(7, 50)"
886,887,7, Up       ,887, R   ,51,"(7, 51)"
887,888,7, Up       ,888, L   ,50,"(7, 50)"
888,889,7, Up       ,889, L   ,51,"(7, 51)"
889,890,7, Up       ,890, R   ,52,"(7, 52)"
890,891,7, Up       ,891, R   ,53,"(7, 53)"
891,892,7, Up       ,892, L   ,52,"(7, 52)"
892,893,7, Up       ,893, L   ,53,"(7, 53)"
893,894,7, Up       ,894, R   ,54,"(7, 54)"
894,895,7, Up       ,895, R   ,55,"(7, 55)"
895,896,7, Up       ,896, L   ,54,"(7, 54)"
896,897,7, Up       ,897, L   ,55,"(7, 55)"
897,898,7, Up       ,898, R   ,56,"(7, 56)"
898,899,7, Up       ,899, R   ,57,"(7, 57)"
899,900,7, Up       ,900, L   ,56,"(7, 56)"
900,901,7, Up       ,901, L   ,57,"(7, 57)"
901,902,7, Up       ,902, R   ,58,"(7, 58)"
902,903,7, Up       ,903, R   ,59,"(7, 59)"
903,904,7, Up       ,904, L   ,58,"(7, 58)"
904,905,7, Up       ,905, L   ,59,"(7, 59)"
905,906,7, Up       ,906, R   ,60,"(7, 60)"
906,907,7, Up       ,907, R   ,61,"(7, 61)"
907,908,7, Up       ,908, L   ,60,"(7, 60)"
908,909,7, Up       ,909, L   ,61,"(7, 61)"
909,910,8, Down     ,910, R   ,61,"(8, 61)"
910,911,8, Down     ,911, R   ,60,"(8, 60)"
911,912,8, Down     ,912, L   ,61,"(8, 61)"
912,913,8, Down     ,913, L   ,60,"(8, 60)"
913,914,8, Down     ,914, R   ,59,"(8, 59)"
914,915,8, Down     ,915, R   ,58,"(8, 58)"
915,916,8, Down     ,916, L   ,59,"(8, 59)"
916,917,8, Down     ,917, L   ,58,"(8, 58)"
917,918,8, Down     ,918, R   ,57,"(8, 57)"
918,919,8, Down     ,919, R   ,56,"(8, 56)"
919,920,8, Down     ,920, L   ,57,"(8, 57)"
920,921,8, Down     ,921, L   ,56,"(8, 56)"
921,922,8, Down     ,922, R   ,55,"(8, 55)"
922,923,8, Down     ,923, R   ,54,"(8, 54)"
923,924,8, Down     ,924, L   ,54,"(8, 54)"
924,925,8, Down     ,925, R   ,53,"(8, 53)"
925,926,8, Down     ,926, R   ,52,"(8, 52)"
926,927,8, Down     ,927, L   ,53,"(8, 53)"
927,928,8, Down     ,928, L   ,52,"(8, 52)"
928,929,8, Down     ,929, R   ,51,"(8, 51)"
929,930,8, Down     ,930, R   ,50,"(8, 50)"
930,931,8, Down     ,931, L   ,51,"(8, 51)"
931,932,8, Down     ,932, L   ,50,"(8, 50)"
932,933,8, Down     ,933, R   ,49,"(8, 49)"
933,934,8, Down     ,934, R   ,48,"(8, 48)"
934,935,8, Down     ,935, L   ,49,"(8, 49)"
935,936,8, Down     ,936, L   ,48,"(8, 48)"
936,937,8, Down     ,937, R   ,47,"(8, 47)"
937,938,8, Down     ,938, R   ,46,"(8, 46)"
938,939,8, Down     ,939, L   ,47,"(8, 47)"
939,940,8, Down     ,940, L   ,46,"(8, 46)"
940,941,8, Down     ,941, R   ,45,"(8, 45)"
941,942,8, Down     ,942, R   ,44,"(8, 44)"
942,943,8, Down     ,943, L   ,45,"(8, 45)"
943,944,8, Down     ,944, L   ,44,"(8, 44)"
944,945,8, Down     ,945, R   ,43,"(8, 43)"
945,946,8, Down     ,946, R   ,42,"(8, 42)"
946,947,8, Down     ,947, L   ,43,"(8, 43)"
947,948,8, Down     ,948, L   ,42,"(8, 42)"
948,949,8, Down     ,949, R   ,41,"(8, 41)"
949,950,8, Down     ,950, R   ,40,"(8, 40)"
950,951,8, Down     ,951, L   ,41,"(8, 41)"
951,952,8, Down     ,952, L   ,40,"(8, 40)"
952,953,8, Down     ,953, R   ,39,"(8, 39)"
953,954,8, Down     ,954, R   ,38,"(8, 38)"
954,955,8, Down     ,955, L   ,39,"(8, 39)"
955,956,8, Down     ,956, L   ,38,"(8, 38)"
956,957,8, Down     ,957, R   ,37,"(8, 37)"
957,958,8, Down     ,958, R   ,36,"(8, 36)"
958,959,8, Down     ,959, L   ,37,"(8, 37)"
959,960,8, Down     ,960, L   ,36,"(8, 36)"
960,961,8, Down     ,961, R   ,35,"(8, 35)"
961,962,8, Down     ,962, R   ,34,"(8, 34)"
962,963,8, Down     ,963, L   ,35,"(8, 35)"
963,964,8, Down     ,964, L   ,34,"(8, 34)"
964,965,8, Down     ,965, R   ,33,"(8, 33)"
965,966,8, Down     ,966, R   ,32,"(8, 32)"
966,967,8, Down     ,967, L   ,33,"(8, 33)"
967,968,8, Down     ,968, R   ,31,"(8, 31)"
968,969,8, Down     ,969, L   ,31,"(8, 31)"
969,970,8, Down     ,970, R   ,27,"(8, 27)"
970,971,8, Down     ,971, R   ,26,"(8, 26)"
971,972,8, Down     ,972, L   ,27,"(8, 27)"
972,973,8, Down     ,973, L   ,26,"(8, 26)"
973,974,8, Down     ,974, R   ,25,"(8, 25)"
974,975,8, Down     ,975, R   ,24,"(8, 24)"
975,976,8, Down     ,976, L   ,25,"(8, 25)"
976,977,8, Down     ,977, L   ,24,"(8, 24)"
977,978,8, Down     ,978, R   ,23,"(8, 23)"
978,979,8, Down     ,979, R   ,22,"(8, 22)"
979,980,8, Down     ,980, L   ,23,"(8, 23)"
980,981,8, Down     ,981, L   ,22,"(8, 22)"
981,982,8, Down     ,982, R   ,21,"(8, 21)"
982,983,8, Down     ,983, R   ,20,"(8, 20)"
983,984,8, Down     ,984, L   ,21,"(8, 21)"
984,985,8, Down     ,985, L   ,20,"(8, 20)"
985,986,8, Down     ,986, R   ,19,"(8, 19)"
986,987,8, Down     ,987, R   ,18,"(8, 18)"
987,988,8, Down     ,988, L   ,19,"(8, 19)"
988,989,8, Down     ,989, L   ,18,"(8, 18)"
989,990,8, Down     ,990, R   ,17,"(8, 17)"
990,991,8, Down     ,991, R   ,16,"(8, 16)"
991,992,8, Down     ,992, L   ,17,"(8, 17)"
992,993,8, Down     ,993, L   ,16,"(8, 16)"
993,994,8, Down     ,994, R   ,15,"(8, 15)"
994,995,8, Down     ,995, R   ,14,"(8, 14)"
995,996,8, Down     ,996, L   ,15,"(8, 15)"
996,997,8, Down     ,997, L   ,14,"(8, 14)"
997,998,8, Down     ,998, R   ,13,"(8, 13)"
998,999,8, Down     ,999, R   ,12,"(8, 12)"
999,1000,8, Down     ,1000, L   ,13,"(8, 13)"
1000,1001,8, Down     ,1001, L   ,12,"(8, 12)"
1001,1002,8, Down     ,1002, R   ,11,"(8, 11)"
1002,1003,8, Down     ,1003, R   ,10,"(8, 10)"
1003,1004,8, Down     ,1004, L   ,11,"(8, 11)"
1004,1005,8, Down     ,1005, R   ,9,"(8, 9)"
1005,1006,8, Down     ,1006, R   ,8,"(8, 8)"
1006,1007,8, Down     ,1007, L   ,9,"(8, 9)"
1007,1008,8, Down     ,1008, L   ,8,"(8, 8)"
1008,1009,8, Down     ,1009, R   ,7,"(8, 7)"
1009,1010,8, Down     ,1010, R   ,6,"(8, 6)"
1010,1011,8, Down     ,1011, L   ,7,"(8, 7)"
1011,1012,8, Down     ,1012, L   ,6,"(8, 6)"
1012,1013,8, Down     ,1013, R   ,5,"(8, 5)"
1013,1014,8, Down     ,1014, R   ,4,"(8, 4)"
1014,1015,8, Down     ,1015, L   ,5,"(8, 5)"
1015,1016,8, Down     ,1016, L   ,4,"(8, 4)"
1016,1017,8, Down     ,1017, R   ,3,"(8, 3)"
1017,1018,8, Down     ,1018, R   ,2,"(8, 2)"
1018,1019,8, Down     ,1019, L   ,3,"(8, 3)"
1019,1020,8, Down     ,1020, L   ,2,"(8, 2)"
1020,1021,9, Up       ,1021, R   ,2,"(9, 2)"
1021,1022,9, Up       ,1022, R   ,3,"(9, 3)"
1022,1023,9, Up       ,1023, L   ,2,"(9, 2)"
1023,1024,9, Up       ,1024, L   ,3,"(9, 3)"
1024,1025,9, Up       ,1025, R   ,4,"(9, 4)"
1025,1026,9, Up       ,1026, R   ,5,"(9, 5)"
1026,1027,9, Up       ,1027, L   ,4,"(9, 4)"
1027,1028,9, Up       ,1028, L   ,5,"(9, 5)"
1028,1029,9, Up       ,1029, R   ,6,"(9, 6)"
1029,1030,9, Up       ,1030, R   ,7,"(9, 7)"
1030,1031,9, Up       ,1031, L   ,6,"(9, 6)"
1031,1032,9, Up       ,1032, L   ,7,"(9, 7)"
1032,1033,9, Up       ,1033, R   ,8,"(9, 8)"
1033,1034,9, Up       ,1034, R   ,9,"(9, 9)"
1034,1035,9, Up       ,1035, L   ,8,"(9, 8)"
1035,1036,9, Up       ,1036, L   ,9,"(9, 9)"
1036,1037,9, Up       ,1037, R   ,10,"(9, 10)"
1037,1038,9, Up       ,1038, R   ,11,"(9, 11)"
1038,1039,9, Up       ,1039, L   ,10,"(9, 10)"
1039,1040,9, Up       ,1040, L   ,11,"(9, 11)"
1040,1041,9, Up       ,1041, R   ,12,"(9, 12)"
1041,1042,9, Up       ,1042, R   ,13,"(9, 13)"
1042,1043,9, Up       ,1043, L   ,12,"(9, 12)"
1043,1044,9, Up       ,1044, L   ,13,"(9, 13)"
1044,1045,9, Up       ,1045, R   ,14,"(9, 14)"
1045,1046,9, Up       ,1046, R   ,15,"(9, 15)"
1046,1047,9, Up       ,1047, L   ,14,"(9, 14)"
1047,1048,9, Up       ,1048, L   ,15,"(9, 15)"
1048,1049,9, Up       ,1049, R   ,16,"(9, 16)"
1049,1050,9, Up       ,1050, R   ,17,"(9, 17)"
1050,1051,9, Up       ,1051, L   ,16,"(9, 16)"
1051,1052,9, Up       ,1052, L   ,17,"(9, 17)"
1052,1053,9, Up       ,1053, R   ,18,"(9, 18)"
1053,1054,9, Up       ,1054, R   ,19,"(9, 19)"
1054,1055,9, Up       ,1055, L   ,18,"(9, 18)"
1055,1056,9, Up       ,1056, L   ,19,"(9, 19)"
1056,1057,9, Up       ,1057, R   ,20,"(9, 20)"
1057,1058,9, Up       ,1058, R   ,21,"(9, 21)"
1058,1059,9, Up       ,1059, L   ,20,"(9, 20)"
1059,1060,9, Up       ,1060, L   ,21,"(9, 21)"
1060,1061,9, Up       ,1061, R   ,22,"(9, 22)"
1061,1062,9, Up       ,1062, R   ,23,"(9, 23)"
1062,1063,9, Up       ,1063, L   ,22,"(9, 22)"
1063,1064,9, Up       ,1064, L   ,23,"(9, 23)"
1064,1065,9, Up       ,1065, R   ,24,"(9, 24)"
1065,1066,9, Up       ,1066, R   ,25,"(9, 25)"
1066,1067,9, Up       ,1067, L   ,24,"(9, 24)"
1067,1068,9, Up       ,1068, L   ,25,"(9, 25)"
1068,1069,9, Up       ,1069, R   ,26,"(9, 26)"
1069,1070,9, Up       ,1070, R   ,27,"(9, 27)"
1070,1071,9, Up       ,1071, L   ,26,"(9, 26)"
1071,1072,9, Up       ,1072, L   ,27,"(9, 27)"
1072,1073,9, Up       ,1073, R   ,31,"(9, 31)"
1073,1074,9, Up       ,1074, L   ,31,"(9, 31)"
1074,1075,9, Up       ,1075, R   ,32,"(9, 32)"
1075,1076,9, Up       ,1076, R   ,33,"(9, 33)"
1076,1077,9, Up       ,1077, L   ,32,"(9, 32)"
1077,1078,9, Up       ,1078, L   ,33,"(9, 33)"
1078,1079,9, Up       ,1079, R   ,34,"(9, 34)"
1079,1080,9, Up       ,1080, R   ,35,"(9, 35)"
1080,1081,9, Up       ,1081, L   ,34,"(9, 34)"
1081,1082,9, Up       ,1082, L   ,35,"(9, 35)"
1082,1083,9, Up       ,1083, R   ,36,"(9, 36)"
1083,1084,9, Up       ,1084, R   ,37,"(9, 37)"
1084,1085,9, Up       ,1085, L   ,36,"(9, 36)"
1085,1086,9, Up       ,1086, L   ,37,"(9, 37)"
1086,1087,9, Up       ,1087, R   ,38,"(9, 38)"
1087,1088,9, Up       ,1088, R   ,39,"(9, 39)"
1088,1089,9, Up       ,1089, L   ,38,"(9, 38)"
1089,1090,9, Up       ,1090, L   ,39,"(9, 39)"
1090,1091,9, Up       ,1091, R   ,40,"(9, 40)"
1091,1092,9, Up       ,1092, R   ,41,"(9, 41)"
1092,1093,9, Up       ,1093, L   ,40,"(9, 40)"
1093,1094,9, Up       ,1094, L   ,41,"(9, 41)"
1094,1095,9, Up       ,1095, R   ,42,"(9, 42)"
1095,1096,9, Up       ,1096, R   ,43,"(9, 43)"
1096,1097,9, Up       ,1097, L   ,42,"(9, 42)"
1097,1098,9, Up       ,1098, L   ,43,"(9, 43)"
1098,1099,9, Up       ,1099, R   ,44,"(9, 44)"
1099,1100,9, Up       ,1100, R   ,45,"(9, 45)"
1100,1101,9, Up       ,1101, L   ,44,"(9, 44)"
1101,1102,9, Up       ,1102, L   ,45,"(9, 45)"
1102,1103,9, Up       ,1103, R   ,46,"(9, 46)"
1103,1104,9, Up       ,1104, R   ,47,"(9, 47)"
1104,1105,9, Up       ,1105, L   ,46,"(9, 46)"
1105,1106,9, Up       ,1106, L   ,47,"(9, 47)"
1106,1107,9, Up       ,1107, R   ,48,"(9, 48)"
1107,1108,9, Up       ,1108, R   ,49,"(9, 49)"
1108,1109,9, Up       ,1109, L   ,48,"(9, 48)"
1109,1110,9, Up       ,1110, L   ,49,"(9, 49)"
1110,1111,9, Up       ,1111, R   ,50,"(9, 50)"
1111,1112,9, Up       ,1112, R   ,51,"(9, 51)"
1112,1113,9, Up       ,1113, L   ,50,"(9, 50)"
1113,1114,9, Up       ,1114, L   ,51,"(9, 51)"
1114,1115,9, Up       ,1115, R   ,52,"(9, 52)"
1115,1116,9, Up       ,1116, R   ,53,"(9, 53)"
1116,1117,9, Up       ,1117, L   ,52,"(9, 52)"
1117,1118,9, Up       ,1118, L   ,53,"(9, 53)"
1118,1119,9, Up       ,1119, R   ,54,"(9, 54)"
1119,1120,9, Up       ,1120, R   ,55,"(9, 55)"
1120,1121,9, Up       ,1121, L   ,54,"(9, 54)"
1121,1122,9, Up       ,1122, L   ,55,"(9, 55)"
1122,1123,9, Up       ,1123, R   ,56,"(9, 56)"
1123,1124,9, Up       ,1124, R   ,57,"(9, 57)"
1124,1125,9, Up       ,1125, L   ,56,"(9, 56)"
1125,1126,9, Up       ,1126, L   ,57,"(9, 57)"
1126,1127,9, Up       ,1127, R   ,58,"(9, 58)"
1127,1128,9, Up       ,1128, R   ,59,"(9, 59)"
1128,1129,9, Up       ,1129, L   ,58,"(9, 58)"
1129,1130,9, Up       ,1130, L   ,59,"(9, 59)"
1130,1131,9, Up       ,1131, R   ,60,"(9, 60)"
1131,1132,9, Up       ,1132, R   ,61,"(9, 61)"
1132,1133,9, Up       ,1133, L   ,60,"(9, 60)"
1133,1134,9, Up       ,1134, L   ,61,"(9, 61)"
1134,1135,10, Down     ,1135, R   ,61,"(10, 61)"
1135,1136,10, Down     ,1136, R   ,60,"(10, 60)"
1136,1137,10, Down     ,1137, L   ,61,"(10, 61)"
1137,1138,10, Down     ,1138, L   ,60,"(10, 60)"
1138,1139,10, Down     ,1139, R   ,59,"(10, 59)"
1139,1140,10, Down     ,1140, R   ,58,"(10, 58)"
1140,1141,10, Down     ,1141, L   ,59,"(10, 59)"
1141,1142,10, Down     ,1142, L   ,58,"(10, 58)"
1142,1143,10, Down     ,1143, R   ,57,"(10, 57)"
1143,1144,10, Down     ,1144, R   ,56,"(10, 56)"
1144,1145,10, Down     ,1145, L   ,57,"(10, 57)"
1145,1146,10, Down     ,1146, L   ,56,"(10, 56)"
1146,1147,10, Down     ,1147, R   ,55,"(10, 55)"
1147,1148,10, Down     ,1148, R   ,54,"(10, 54)"
1148,1149,10, Down     ,1149, L   ,55,"(10, 55)"
1149,1150,10, Down     ,1150, L   ,54,"(10, 54)"
1150,1151,10, Down     ,1151, R   ,53,"(10, 53)"
1151,1152,10, Down     ,1152, R   ,52,"(10, 52)"
1152,1153,10, Down     ,1153, L   ,53,"(10, 53)"
1153,1154,10, Down     ,1154, L   ,52,"(10, 52)"
1154,1155,10, Down     ,1155, R   ,51,"(10, 51)"
1155,1156,10, Down     ,1156, R   ,50,"(10, 50)"
1156,1157,10, Down     ,1157, L   ,51,"(10, 51)"
1157,1158,10, Down     ,1158, L   ,50,"(10, 50)"
1158,1159,10, Down     ,1159, R   ,49,"(10, 49)"
1159,1160,10, Down     ,1160, R   ,48,"(10, 48)"
1160,1161,10, Down     ,1161, L   ,49,"(10, 49)"
1161,1162,10, Down     ,1162, L   ,48,"(10, 48)"
1162,1163,10, Down     ,1163, R   ,47,"(10, 47)"
1163,1164,10, Down     ,1164, R   ,46,"(10, 46)"
1164,1165,10, Down     ,1165, L   ,47,"(10, 47)"
1165,1166,10, Down     ,1166, L   ,46,"(10, 46)"
1166,1167,10, Down     ,1167, R   ,45,"(10, 45)"
1167,1168,10, Down     ,1168, R   ,44,"(10, 44)"
1168,1169,10, Down     ,1169, L   ,45,"(10, 45)"
1169,1170,10, Down     ,1170, L   ,44,"(10, 44)"
1170,1171,10, Down     ,1171, R   ,43,"(10, 43)"
1171,1172,10, Down     ,1172, R   ,42,"(10, 42)"
1172,1173,10, Down     ,1173, L   ,43,"(10, 43)"
1173,1174,10, Down     ,1174, L   ,42,"(10, 42)"
1174,1175,10, Down     ,1175, R   ,41,"(10, 41)"
1175,1176,10, Down     ,1176, R   ,40,"(10, 40)"
1176,1177,10, Down     ,1177, L   ,41,"(10, 41)"
1177,1178,10, Down     ,1178, L   ,40,"(10, 40)"
1178,1179,10, Down     ,1179, R   ,39,"(10, 39)"
1179,1180,10, Down     ,1180, R   ,38,"(10, 38)"
1180,1181,10, Down     ,1181, L   ,39,"(10, 39)"
1181,1182,10, Down     ,1182, L   ,38,"(10, 38)"
1182,1183,10, Down     ,1183, R   ,37,"(10, 37)"
1183,1184,10, Down     ,1184, R   ,36,"(10, 36)"
1184,1185,10, Down     ,1185, L   ,37,"(10, 37)"
1185,1186,10, Down     ,1186, L   ,36,"(10, 36)"
1186,1187,10, Down     ,1187, R   ,35,"(10, 35)"
1187,1188,10, Down     ,1188, R   ,34,"(10, 34)"
1188,1189,10, Down     ,1189, L   ,35,"(10, 35)"
1189,1190,10, Down     ,1190, L   ,34,"(10, 34)"
1190,1191,10, Down     ,1191, R   ,33,"(10, 33)"
1191,1192,10, Down     ,1192, R   ,32,"(10, 32)"
1192,1193,10, Down     ,1193, L   ,33,"(10, 33)"
1193,1194,10, Down     ,1194, L   ,32,"(10, 32)"
1194,1195,10, Down     ,1195, R   ,31,"(10, 31)"
1195,1196,10, Down     ,1196, L   ,31,"(10, 31)"
1196,1197,10, Down     ,1197, R   ,27,"(10, 27)"
1197,1198,10, Down     ,1198, R   ,26,"(10, 26)"
1198,1199,10, Down     ,1199, L   ,27,"(10, 27)"
1199,1200,10, Down     ,1200, L   ,26,"(10, 26)"
1200,1201,10, Down     ,1201, R   ,25,"(10, 25)"
1201,1202,10, Down     ,1202, R   ,24,"(10, 24)"
1202,1203,10, Down     ,1203, L   ,25,"(10, 25)"
1203,1204,10, Down     ,1204, L   ,24,"(10, 24)"
1204,1205,10, Down     ,1205, R   ,23,"(10, 23)"
1205,1206,10, Down     ,1206, R   ,22,"(10, 22)"
1206,1207,10, Down     ,1207, L   ,23,"(10, 23)"
1207,1208,10, Down     ,1208, L   ,22,"(10, 22)"
1208,1209,10, Down     ,1209, R   ,21,"(10, 21)"
1209,1210,10, Down     ,1210, R   ,20,"(10, 20)"
1210,1211,10, Down     ,1211, L   ,21,"(10, 21)"
1211,1212,10, Down     ,1212, L   ,20,"(10, 20)"
1212,1213,10, Down     ,1213, R   ,19,"(10, 19)"
1213,1214,10, Down     ,1214, R   ,18,"(10, 18)"
1214,1215,10, Down     ,1215, L   ,19,"(10, 19)"
1215,1216,10, Down     ,1216, L   ,18,"(10, 18)"
1216,1217,10, Down     ,1217, R   ,17,"(10, 17)"
1217,1218,10, Down     ,1218, R   ,16,"(10, 16)"
1218,1219,10, Down     ,1219, L   ,17,"(10, 17)"
1219,1220,10, Down     ,1220, L   ,16,"(10, 16)"
1220,1221,10, Down     ,1221, R   ,15,"(10, 15)"
1221,1222,10, Down     ,1222, R   ,14,"(10, 14)"
1222,1223,10, Down     ,1223, L   ,15,"(10, 15)"
1223,1224,10, Down     ,1224, L   ,14,"(10, 14)"
1224,1225,10, Down     ,1225, R   ,13,"(10, 13)"
1225,1226,10, Down     ,1226, R   ,12,"(10, 12)"
1226,1227,10, Down     ,1227, L   ,13,"(10, 13)"
1227,1228,10, Down     ,1228, L   ,12,"(10, 12)"
1228,1229,10, Down     ,1229, R   ,11,"(10, 11)"
1229,1230,10, Down     ,1230, R   ,10,"(10, 10)"
1230,1231,10, Down     ,1231, L   ,11,"(10, 11)"
1231,1232,10, Down     ,1232, L   ,10,"(10, 10)"
1232,1233,10, Down     ,1233, R   ,9,"(10, 9)"
1233,1234,10, Down     ,1234, R   ,8,"(10, 8)"
1234,1235,10, Down     ,1235, L   ,9,"(10, 9)"
1235,1236,10, Down     ,1236, L   ,8,"(10, 8)"
1236,1237,10, Down     ,1237, R   ,7,"(10, 7)"
1237,1238,10, Down     ,1238, R   ,6,"(10, 6)"
1238,1239,10, Down     ,1239, L   ,7,"(10, 7)"
1239,1240,10, Down     ,1240, L   ,6,"(10, 6)"
1240,1241,10, Down     ,1241, R   ,5,"(10, 5)"
1241,1242,10, Down     ,1242, R   ,4,"(10, 4)"
1242,1243,10, Down     ,1243, L   ,5,"(10, 5)"
1243,1244,10, Down     ,1244, L   ,4,"(10, 4)"
1244,1245,10, Down     ,1245, R   ,3,"(10, 3)"
1245,1246,10, Down     ,1246, R   ,2,"(10, 2)"
1246,1247,10, Down     ,1247, L   ,3,"(10, 3)"
1247,1248,10, Down     ,1248, L   ,2,"(10, 2)"
1248,1249,11, Up       ,1249, R   ,2,"(11, 2)"
1249,1250,11, Up       ,1250, R   ,3,"(11, 3)"
1250,1251,11, Up       ,1251, L   ,2,"(11, 2)"
1251,1252,11, Up       ,1252, L   ,3,"(11, 3)"
1252,1253,11, Up       ,1253, R   ,4,"(11, 4)"
1253,1254,11, Up       ,1254, R   ,5,"(11, 5)"
1254,1255,11, Up       ,1255, L   ,4,"(11, 4)"
1255,1256,11, Up       ,1256, L   ,5,"(11, 5)"
1256,1257,11, Up       ,1257, R   ,6,"(11, 6)"
1257,1258,11, Up       ,1258, R   ,7,"(11, 7)"
1258,1259,11, Up       ,1259, L   ,6,"(11, 6)"
1259,1260,11, Up       ,1260, L   ,7,"(11, 7)"
1260,1261,11, Up       ,1261, R   ,8,"(11, 8)"
1261,1262,11, Up       ,1262, R   ,9,"(11, 9)"
1262,1263,11, Up       ,1263, L   ,8,"(11, 8)"
1263,1264,11, Up       ,1264, L   ,9,"(11, 9)"
1264,1265,11, Up       ,1265, R   ,11,"(11, 11)"
1265,1266,11, Up       ,1266, L   ,10,"(11, 10)"
1266,1267,11, Up       ,1267, L   ,11,"(11, 11)"
1267,1268,11, Up       ,1268, R   ,12,"(11, 12)"
1268,1269,11, Up       ,1269, R   ,13,"(11, 13)"
1269,1270,11, Up       ,1270, L   ,12,"(11, 12)"
1270,1271,11, Up       ,1271, L   ,13,"(11, 13)"
1271,1272,11, Up       ,1272, R   ,14,"(11, 14)"
1272,1273,11, Up       ,1273, R   ,15,"(11, 15)"
1273,1274,11, Up       ,1274, L   ,14,"(11, 14)"
1274,1275,11, Up       ,1275, L   ,15,"(11, 15)"
1275,1276,11, Up       ,1276, R   ,16,"(11, 16)"
1276,1277,11, Up       ,1277, R   ,17,"(11, 17)"
1277,1278,11, Up       ,1278, L   ,16,"(11, 16)"
1278,1279,11, Up       ,1279, L   ,17,"(11, 17)"
1279,1280,11, Up       ,1280, R   ,18,"(11, 18)"
1280,1281,11, Up       ,1281, R   ,19,"(11, 19)"
1281,1282,11, Up       ,1282, L   ,18,"(11, 18)"
1282,1283,11, Up       ,1283, L   ,19,"(11, 19)"
1283,1284,11, Up       ,1284, R   ,20,"(11, 20)"
1284,1285,11, Up       ,1285, R   ,21,"(11, 21)"
1285,1286,11, Up       ,1286, L   ,20,"(11, 20)"
1286,1287,11, Up       ,1287, L   ,21,"(11, 21)"
1287,1288,11, Up       ,1288, R   ,22,"(11, 22)"
1288,1289,11, Up       ,1289, R   ,23,"(11, 23)"
1289,1290,11, Up       ,1290, L   ,22,"(11, 22)"
1290,1291,11, Up       ,1291, L   ,23,"(11, 23)"
1291,1292,11, Up       ,1292, R   ,24,"(11, 24)"
1292,1293,11, Up       ,1293, R   ,25,"(11, 25)"
1293,1294,11, Up       ,1294, L   ,24,"(11, 24)"
1294,1295,11, Up       ,1295, L   ,25,"(11, 25)"
1295,1296,11, Up       ,1296, R   ,26,"(11, 26)"
1296,1297,11, Up       ,1297, R   ,27,"(11, 27)"
1297,1298,11, Up       ,1298, L   ,26,"(11, 26)"
1298,1299,11, Up       ,1299, L   ,27,"(11, 27)"
1299,1300,11, Up       ,1300, R   ,31,"(11, 31)"
1300,1301,11, Up       ,1301, L   ,31,"(11, 31)"
1301,1302,11, Up       ,1302, R   ,33,"(11, 33)"
1302,1303,11, Up       ,1303, L   ,32,"(11, 32)"
1303,1304,11, Up       ,1304, L   ,33,"(11, 33)"
1304,1305,11, Up       ,1305, R   ,34,"(11, 34)"
1305,1306,11, Up       ,1306, R   ,35,"(11, 35)"
1306,1307,11, Up       ,1307, L   ,34,"(11, 34)"
1307,1308,11, Up       ,1308, L   ,35,"(11, 35)"
1308,1309,11, Up       ,1309, R   ,36,"(11, 36)"
1309,1310,11, Up       ,1310, R   ,37,"(11, 37)"
1310,1311,11, Up       ,1311, L   ,36,"(11, 36)"
1311,1312,11, Up       ,1312, L   ,37,"(11, 37)"
1312,1313,11, Up       ,1313, R   ,38,"(11, 38)"
1313,1314,11, Up       ,1314, R   ,39,"(11, 39)"
1314,1315,11, Up       ,1315, L   ,38,"(11, 38)"
1315,1316,11, Up       ,1316, L   ,39,"(11, 39)"
1316,1317,11, Up       ,1317, R   ,40,"(11, 40)"
1317,1318,11, Up       ,1318, R   ,41,"(11, 41)"
1318,1319,11, Up       ,1319, L   ,40,"(11, 40)"
1319,1320,11, Up       ,1320, L   ,41,"(11, 41)"
1320,1321,11, Up       ,1321, R   ,42,"(11, 42)"
1321,1322,11, Up       ,1322, R   ,43,"(11, 43)"
1322,1323,11, Up       ,1323, L   ,42,"(11, 42)"
1323,1324,11, Up       ,1324, L   ,43,"(11, 43)"
1324,1325,11, Up       ,1325, R   ,44,"(11, 44)"
1325,1326,11, Up       ,1326, R   ,45,"(11, 45)"
1326,1327,11, Up       ,1327, L   ,44,"(11, 44)"
1327,1328,11, Up       ,1328, L   ,45,"(11, 45)"
1328,1329,11, Up       ,1329, R   ,46,"(11, 46)"
1329,1330,11, Up       ,1330, R   ,47,"(11, 47)"
1330,1331,11, Up       ,1331, L   ,46,"(11, 46)"
1331,1332,11, Up       ,1332, L   ,47,"(11, 47)"
1332,1333,11, Up       ,1333, R   ,48,"(11, 48)"
1333,1334,11, Up       ,1334, R   ,49,"(11, 49)"
1334,1335,11, Up       ,1335, L   ,48,"(11, 48)"
1335,1336,11, Up       ,1336, L   ,49,"(11, 49)"
1336,1337,11, Up       ,1337, R   ,50,"(11, 50)"
1337,1338,11, Up       ,1338, R   ,51,"(11, 51)"
1338,1339,11, Up       ,1339, L   ,50,"(11, 50)"
1339,1340,11, Up       ,1340, L   ,51,"(11, 51)"
1340,1341,11, Up       ,1341, R   ,52,"(11, 52)"
1341,1342,11, Up       ,1342, R   ,53,"(11, 53)"
1342,1343,11, Up       ,1343, L   ,52,"(11, 52)"
1343,1344,11, Up       ,1344, L   ,53,"(11, 53)"
1344,1345,11, Up       ,1345, R   ,54,"(11, 54)"
1345,1346,11, Up       ,1346, L   ,54,"(11, 54)"
1346,1347,11, Up       ,1347, L   ,55,"(11, 55)"
1347,1348,11, Up       ,1348, R   ,56,"(11, 56)"
1348,1349,11, Up       ,1349, R   ,57,"(11, 57)"
1349,1350,11, Up       ,1350, L   ,56,"(11, 56)"
1350,1351,11, Up       ,1351, L   ,57,"(11, 57)"
1351,1352,11, Up       ,1352, R   ,58,"(11, 58)"
1352,1353,11, Up       ,1353, R   ,59,"(11, 59)"
1353,1354,11, Up       ,1354, L   ,58,"(11, 58)"
1354,1355,11, Up       ,1355, L   ,59,"(11, 59)"
1355,1356,11, Up       ,1356, R   ,60,"(11, 60)"
1356,1357,11, Up       ,1357, R   ,61,"(11, 61)"
1357,1358,11, Up       ,1358, L   ,60,"(11, 60)"
1358,1359,11, Up       ,1359, L   ,61,"(11, 61)"
1359,1360,12, Down     ,1360, R   ,61,"(12, 61)"
1360,1361,12, Down     ,1361, R   ,60,"(12, 60)"
1361,1362,12, Down     ,1362, L   ,61,"(12, 61)"
1362,1363,12, Down     ,1363, L   ,60,"(12, 60)"
1363,1364,12, Down     ,1364, R   ,59,"(12, 59)"
1364,1365,12, Down     ,1365, R   ,58,"(12, 58)"
1365,1366,12, Down     ,1366, L   ,59,"(12, 59)"
1366,1367,12, Down     ,1367, L   ,58,"(12, 58)"
1367,1368,12, Down     ,1368, R   ,57,"(12, 57)"
1368,1369,12, Down     ,1369, R   ,56,"(12, 56)"
1369,1370,12, Down     ,1370, L   ,57,"(12, 57)"
1370,1371,12, Down     ,1371, L   ,56,"(12, 56)"
1371,1372,12, Down     ,1372, R   ,55,"(12, 55)"
1372,1373,12, Down     ,1373, R   ,54,"(12, 54)"
1373,1374,12, Down     ,1374, L   ,55,"(12, 55)"
1374,1375,12, Down     ,1375, L   ,54,"(12, 54)"
1375,1376,12, Down     ,1376, R   ,53,"(12, 53)"
1376,1377,12, Down     ,1377, R   ,52,"(12, 52)"
1377,1378,12, Down     ,1378, L   ,53,"(12, 53)"
1378,1379,12, Down     ,1379, L   ,52,"(12, 52)"
1379,1380,12, Down     ,1380, R   ,51,"(12, 51)"
1380,1381,12, Down     ,1381, R   ,50,"(12, 50)"
1381,1382,12, Down     ,1382, L   ,51,"(12, 51)"
1382,1383,12, Down     ,1383, L   ,50,"(12, 50)"
1383,1384,12, Down     ,1384, R   ,49,"(12, 49)"
1384,1385,12, Down     ,1385, R   ,48,"(12, 48)"
1385,1386,12, Down     ,1386, L   ,49,"(12, 49)"
1386,1387,12, Down     ,1387, L   ,48,"(12, 48)"
1387,1388,12, Down     ,1388, R   ,47,"(12, 47)"
1388,1389,12, Down     ,1389, R   ,46,"(12, 46)"
1389,1390,12, Down     ,1390, L   ,47,"(12, 47)"
1390,1391,12, Down     ,1391, L   ,46,"(12, 46)"
1391,1392,12, Down     ,1392, R   ,45,"(12, 45)"
1392,1393,12, Down     ,1393, R   ,44,"(12, 44)"
1393,1394,12, Down     ,1394, L   ,45,"(12, 45)"
1394,1395,12, Down     ,1395, L   ,44,"(12, 44)"
1395,1396,12, Down     ,1396, R   ,43,"(12, 43)"
1396,1397,12, Down     ,1397, R   ,42,"(12, 42)"
1397,1398,12, Down     ,1398, L   ,43,"(12, 43)"
1398,1399,12, Down     ,1399, L   ,42,"(12, 42)"
1399,1400,12, Down     ,1400, R   ,41,"(12, 41)"
1400,1401,12, Down     ,1401, R   ,40,"(12, 40)"
1401,1402,12, Down     ,1402, L   ,41,"(12, 41)"
1402,1403,12, Down     ,1403, L   ,40,"(12, 40)"
1403,1404,12, Down     ,1404, R   ,39,"(12, 39)"
1404,1405,12, Down     ,1405, R   ,38,"(12, 38)"
1405,1406,12, Down     ,1406, L   ,39,"(12, 39)"
1406,1407,12, Down     ,1407, L   ,38,"(12, 38)"
1407,1408,12, Down     ,1408, R   ,37,"(12, 37)"
1408,1409,12, Down     ,1409, R   ,36,"(12, 36)"
1409,1410,12, Down     ,1410, L   ,37,"(12, 37)"
1410,1411,12, Down     ,1411, L   ,36,"(12, 36)"
1411,1412,12, Down     ,1412, R   ,35,"(12, 35)"
1412,1413,12, Down     ,1413, R   ,34,"(12, 34)"
1413,1414,12, Down     ,1414, L   ,35,"(12, 35)"
1414,1415,12, Down     ,1415, L   ,34,"(12, 34)"
1415,1416,12, Down     ,1416, R   ,33,"(12, 33)"
1416,1417,12, Down     ,1417, R   ,32,"(12, 32)"
1417,1418,12, Down     ,1418, L   ,33,"(12, 33)"
1418,1419,12, Down     ,1419, L   ,32,"(12, 32)"
1419,1420,12, Down     ,1420, R   ,31,"(12, 31)"
1420,1421,12, Down     ,1421, L   ,31,"(12, 31)"
1421,1422,12, Down     ,1422, R   ,27,"(12, 27)"
1422,1423,12, Down     ,1423, R   ,26,"(12, 26)"
1423,1424,12, Down     ,1424, L   ,27,"(12, 27)"
1424,1425,12, Down     ,1425, L   ,26,"(12, 26)"
1425,1426,12, Down     ,1426, R   ,25,"(12, 25)"
1426,1427,12, Down     ,1427, R   ,24,"(12, 24)"
1427,1428,12, Down     ,1428, L   ,25,"(12, 25)"
1428,1429,12, Down     ,1429, L   ,24,"(12, 24)"
1429,1430,12, Down     ,1430, R   ,23,"(12, 23)"
1430,1431,12, Down     ,1431, R   ,22,"(12, 22)"
1431,1432,12, Down     ,1432, L   ,23,"(12, 23)"
1432,1433,12, Down     ,1433, L   ,22,"(12, 22)"
1433,1434,12, Down     ,1434, R   ,21,"(12, 21)"
1434,1435,12, Down     ,1435, R   ,20,"(12, 20)"
1435,1436,12, Down     ,1436, L   ,21,"(12, 21)"
1436,1437,12, Down     ,1437, L   ,20,"(12, 20)"
1437,1438,12, Down     ,1438, R   ,19,"(12, 19)"
1438,1439,12, Down     ,1439, R   ,18,"(12, 18)"
1439,1440,12, Down     ,1440, L   ,19,"(12, 19)"
1440,1441,12, Down     ,1441, L   ,18,"(12, 18)"
1441,1442,12, Down     ,1442, R   ,17,"(12, 17)"
1442,1443,12, Down     ,1443, R   ,16,"(12, 16)"
1443,1444,12, Down     ,1444, L   ,17,"(12, 17)"
1444,1445,12, Down     ,1445, L   ,16,"(12, 16)"
1445,1446,12, Down     ,1446, R   ,15,"(12, 15)"
1446,1447,12, Down     ,1447, R   ,14,"(12, 14)"
1447,1448,12, Down     ,1448, L   ,15,"(12, 15)"
1448,1449,12, Down     ,1449, L   ,14,"(12, 14)"
1449,1450,12, Down     ,1450, R   ,13,"(12, 13)"
1450,1451,12, Down     ,1451, R   ,12,"(12, 12)"
1451,1452,12, Down     ,1452, L   ,13,"(12, 13)"
1452,1453,12, Down     ,1453, L   ,12,"(12, 12)"
1453,1454,12, Down     ,1454, R   ,11,"(12, 11)"
1454,1455,12, Down     ,1455, R   ,10,"(12, 10)"
1455,1456,12, Down     ,1456, L   ,11,"(12, 11)"
1456,1457,12, Down     ,1457, L   ,10,"(12, 10)"
1457,1458,12, Down     ,1458, R   ,9,"(12, 9)"
1458,1459,12, Down     ,1459, R   ,8,"(12, 8)"
1459,1460,12, Down     ,1460, L   ,9,"(12, 9)"
1460,1461,12, Down     ,1461, L   ,8,"(12, 8)"
1461,1462,12, Down     ,1462, R   ,7,"(12, 7)"
1462,1463,12, Down     ,1463, R   ,6,"(12, 6)"
1463,1464,12, Down     ,1464, L   ,7,"(12, 7)"
1464,1465,12, Down     ,1465, L   ,6,"(12, 6)"
1465,1466,12, Down     ,1466, R   ,5,"(12, 5)"
1466,1467,12, Down     ,1467, R   ,4,"(12, 4)"
1467,1468,12, Down     ,1468, L   ,5,"(12, 5)"
1468,1469,12, Down     ,1469, L   ,4,"(12, 4)"
1469,1470,12, Down     ,1470, R   ,3,"(12, 3)"
1470,1471,12, Down     ,1471, R   ,2,"(12, 2)"
1471,1472,12, Down     ,1472, L   ,3,"(12, 3)"
1472,1473,12, Down     ,1473, L   ,2,"(12, 2)"
1473,1474,13, Up       ,1474, R   ,2,"(13, 2)"
1474,1475,13, Up       ,1475, R   ,3,"(13, 3)"
1475,1476,13, Up       ,1476, L   ,2,"(13, 2)"
1476,1477,13, Up       ,1477, L   ,3,"(13, 3)"
1477,1478,13, Up       ,1478, R   ,4,"(13, 4)"
1478,1479,13, Up       ,1479, R   ,5,"(13, 5)"
1479,1480,13, Up       ,1480, L   ,4,"(13, 4)"
1480,1481,13, Up       ,1481, L   ,5,"(13, 5)"
1481,1482,13, Up       ,1482, R   ,6,"(13, 6)"
1482,1483,13, Up       ,1483, R   ,7,"(13, 7)"
1483,1484,13, Up       ,1484, L   ,6,"(13, 6)"
1484,1485,13, Up       ,1485, L   ,7,"(13, 7)"
1485,1486,13, Up       ,1486, R   ,8,"(13, 8)"
1486,1487,13, Up       ,1487, R   ,9,"(13, 9)"
1487,1488,13, Up       ,1488, L   ,8,"(13, 8)"
1488,1489,13, Up       ,1489, L   ,9,"(13, 9)"
1489,1490,13, Up       ,1490, R   ,10,"(13, 10)"
1490,1491,13, Up       ,1491, R   ,11,"(13, 11)"
1491,1492,13, Up       ,1492, L   ,10,"(13, 10)"
1492,1493,13, Up       ,1493, L   ,11,"(13, 11)"
1493,1494,13, Up       ,1494, R   ,12,"(13, 12)"
1494,1495,13, Up       ,1495, R   ,13,"(13, 13)"
1495,1496,13, Up       ,1496, L   ,12,"(13, 12)"
1496,1497,13, Up       ,1497, L   ,13,"(13, 13)"
1497,1498,13, Up       ,1498, R   ,14,"(13, 14)"
1498,1499,13, Up       ,1499, R   ,15,"(13, 15)"
1499,1500,13, Up       ,1500, L   ,14,"(13, 14)"
1500,1501,13, Up       ,1501, L   ,15,"(13, 15)"
1501,1502,13, Up       ,1502, R   ,16,"(13, 16)"
1502,1503,13, Up       ,1503, R   ,17,"(13, 17)"
1503,1504,13, Up       ,1504, L   ,16,"(13, 16)"
1504,1505,13, Up       ,1505, L   ,17,"(13, 17)"
1505,1506,13, Up       ,1506, R   ,18,"(13, 18)"
1506,1507,13, Up       ,1507, R   ,19,"(13, 19)"
1507,1508,13, Up       ,1508, L   ,18,"(13, 18)"
1508,1509,13, Up       ,1509, L   ,19,"(13, 19)"
1509,1510,13, Up       ,1510, R   ,20,"(13, 20)"
1510,1511,13, Up       ,1511, R   ,21,"(13, 21)"
1511,1512,13, Up       ,1512, L   ,20,"(13, 20)"
1512,1513,13, Up       ,1513, L   ,21,"(13, 21)"
1513,1514,13, Up       ,1514, R   ,22,"(13, 22)"
1514,1515,13, Up       ,1515, R   ,23,"(13, 23)"
1515,1516,13, Up       ,1516, L   ,22,"(13, 22)"
1516,1517,13, Up       ,1517, L   ,23,"(13, 23)"
1517,1518,13, Up       ,1518, R   ,24,"(13, 24)"
1518,1519,13, Up       ,1519, R   ,25,"(13, 25)"
1519,1520,13, Up       ,1520, L   ,24,"(13, 24)"
1520,1521,13, Up       ,1521, L   ,25,"(13, 25)"
1521,1522,13, Up       ,1522, R   ,26,"(13, 26)"
1522,1523,13, Up       ,1523, R   ,27,"(13, 27)"
1523,1524,13, Up       ,1524, L   ,26,"(13, 26)"
1524,1525,13, Up       ,1525, L   ,27,"(13, 27)"
1525,1526,13, Up       ,1526, R   ,31,"(13, 31)"
1526,1527,13, Up       ,1527, L   ,31,"(13, 31)"
1527,1528,13, Up       ,1528, R   ,32,"(13, 32)"
1528,1529,13, Up       ,1529, R   ,33,"(13, 33)"
1529,1530,13, Up       ,1530, L   ,32,"(13, 32)"
1530,1531,13, Up       ,1531, L   ,33,"(13, 33)"
1531,1532,13, Up       ,1532, R   ,34,"(13, 34)"
1532,1533,13, Up       ,1533, R   ,35,"(13, 35)"
1533,1534,13, Up       ,1534, L   ,34,"(13, 34)"
1534,1535,13, Up       ,1535, L   ,35,"(13, 35)"
1535,1536,13, Up       ,1536, R   ,36,"(13, 36)"
1536,1537,13, Up       ,1537, R   ,37,"(13, 37)"
1537,1538,13, Up       ,1538, L   ,36,"(13, 36)"
1538,1539,13, Up       ,1539, L   ,37,"(13, 37)"
1539,1540,13, Up       ,1540, R   ,38,"(13, 38)"
1540,1541,13, Up       ,1541, R   ,39,"(13, 39)"
1541,1542,13, Up       ,1542, L   ,38,"(13, 38)"
1542,1543,13, Up       ,1543, L   ,39,"(13, 39)"
1543,1544,13, Up       ,1544, R   ,40,"(13, 40)"
1544,1545,13, Up       ,1545, R   ,41,"(13, 41)"
1545,1546,13, Up       ,1546, L   ,40,"(13, 40)"
1546,1547,13, Up       ,1547, L   ,41,"(13, 41)"
1547,1548,13, Up       ,1548, R   ,42,"(13, 42)"
1548,1549,13, Up       ,1549, R   ,43,"(13, 43)"
1549,1550,13, Up       ,1550, L   ,42,"(13, 42)"
1550,1551,13, Up       ,1551, L   ,43,"(13, 43)"
1551,1552,13, Up       ,1552, R   ,44,"(13, 44)"
1552,1553,13, Up       ,1553, R   ,45,"(13, 45)"
1553,1554,13, Up       ,1554, L   ,44,"(13, 44)"
1554,1555,13, Up       ,1555, L   ,45,"(13, 45)"
1555,1556,13, Up       ,1556, R   ,46,"(13, 46)"
1556,1557,13, Up       ,1557, R   ,47,"(13, 47)"
1557,1558,13, Up       ,1558, L   ,46,"(13, 46)"
1558,1559,13, Up       ,1559, L   ,47,"(13, 47)"
1559,1560,13, Up       ,1560, R   ,48,"(13, 48)"
1560,1561,13, Up       ,1561, R   ,49,"(13, 49)"
1561,1562,13, Up       ,1562, L   ,48,"(13, 48)"
1562,1563,13, Up       ,1563, L   ,49,"(13, 49)"
1563,1564,13, Up       ,1564, R   ,50,"(13, 50)"
1564,1565,13, Up       ,1565, R   ,51,"(13, 51)"
1565,1566,13, Up       ,1566, L   ,50,"(13, 50)"
1566,1567,13, Up       ,1567, L   ,51,"(13, 51)"
1567,1568,13, Up       ,1568, R   ,52,"(13, 52)"
1568,1569,13, Up       ,1569, R   ,53,"(13, 53)"
1569,1570,13, Up       ,1570, L   ,52,"(13, 52)"
1570,1571,13, Up       ,1571, L   ,53,"(13, 53)"
1571,1572,13, Up       ,1572, R   ,54,"(13, 54)"
1572,1573,13, Up       ,1573, R   ,55,"(13, 55)"
1573,1574,13, Up       ,1574, L   ,54,"(13, 54)"
1574,1575,13, Up       ,1575, L   ,55,"(13, 55)"
1575,1576,13, Up       ,1576, R   ,56,"(13, 56)"
1576,1577,13, Up       ,1577, R   ,57,"(13, 57)"
1577,1578,13, Up       ,1578, L   ,56,"(13, 56)"
1578,1579,13, Up       ,1579, L   ,57,"(13, 57)"
1579,1580,13, Up       ,1580, R   ,58,"(13, 58)"
1580,1581,13, Up       ,1581, R   ,59,"(13, 59)"
1581,1582,13, Up       ,1582, L   ,58,"(13, 58)"
1582,1583,13, Up       ,1583, L   ,59,"(13, 59)"
1583,1584,13, Up       ,1584, R   ,60,"(13, 60)"
1584,1585,13, Up       ,1585, R   ,61,"(13, 61)"
1585,1586,13, Up       ,1586, L   ,60,"(13, 60)"
1586,1587,13, Up       ,1587, L   ,61,"(13, 61)"
1587,1588,14, Down     ,1588, R   ,61,"(14, 61)"
1588,1589,14, Down     ,1589, R   ,60,"(14, 60)"
1589,1590,14, Down     ,1590, L   ,61,"(14, 61)"
1590,1591,14, Down     ,1591, L   ,60,"(14, 60)"
1591,1592,14, Down     ,1592, R   ,59,"(14, 59)"
1592,1593,14, Down     ,1593, R   ,58,"(14, 58)"
1593,1594,14, Down     ,1594, L   ,59,"(14, 59)"
1594,1595,14, Down     ,1595, L   ,58,"(14, 58)"
1595,1596,14, Down     ,1596, R   ,57,"(14, 57)"
1596,1597,14, Down     ,1597, R   ,56,"(14, 56)"
1597,1598,14, Down     ,1598, L   ,57,"(14, 57)"
1598,1599,14, Down     ,1599, L   ,56,"(14, 56)"
1599,1600,14, Down     ,1600, R   ,55,"(14, 55)"
1600,1601,14, Down     ,1601, R   ,54,"(14, 54)"
1601,1602,14, Down     ,1602, L   ,54,"(14, 54)"
1602,1603,14, Down     ,1603, R   ,53,"(14, 53)"
1603,1604,14, Down     ,1604, R   ,52,"(14, 52)"
1604,1605,14, Down     ,1605, L   ,53,"(14, 53)"
1605,1606,14, Down     ,1606, L   ,52,"(14, 52)"
1606,1607,14, Down     ,1607, R   ,51,"(14, 51)"
1607,1608,14, Down     ,1608, R   ,50,"(14, 50)"
1608,1609,14, Down     ,1609, L   ,51,"(14, 51)"
1609,1610,14, Down     ,1610, L   ,50,"(14, 50)"
1610,1611,14, Down     ,1611, R   ,49,"(14, 49)"
1611,1612,14, Down     ,1612, R   ,48,"(14, 48)"
1612,1613,14, Down     ,1613, L   ,49,"(14, 49)"
1613,1614,14, Down     ,1614, L   ,48,"(14, 48)"
1614,1615,14, Down     ,1615, R   ,47,"(14, 47)"
1615,1616,14, Down     ,1616, R   ,46,"(14, 46)"
1616,1617,14, Down     ,1617, L   ,47,"(14, 47)"
1617,1618,14, Down     ,1618, L   ,46,"(14, 46)"
1618,1619,14, Down     ,1619, R   ,45,"(14, 45)"
1619,1620,14, Down     ,1620, R   ,44,"(14, 44)"
1620,1621,14, Down     ,1621, L   ,45,"(14, 45)"
1621,1622,14, Down     ,1622, L   ,44,"(14, 44)"
1622,1623,14, Down     ,1623, R   ,43,"(14, 43)"
1623,1624,14, Down     ,1624, R   ,42,"(14, 42)"
1624,1625,14, Down     ,1625, L   ,43,"(14, 43)"
1625,1626,14, Down     ,1626, L   ,42,"(14, 42)"
1626,1627,14, Down     ,1627, R   ,41,"(14, 41)"
1627,1628,14, Down     ,1628, R   ,40,"(14, 40)"
1628,1629,14, Down     ,1629, L   ,41,"(14, 41)"
1629,1630,14, Down     ,1630, L   ,40,"(14, 40)"
1630,1631,14, Down     ,1631, R   ,39,"(14, 39)"
1631,1632,14, Down     ,1632, R   ,38,"(14, 38)"
1632,1633,14, Down     ,1633, L   ,39,"(14, 39)"
1633,1634,14, Down     ,1634, L   ,38,"(14, 38)"
1634,1635,14, Down     ,1635, R   ,37,"(14, 37)"
1635,1636,14, Down     ,1636, R   ,36,"(14, 36)"
1636,1637,14, Down     ,1637, L   ,37,"(14, 37)"
1637,1638,14, Down     ,1638, L   ,36,"(14, 36)"
1638,1639,14, Down     ,1639, R   ,35,"(14, 35)"
1639,1640,14, Down     ,1640, R   ,34,"(14, 34)"
1640,1641,14, Down     ,1641, L   ,35,"(14, 35)"
1641,1642,14, Down     ,1642, L   ,34,"(14, 34)"
1642,1643,14, Down     ,1643, R   ,33,"(14, 33)"
1643,1644,14, Down     ,1644, R   ,32,"(14, 32)"
1644,1645,14, Down     ,1645, L   ,33,"(14, 33)"
1645,1646,14, Down     ,1646, R   ,31,"(14, 31)"
1646,1647,14, Down     ,1647, L   ,31,"(14, 31)"
1647,1648,14, Down     ,1648, R   ,27,"(14, 27)"
1648,1649,14, Down     ,1649, R   ,26,"(14, 26)"
1649,1650,14, Down     ,1650, L   ,27,"(14, 27)"
1650,1651,14, Down     ,1651, L   ,26,"(14, 26)"
1651,1652,14, Down     ,1652, R   ,25,"(14, 25)"
1652,1653,14, Down     ,1653, R   ,24,"(14, 24)"
1653,1654,14, Down     ,1654, L   ,25,"(14, 25)"
1654,1655,14, Down     ,1655, L   ,24,"(14, 24)"
1655,1656,14, Down     ,1656, R   ,23,"(14, 23)"
1656,1657,14, Down     ,1657, R   ,22,"(14, 22)"
1657,1658,14, Down     ,1658, L   ,23,"(14, 23)"
1658,1659,14, Down     ,1659, L   ,22,"(14, 22)"
1659,1660,14, Down     ,1660, R   ,21,"(14, 21)"
1660,1661,14, Down     ,1661, R   ,20,"(14, 20)"
1661,1662,14, Down     ,1662, L   ,21,"(14, 21)"
1662,1663,14, Down     ,1663, L   ,20,"(14, 20)"
1663,1664,14, Down     ,1664, R   ,19,"(14, 19)"
1664,1665,14, Down     ,1665, R   ,18,"(14, 18)"
1665,1666,14, Down     ,1666, L   ,19,"(14, 19)"
1666,1667,14, Down     ,1667, L   ,18,"(14, 18)"
1667,1668,14, Down     ,1668, R   ,17,"(14, 17)"
1668,1669,14, Down     ,1669, R   ,16,"(14, 16)"
1669,1670,14, Down     ,1670, L   ,17,"(14, 17)"
1670,1671,14, Down     ,1671, L   ,16,"(14, 16)"
1671,1672,14, Down     ,1672, R   ,15,"(14, 15)"
1672,1673,14, Down     ,1673, R   ,14,"(14, 14)"
1673,1674,14, Down     ,1674, L   ,15,"(14, 15)"
1674,1675,14, Down     ,1675, L   ,14,"(14, 14)"
1675,1676,14, Down     ,1676, R   ,13,"(14, 13)"
1676,1677,14, Down     ,1677, R   ,12,"(14, 12)"
1677,1678,14, Down     ,1678, L   ,13,"(14, 13)"
1678,1679,14, Down     ,1679, L   ,12,"(14, 12)"
1679,1680,14, Down     ,1680, R   ,11,"(14, 11)"
1680,1681,14, Down     ,1681, R   ,10,"(14, 10)"
1681,1682,14, Down     ,1682, L   ,11,"(14, 11)"
1682,1683,14, Down     ,1683, R   ,9,"(14, 9)"
1683,1684,14, Down     ,1684, R   ,8,"(14, 8)"
1684,1685,14, Down     ,1685, L   ,9,"(14, 9)"
1685,1686,14, Down     ,1686, L   ,8,"(14, 8)"
1686,1687,14, Down     ,1687, R   ,7,"(14, 7)"
1687,1688,14, Down     ,1688, R   ,6,"(14, 6)"
1688,1689,14, Down     ,1689, L   ,7,"(14, 7)"
1689,1690,14, Down     ,1690, L   ,6,"(14, 6)"
1690,1691,14, Down     ,1691, R   ,5,"(14, 5)"
1691,1692,14, Down     ,1692, R   ,4,"(14, 4)"
1692,1693,14, Down     ,1693, L   ,5,"(14, 5)"
1693,1694,14, Down     ,1694, L   ,4,"(14, 4)"
1694,1695,14, Down     ,1695, R   ,3,"(14, 3)"
1695,1696,14, Down     ,1696, R   ,2,"(14, 2)"
1696,1697,14, Down     ,1697, L   ,3,"(14, 3)"
1697,1698,14, Down     ,1698, L   ,2,"(14, 2)"
1698,1699,15, Up       ,1699, R   ,2,"(15, 2)"
1699,1700,15, Up       ,1700, R   ,3,"(15, 3)"
1700,1701,15, Up       ,1701, L   ,2,"(15, 2)"
1701,1702,15, Up       ,1702, L   ,3,"(15, 3)"
1702,1703,15, Up       ,1703, R   ,4,"(15, 4)"
1703,1704,15, Up       ,1704, R   ,5,"(15, 5)"
1704,1705,15, Up       ,1705, L   ,4,"(15, 4)"
1705,1706,15, Up       ,1706, L   ,5,"(15, 5)"
1706,1707,15, Up       ,1707, R   ,6,"(15, 6)"
1707,1708,15, Up       ,1708, R   ,7,"(15, 7)"
1708,1709,15, Up       ,1709, L   ,6,"(15, 6)"
1709,1710,15, Up       ,1710, L   ,7,"(15, 7)"
1710,1711,15, Up       ,1711, R   ,8,"(15, 8)"
1711,1712,15, Up       ,1712, R   ,9,"(15, 9)"
1712,1713,15, Up       ,1713, L   ,8,"(15, 8)"
1713,1714,15, Up       ,1714, L   ,9,"(15, 9)"
1714,1715,15, Up       ,1715, R   ,10,"(15, 10)"
1715,1716,15, Up       ,1716, R   ,11,"(15, 11)"
1716,1717,15, Up       ,1717, L   ,10,"(15, 10)"
1717,1718,15, Up       ,1718, L   ,11,"(15, 11)"
1718,1719,15, Up       ,1719, R   ,12,"(15, 12)"
1719,1720,15, Up       ,1720, R   ,13,"(15, 13)"
1720,1721,15, Up       ,1721, L   ,12,"(15, 12)"
1721,1722,15, Up       ,1722, L   ,13,"(15, 13)"
1722,1723,15, Up       ,1723, R   ,14,"(15, 14)"
1723,1724,15, Up       ,1724, R   ,15,"(15, 15)"
1724,1725,15, Up       ,1725, L   ,14,"(15, 14)"
1725,1726,15, Up       ,1726, L   ,15,"(15, 15)"
1726,1727,15, Up       ,1727, R   ,16,"(15, 16)"
1727,1728,15, Up       ,1728, R   ,17,"(15, 17)"
1728,1729,15, Up       ,1729, L   ,16,"(15, 16)"
1729,1730,15, Up       ,1730, L   ,17,"(15, 17)"
1730,1731,15, Up       ,1731, R   ,18,"(15, 18)"
1731,1732,15, Up       ,1732, R   ,19,"(15, 19)"
1732,1733,15, Up       ,1733, L   ,18,"(15, 18)"
1733,1734,15, Up       ,1734, L   ,19,"(15, 19)"
1734,1735,15, Up       ,1735, R   ,20,"(15, 20)"
1735,1736,15, Up       ,1736, R   ,21,"(15, 21)"
1736,1737,15, Up       ,1737, L   ,20,"(15, 20)"
1737,1738,15, Up       ,1738, L   ,21,"(15, 21)"
1738,1739,15, Up       ,1739, R   ,22,"(15, 22)"
1739,1740,15, Up       ,1740, R   ,23,"(15, 23)"
1740,1741,15, Up       ,1741, L   ,22,"(15, 22)"
1741,1742,15, Up       ,1742, L   ,23,"(15, 23)"
1742,1743,15, Up       ,1743, R   ,24,"(15, 24)"
1743,1744,15, Up       ,1744, R   ,25,"(15, 25)"
1744,1745,15, Up       ,1745, L   ,24,"(15, 24)"
1745,1746,15, Up       ,1746, L   ,25,"(15, 25)"
1746,1747,15, Up       ,1747, R   ,26,"(15, 26)"
1747,1748,15, Up       ,1748, R   ,27,"(15, 27)"
1748,1749,15, Up       ,1749, L   ,26,"(15, 26)"
1749,1750,15, Up       ,1750, L   ,27,"(15, 27)"
1750,1751,15, Up       ,1751, R   ,31,"(15, 31)"
1751,1752,15, Up       ,1752, L   ,31,"(15, 31)"
1752,1753,15, Up       ,1753, R   ,32,"(15, 32)"
1753,1754,15, Up       ,1754, R   ,33,"(15, 33)"
1754,1755,15, Up       ,1755, L   ,32,"(15, 32)"
1755,1756,15, Up       ,1756, L   ,33,"(15, 33)"
1756,1757,15, Up       ,1757, R   ,34,"(15, 34)"
1757,1758,15, Up       ,1758, R   ,35,"(15, 35)"
1758,1759,15, Up       ,1759, L   ,34,"(15, 34)"
1759,1760,15, Up       ,1760, L   ,35,"(15, 35)"
1760,1761,15, Up       ,1761, R   ,36,"(15, 36)"
1761,1762,15, Up       ,1762, R   ,37,"(15, 37)"
1762,1763,15, Up       ,1763, L   ,36,"(15, 36)"
1763,1764,15, Up       ,1764, L   ,37,"(15, 37)"
1764,1765,15, Up       ,1765, R   ,38,"(15, 38)"
1765,1766,15, Up       ,1766, R   ,39,"(15, 39)"
1766,1767,15, Up       ,1767, L   ,38,"(15, 38)"
1767,1768,15, Up       ,1768, L   ,39,"(15, 39)"
1768,1769,15, Up       ,1769, R   ,40,"(15, 40)"
1769,1770,15, Up       ,1770, R   ,41,"(15, 41)"
1770,1771,15, Up       ,1771, L   ,40,"(15, 40)"
1771,1772,15, Up       ,1772, L   ,41,"(15, 41)"
1772,1773,15, Up       ,1773, R   ,42,"(15, 42)"
1773,1774,15, Up       ,1774, R   ,43,"(15, 43)"
1774,1775,15, Up       ,1775, L   ,42,"(15, 42)"
1775,1776,15, Up       ,1776, L   ,43,"(15, 43)"
1776,1777,15, Up       ,1777, R   ,44,"(15, 44)"
1777,1778,15, Up       ,1778, R   ,45,"(15, 45)"
1778,1779,15, Up       ,1779, L   ,44,"(15, 44)"
1779,1780,15, Up       ,1780, L   ,45,"(15, 45)"
1780,1781,15, Up       ,1781, R   ,46,"(15, 46)"
1781,1782,15, Up       ,1782, R   ,47,"(15, 47)"
1782,1783,15, Up       ,1783, L   ,46,"(15, 46)"
1783,1784,15, Up       ,1784, L   ,47,"(15, 47)"
1784,1785,15, Up       ,1785, R   ,48,"(15, 48)"
1785,1786,15, Up       ,1786, R   ,49,"(15, 49)"
1786,1787,15, Up       ,1787, L   ,48,"(15, 48)"
1787,1788,15, Up       ,1788, L   ,49,"(15, 49)"
1788,1789,15, Up       ,1789, R   ,50,"(15, 50)"
1789,1790,15, Up       ,1790, R   ,51,"(15, 51)"
1790,1791,15, Up       ,1791, L   ,50,"(15, 50)"
1791,1792,15, Up       ,1792, L   ,51,"(15, 51)"
1792,1793,15, Up       ,1793, R   ,52,"(15, 52)"
1793,1794,15, Up       ,1794, R   ,53,"(15, 53)"
1794,1795,15, Up       ,1795, L   ,52,"(15, 52)"
1795,1796,15, Up       ,1796, L   ,53,"(15, 53)"
1796,1797,15, Up       ,1797, R   ,54,"(15, 54)"
1797,1798,15, Up       ,1798, R   ,55,"(15, 55)"
1798,1799,15, Up       ,1799, L   ,54,"(15, 54)"
1799,1800,15, Up       ,1800, L   ,55,"(15, 55)"
1800,1801,15, Up       ,1801, R   ,56,"(15, 56)"
1801,1802,15, Up       ,1802, R   ,57,"(15, 57)"
1802,1803,15, Up       ,1803, L   ,56,"(15, 56)"
1803,1804,15, Up       ,1804, L   ,57,"(15, 57)"
1804,1805,15, Up       ,1805, R   ,58,"(15, 58)"
1805,1806,15, Up       ,1806, R   ,59,"(15, 59)"
1806,1807,15, Up       ,1807, L   ,58,"(15, 58)"
1807,1808,15, Up       ,1808, L   ,59,"(15, 59)"
1808,1809,15, Up       ,1809, R   ,60,"(15, 60)"
1809,1810,15, Up       ,1810, R   ,61,"(15, 61)"
1810,1811,15, Up       ,1811, L   ,60,"(15, 60)"
1811,1812,15, Up       ,1812, L   ,61,"(15, 61)"
1812,1813,16, Down     ,1813, R   ,61,"(16, 61)"
1813,1814,16, Down     ,1814, R   ,60,"(16, 60)"
1814,1815,16, Down     ,1815, L   ,61,"(16, 61)"
1815,1816,16, Down     ,1816, L   ,60,"(16, 60)"
1816,1817,16, Down     ,1817, R   ,59,"(16, 59)"
1817,1818,16, Down     ,1818, R   ,58,"(16, 58)"
1818,1819,16, Down     ,1819, L   ,59,"(16, 59)"
1819,1820,16, Down     ,1820, L   ,58,"(16, 58)"
1820,1821,16, Down     ,1821, R   ,57,"(16, 57)"
1821,1822,16, Down     ,1822, R   ,56,"(16, 56)"
1822,1823,16, Down     ,1823, L   ,57,"(16, 57)"
1823,1824,16, Down     ,1824, L   ,56,"(16, 56)"
1824,1825,16, Down     ,1825, R   ,55,"(16, 55)"
1825,1826,16, Down     ,1826, R   ,54,"(16, 54)"
1826,1827,16, Down     ,1827, L   ,55,"(16, 55)"
1827,1828,16, Down     ,1828, L   ,54,"(16, 54)"
1828,1829,16, Down     ,1829, R   ,53,"(16, 53)"
1829,1830,16, Down     ,1830, R   ,52,"(16, 52)"
1830,1831,16, Down     ,1831, L   ,53,"(16, 53)"
1831,1832,16, Down     ,1832, L   ,52,"(16, 52)"
1832,1833,16, Down     ,1833, R   ,51,"(16, 51)"
1833,1834,16, Down     ,1834, R   ,50,"(16, 50)"
1834,1835,16, Down     ,1835, L   ,51,"(16, 51)"
1835,1836,16, Down     ,1836, L   ,50,"(16, 50)"
1836,1837,16, Down     ,1837, R   ,49,"(16, 49)"
1837,1838,16, Down     ,1838, R   ,48,"(16, 48)"
1838,1839,16, Down     ,1839, L   ,49,"(16, 49)"
1839,1840,16, Down     ,1840, L   ,48,"(16, 48)"
1840,1841,16, Down     ,1841, R   ,47,"(16, 47)"
1841,1842,16, Down     ,1842, R   ,46,"(16, 46)"
1842,1843,16, Down     ,1843, L   ,47,"(16, 47)"
1843,1844,16, Down     ,1844, L   ,46,"(16, 46)"
1844,1845,16, Down     ,1845, R   ,45,"(16, 45)"
1845,1846,16, Down     ,1846, R   ,44,"(16, 44)"
1846,1847,16, Down     ,1847, L   ,45,"(16, 45)"
1847,1848,16, Down     ,1848, L   ,44,"(16, 44)"
1848,1849,16, Down     ,1849, R   ,43,"(16, 43)"
1849,1850,16, Down     ,1850, R   ,42,"(16, 42)"
1850,1851,16, Down     ,1851, L   ,43,"(16, 43)"
1851,1852,16, Down     ,1852, L   ,42,"(16, 42)"
1852,1853,16, Down     ,1853, R   ,41,"(16, 41)"
1853,1854,16, Down     ,1854, R   ,40,"(16, 40)"
1854,1855,16, Down     ,1855, L   ,41,"(16, 41)"
1855,1856,16, Down     ,1856, L   ,40,"(16, 40)"
1856,1857,16, Down     ,1857, R   ,39,"(16, 39)"
1857,1858,16, Down     ,1858, R   ,38,"(16, 38)"
1858,1859,16, Down     ,1859, L   ,39,"(16, 39)"
1859,1860,16, Down     ,1860, L   ,38,"(16, 38)"
1860,1861,16, Down     ,1861, R   ,37,"(16, 37)"
1861,1862,16, Down     ,1862, R   ,36,"(16, 36)"
1862,1863,16, Down     ,1863, L   ,37,"(16, 37)"
1863,1864,16, Down     ,1864, L   ,36,"(16, 36)"
1864,1865,16, Down     ,1865, R   ,35,"(16, 35)"
1865,1866,16, Down     ,1866, R   ,34,"(16, 34)"
1866,1867,16, Down     ,1867, L   ,35,"(16, 35)"
1867,1868,16, Down     ,1868, L   ,34,"(16, 34)"
1868,1869,16, Down     ,1869, R   ,33,"(16, 33)"
1869,1870,16, Down     ,1870, R   ,32,"(16, 32)"
1870,1871,16, Down     ,1871, L   ,33,"(16, 33)"
1871,1872,16, Down     ,1872, L   ,32,"(16, 32)"
1872,1873,16, Down     ,1873, R   ,31,"(16, 31)"
1873,1874,16, Down     ,1874, L   ,31,"(16, 31)"
1874,1875,16, Down     ,1875, R   ,27,"(16, 27)"
1875,1876,16, Down     ,1876, R   ,26,"(16, 26)"
1876,1877,16, Down     ,1877, L   ,27,"(16, 27)"
1877,1878,16, Down     ,1878, L   ,26,"(16, 26)"
1878,1879,16, Down     ,1879, R   ,25,"(16, 25)"
1879,1880,16, Down     ,1880, R   ,24,"(16, 24)"
1880,1881,16, Down     ,1881, L   ,25,"(16, 25)"
1881,1882,16, Down     ,1882, L   ,24,"(16, 24)"
1882,1883,16, Down     ,1883, R   ,23,"(16, 23)"
1883,1884,16, Down     ,1884, R   ,22,"(16, 22)"
1884,1885,16, Down     ,1885, L   ,23,"(16, 23)"
1885,1886,16, Down     ,1886, L   ,22,"(16, 22)"
1886,1887,16, Down     ,1887, R   ,21,"(16, 21)"
1887,1888,16, Down     ,1888, R   ,20,"(16, 20)"
1888,1889,16, Down     ,1889, L   ,21,"(16, 21)"
1889,1890,16, Down     ,1890, L   ,20,"(16, 20)"
1890,1891,16, Down     ,1891, R   ,19,"(16, 19)"
1891,1892,16, Down     ,1892, R   ,18,"(16, 18)"
1892,1893,16, Down     ,1893, L   ,19,"(16, 19)"
1893,1894,16, Down     ,1894, L   ,18,"(16, 18)"
1894,1895,16, Down     ,1895, R   ,17,"(16, 17)"
1895,1896,16, Down     ,1896, R   ,16,"(16, 16)"
1896,1897,16, Down     ,1897, L   ,17,"(16, 17)"
1897,1898,16, Down     ,1898, L   ,16,"(16, 16)"
1898,1899,16, Down     ,1899, R   ,15,"(16, 15)"
1899,1900,16, Down     ,1900, R   ,14,"(16, 14)"
1900,1901,16, Down     ,1901, L   ,15,"(16, 15)"
1901,1902,16, Down     ,1902, L   ,14,"(16, 14)"
1902,1903,16, Down     ,1903, R   ,13,"(16, 13)"
1903,1904,16, Down     ,1904, R   ,12,"(16, 12)"
1904,1905,16, Down     ,1905, L   ,13,"(16, 13)"
1905,1906,16, Down     ,1906, L   ,12,"(16, 12)"
1906,1907,16, Down     ,1907, R   ,11,"(16, 11)"
1907,1908,16, Down     ,1908, R   ,10,"(16, 10)"
1908,1909,16, Down     ,1909, L   ,11,"(16, 11)"
1909,1910,16, Down     ,1910, L   ,10,"(16, 10)"
1910,1911,16, Down     ,1911, R   ,9,"(16, 9)"
1911,1912,16, Down     ,1912, R   ,8,"(16, 8)"
1912,1913,16, Down     ,1913, L   ,9,"(16, 9)"
1913,1914,16, Down     ,1914, L   ,8,"(16, 8)"
1914,1915,16, Down     ,1915, R   ,7,"(16, 7)"
1915,1916,16, Down     ,1916, R   ,6,"(16, 6)"
1916,1917,16, Down     ,1917, L   ,7,"(16, 7)"
1917,1918,16, Down     ,1918, L   ,6,"(16, 6)"
1918,1919,16, Down     ,1919, R   ,5,"(16, 5)"
1919,1920,16, Down     ,1920, R   ,4,"(16, 4)"
1920,1921,16, Down     ,1921, L   ,5,"(16, 5)"
1921,1922,16, Down     ,1922, L   ,4,"(16, 4)"
1922,1923,16, Down     ,1923, R   ,3,"(16, 3)"
1923,1924,16, Down     ,1924, R   ,2,"(16, 2)"
1924,1925,16, Down     ,1925, L   ,3,"(16, 3)"
1925,1926,16, Down     ,1926, L   ,2,"(16, 2)"
1926,1927,17, Up       ,1927, R   ,2,"(17, 2)"
1927,1928,17, Up       ,1928, R   ,3,"(17, 3)"
1928,1929,17, Up       ,1929, L   ,2,"(17, 2)"
1929,1930,17, Up       ,1930, L   ,3,"(17, 3)"
1930,1931,17, Up       ,1931, R   ,4,"(17, 4)"
1931,1932,17, Up       ,1932, R   ,5,"(17, 5)"
1932,1933,17, Up       ,1933, L   ,4,"(17, 4)"
1933,1934,17, Up       ,1934, L   ,5,"(17, 5)"
1934,1935,17, Up       ,1935, R   ,6,"(17, 6)"
1935,1936,17, Up       ,1936, R   ,7,"(17, 7)"
1936,1937,17, Up       ,1937, L   ,6,"(17, 6)"
1937,1938,17, Up       ,1938, L   ,7,"(17, 7)"
1938,1939,17, Up       ,1939, R   ,8,"(17, 8)"
1939,1940,17, Up       ,1940, R   ,9,"(17, 9)"
1940,1941,17, Up       ,1941, L   ,8,"(17, 8)"
1941,1942,17, Up       ,1942, L   ,9,"(17, 9)"
1942,1943,17, Up       ,1943, R   ,11,"(17, 11)"
1943,1944,17, Up       ,1944, L   ,10,"(17, 10)"
1944,1945,17, Up       ,1945, L   ,11,"(17, 11)"
1945,1946,17, Up       ,1946, R   ,12,"(17, 12)"
1946,1947,17, Up       ,1947, R   ,13,"(17, 13)"
1947,1948,17, Up       ,1948, L   ,12,"(17, 12)"
1948,1949,17, Up       ,1949, L   ,13,"(17, 13)"
1949,1950,17, Up       ,1950, R   ,14,"(17, 14)"
1950,1951,17, Up       ,1951, R   ,15,"(17, 15)"
1951,1952,17, Up       ,1952, L   ,14,"(17, 14)"
1952,1953,17, Up       ,1953, L   ,15,"(17, 15)"
1953,1954,17, Up       ,1954, R   ,16,"(17, 16)"
1954,1955,17, Up       ,1955, R   ,17,"(17, 17)"
1955,1956,17, Up       ,1956, L   ,16,"(17, 16)"
1956,1957,17, Up       ,1957, L   ,17,"(17, 17)"
1957,1958,17, Up       ,1958, R   ,18,"(17, 18)"
1958,1959,17, Up       ,1959, R   ,19,"(17, 19)"
1959,1960,17, Up       ,1960, L   ,18,"(17, 18)"
1960,1961,17, Up       ,1961, L   ,19,"(17, 19)"
1961,1962,17, Up       ,1962, R   ,20,"(17, 20)"
1962,1963,17, Up       ,1963, R   ,21,"(17, 21)"
1963,1964,17, Up       ,1964, L   ,20,"(17, 20)"
1964,1965,17, Up       ,1965, L   ,21,"(17, 21)"
1965,1966,17, Up       ,1966, R   ,22,"(17, 22)"
1966,1967,17, Up       ,1967, R   ,23,"(17, 23)"
1967,1968,17, Up       ,1968, L   ,22,"(17, 22)"
1968,1969,17, Up       ,1969, L   ,23,"(17, 23)"
1969,1970,17, Up       ,1970, R   ,24,"(17, 24)"
1970,1971,17, Up       ,1971, R   ,25,"(17, 25)"
1971,1972,17, Up       ,1972, L   ,24,"(17, 24)"
1972,1973,17, Up       ,1973, L   ,25,"(17, 25)"
1973,1974,17, Up       ,1974, R   ,26,"(17, 26)"
1974,1975,17, Up       ,1975, R   ,27,"(17, 27)"
1975,1976,17, Up       ,1976, L   ,26,"(17, 26)"
1976,1977,17, Up       ,1977, L   ,27,"(17, 27)"
1977,1978,17, Up       ,1978, R   ,31,"(17, 31)"
1978,1979,17, Up       ,1979, L   ,31,"(17, 31)"
1979,1980,17, Up       ,1980, R   ,33,"(17, 33)"
1980,1981,17, Up       ,1981, L   ,32,"(17, 32)"
1981,1982,17, Up       ,1982, L   ,33,"(17, 33)"
1982,1983,17, Up       ,1983, R   ,34,"(17, 34)"
1983,1984,17, Up       ,1984, R   ,35,"(17, 35)"
1984,1985,17, Up       ,1985, L   ,34,"(17, 34)"
1985,1986,17, Up       ,1986, L   ,35,"(17, 35)"
1986,1987,17, Up       ,1987, R   ,36,"(17, 36)"
1987,1988,17, Up       ,1988, R   ,37,"(17, 37)"
1988,1989,17, Up       ,1989, L   ,36,"(17, 36)"
1989,1990,17, Up       ,1990, L   ,37,"(17, 37)"
1990,1991,17, Up       ,1991, R   ,38,"(17, 38)"
1991,1992,17, Up       ,1992, R   ,39,"(17, 39)"
1992,1993,17, Up       ,1993, L   ,38,"(17, 38)"
1993,1994,17, Up       ,1994, L   ,39,"(17, 39)"
1994,1995,17, Up       ,1995, R   ,40,"(17, 40)"
1995,1996,17, Up       ,1996, R   ,41,"(17, 41)"
1996,1997,17, Up       ,1997, L   ,40,"(17, 40)"
1997,1998,17, Up       ,1998, L   ,41,"(17, 41)"
1998,1999,17, Up       ,1999, R   ,42,"(17, 42)"
1999,2000,17, Up       ,2000, R   ,43,"(17, 43)"
2000,2001,17, Up       ,2001, L   ,42,"(17, 42)"
2001,2002,17, Up       ,2002, L   ,43,"(17, 43)"
2002,2003,17, Up       ,2003, R   ,44,"(17, 44)"
2003,2004,17, Up       ,2004, R   ,45,"(17, 45)"
2004,2005,17, Up       ,2005, L   ,44,"(17, 44)"
2005,2006,17, Up       ,2006, L   ,45,"(17, 45)"
2006,2007,17, Up       ,2007, R   ,46,"(17, 46)"
2007,2008,17, Up       ,2008, R   ,47,"(17, 47)"
2008,2009,17, Up       ,2009, L   ,46,"(17, 46)"
2009,2010,17, Up       ,2010, L   ,47,"(17, 47)"
2010,2011,17, Up       ,2011, R   ,48,"(17, 48)"
2011,2012,17, Up       ,2012, R   ,49,"(17, 49)"
2012,2013,17, Up       ,2013, L   ,48,"(17, 48)"
2013,2014,17, Up       ,2014, L   ,49,"(17, 49)"
2014,2015,17, Up       ,2015, R   ,50,"(17, 50)"
2015,2016,17, Up       ,2016, R   ,51,"(17, 51)"
2016,2017,17, Up       ,2017, L   ,50,"(17, 50)"
2017,2018,17, Up       ,2018, L   ,51,"(17, 51)"
2018,2019,17, Up       ,2019, R   ,52,"(17, 52)"
2019,2020,17, Up       ,2020, R   ,53,"(17, 53)"
2020,2021,17, Up       ,2021, L   ,52,"(17, 52)"
2021,2022,17, Up       ,2022, L   ,53,"(17, 53)"
2022,2023,17, Up       ,2023, R   ,54,"(17, 54)"
2023,2024,17, Up       ,2024, L   ,54,"(17, 54)"
2024,2025,17, Up       ,2025, L   ,55,"(17, 55)"
2025,2026,17, Up       ,2026, R   ,56,"(17, 56)"
2026,2027,17, Up       ,2027, R   ,57,"(17, 57)"
2027,2028,17, Up       ,2028, L   ,56,"(17, 56)"
2028,2029,17, Up       ,2029, L   ,57,"(17, 57)"
2029,2030,17, Up       ,2030, R   ,58,"(17, 58)"
2030,2031,17, Up       ,2031, R   ,59,"(17, 59)"
2031,2032,17, Up       ,2032, L   ,58,"(17, 58)"
2032,2033,17, Up       ,2033, L   ,59,"(17, 59)"
2033,2034,17, Up       ,2034, R   ,60,"(17, 60)"
2034,2035,17, Up       ,2035, R   ,61,"(17, 61)"
2035,2036,17, Up       ,2036, L   ,60,"(17, 60)"
2036,2037,17, Up       ,2037, L   ,61,"(17, 61)"
2037,2038,18, Down     ,2038, R   ,61,"(18, 61)"
2038,2039,18, Down     ,2039, R   ,60,"(18, 60)"
2039,2040,18, Down     ,2040, L   ,61,"(18, 61)"
2040,2041,18, Down     ,2041, L   ,60,"(18, 60)"
2041,2042,18, Down     ,2042, R   ,59,"(18, 59)"
2042,2043,18, Down     ,2043, R   ,58,"(18, 58)"
2043,2044,18, Down     ,2044, L   ,59,"(18, 59)"
2044,2045,18, Down     ,2045, L   ,58,"(18, 58)"
2045,2046,18, Down     ,2046, R   ,57,"(18, 57)"
2046,2047,18, Down     ,2047, R   ,56,"(18, 56)"
2047,2048,18, Down     ,2048, L   ,57,"(18, 57)"
2048,2049,18, Down     ,2049, L   ,56,"(18, 56)"
2049,2050,18, Down     ,2050, R   ,55,"(18, 55)"
2050,2051,18, Down     ,2051, R   ,54,"(18, 54)"
2051,2052,18, Down     ,2052, L   ,55,"(18, 55)"
2052,2053,18, Down     ,2053, L   ,54,"(18, 54)"
2053,2054,18, Down     ,2054, R   ,53,"(18, 53)"
2054,2055,18, Down     ,2055, R   ,52,"(18, 52)"
2055,2056,18, Down     ,2056, L   ,53,"(18, 53)"
2056,2057,18, Down     ,2057, L   ,52,"(18, 52)"
2057,2058,18, Down     ,2058, R   ,51,"(18, 51)"
2058,2059,18, Down     ,2059, R   ,50,"(18, 50)"
2059,2060,18, Down     ,2060, L   ,51,"(18, 51)"
2060,2061,18, Down     ,2061, L   ,50,"(18, 50)"
2061,2062,18, Down     ,2062, R   ,49,"(18, 49)"
2062,2063,18, Down     ,2063, R   ,48,"(18, 48)"
2063,2064,18, Down     ,2064, L   ,49,"(18, 49)"
2064,2065,18, Down     ,2065, L   ,48,"(18, 48)"
2065,2066,18, Down     ,2066, R   ,47,"(18, 47)"
2066,2067,18, Down     ,2067, R   ,46,"(18, 46)"
2067,2068,18, Down     ,2068, L   ,47,"(18, 47)"
2068,2069,18, Down     ,2069, L   ,46,"(18, 46)"
2069,2070,18, Down     ,2070, R   ,45,"(18, 45)"
2070,2071,18, Down     ,2071, R   ,44,"(18, 44)"
2071,2072,18, Down     ,2072, L   ,45,"(18, 45)"
2072,2073,18, Down     ,2073, L   ,44,"(18, 44)"
2073,2074,18, Down     ,2074, R   ,43,"(18, 43)"
2074,2075,18, Down     ,2075, R   ,42,"(18, 42)"
2075,2076,18, Down     ,2076, L   ,43,"(18, 43)"
2076,2077,18, Down     ,2077, L   ,42,"(18, 42)"
2077,2078,18, Down     ,2078, R   ,41,"(18, 41)"
2078,2079,18, Down     ,2079, R   ,40,"(18, 40)"
2079,2080,18, Down     ,2080, L   ,41,"(18, 41)"
2080,2081,18, Down     ,2081, L   ,40,"(18, 40)"
2081,2082,18, Down     ,2082, R   ,39,"(18, 39)"
2082,2083,18, Down     ,2083, R   ,38,"(18, 38)"
2083,2084,18, Down     ,2084, L   ,39,"(18, 39)"
2084,2085,18, Down     ,2085, L   ,38,"(18, 38)"
2085,2086,18, Down     ,2086, R   ,37,"(18, 37)"
2086,2087,18, Down     ,2087, R   ,36,"(18, 36)"
2087,2088,18, Down     ,2088, L   ,37,"(18, 37)"
2088,2089,18, Down     ,2089, L   ,36,"(18, 36)"
2089,2090,18, Down     ,2090, R   ,35,"(18, 35)"
2090,2091,18, Down     ,2091, R   ,34,"(18, 34)"
2091,2092,18, Down     ,2092, L   ,35,"(18, 35)"
2092,2093,18, Down     ,2093, L   ,34,"(18, 34)"
2093,2094,18, Down     ,2094, R   ,33,"(18, 33)"
2094,2095,18, Down     ,2095, R   ,32,"(18, 32)"
2095,2096,18, Down     ,2096, L   ,33,"(18, 33)"
2096,2097,18, Down     ,2097, L   ,32,"(18, 32)"
2097,2098,18, Down     ,2098, R   ,31,"(18, 31)"
2098,2099,18, Down     ,2099, L   ,31,"(18, 31)"
2099,2100,18, Down     ,2100, R   ,27,"(18, 27)"
2100,2101,18, Down     ,2101, R   ,26,"(18, 26)"
2101,2102,18, Down     ,2102, L   ,27,"(18, 27)"
2102,2103,18, Down     ,2103, L   ,26,"(18, 26)"
2103,2104,18, Down     ,2104, R   ,25,"(18, 25)"
2104,2105,18, Down     ,2105, R   ,24,"(18, 24)"
2105,2106,18, Down     ,2106, L   ,25,"(18, 25)"
2106,2107,18, Down     ,2107, L   ,24,"(18, 24)"
2107,2108,18, Down     ,2108, R   ,23,"(18, 23)"
2108,2109,18, Down     ,2109, R   ,22,"(18, 22)"
2109,2110,18, Down     ,2110, L   ,23,"(18, 23)"
2110,2111,18, Down     ,2111, L   ,22,"(18, 22)"
2111,2112,18, Down     ,2112, R   ,21,"(18, 21)"
2112,2113,18, Down     ,2113, R   ,20,"(18, 20)"
2113,2114,18, Down     ,2114, L   ,21,"(18, 21)"
2114,2115,18, Down     ,2115, L   ,20,"(18, 20)"
2115,2116,18, Down     ,2116, R   ,19,"(18, 19)"
2116,2117,18, Down     ,2117, R   ,18,"(18, 18)"
2117,2118,18, Down     ,2118, L   ,19,"(18, 19)"
2118,2119,18, Down     ,2119, L   ,18,"(18, 18)"
2119,2120,18, Down     ,2120, R   ,17,"(18, 17)"
2120,2121,18, Down     ,2121, R   ,16,"(18, 16)"
2121,2122,18, Down     ,2122, L   ,17,"(18, 17)"
2122,2123,18, Down     ,2123, L   ,16,"(18, 16)"
2123,2124,18, Down     ,2124, R   ,15,"(18, 15)"
2124,2125,18, Down     ,2125, R   ,14,"(18, 14)"
2125,2126,18, Down     ,2126, L   ,15,"(18, 15)"
2126,2127,18, Down     ,2127, L   ,14,"(18, 14)"
2127,2128,18, Down     ,2128, R   ,13,"(18, 13)"
2128,2129,18, Down     ,2129, R   ,12,"(18, 12)"
2129,2130,18, Down     ,2130, L   ,13,"(18, 13)"
2130,2131,18, Down     ,2131, L   ,12,"(18, 12)"
2131,2132,18, Down     ,2132, R   ,11,"(18, 11)"
2132,2133,18, Down     ,2133, R   ,10,"(18, 10)"
2133,2134,18, Down     ,2134, L   ,11,"(18, 11)"
2134,2135,18, Down     ,2135, L   ,10,"(18, 10)"
2135,2136,18, Down     ,2136, R   ,9,"(18, 9)"
2136,2137,18, Down     ,2137, R   ,8,"(18, 8)"
2137,2138,18, Down     ,2138, L   ,9,"(18, 9)"
2138,2139,18, Down     ,2139, L   ,8,"(18, 8)"
2139,2140,18, Down     ,2140, R   ,7,"(18, 7)"
2140,2141,18, Down     ,2141, R   ,6,"(18, 6)"
2141,2142,18, Down     ,2142, L   ,7,"(18, 7)"
2142,2143,18, Down     ,2143, L   ,6,"(18, 6)"
2143,2144,18, Down     ,2144, R   ,5,"(18, 5)"
2144,2145,18, Down     ,2145, R   ,4,"(18, 4)"
2145,2146,18, Down     ,2146, L   ,5,"(18, 5)"
2146,2147,18, Down     ,2147, L   ,4,"(18, 4)"
2147,2148,18, Down     ,2148, R   ,3,"(18, 3)"
2148,2149,18, Down     ,2149, R   ,2,"(18, 2)"
2149,2150,18, Down     ,2150, L   ,3,"(18, 3)"
2150,2151,18, Down     ,2151, L   ,2,"(18, 2)"
2151,2152,19, Up       ,2152, R   ,2,"(19, 2)"
2152,2153,19, Up       ,2153, R   ,3,"(19, 3)"
2153,2154,19, Up       ,2154, L   ,2,"(19, 2)"
2154,2155,19, Up       ,2155, L   ,3,"(19, 3)"
2155,2156,19, Up       ,2156, R   ,4,"(19, 4)"
2156,2157,19, Up       ,2157, R   ,5,"(19, 5)"
2157,2158,19, Up       ,2158, L   ,4,"(19, 4)"
2158,2159,19, Up       ,2159, L   ,5,"(19, 5)"
2159,2160,19, Up       ,2160, R   ,6,"(19, 6)"
2160,2161,19, Up       ,2161, R   ,7,"(19, 7)"
2161,2162,19, Up       ,2162, L   ,6,"(19, 6)"
2162,2163,19, Up       ,2163, L   ,7,"(19, 7)"
2163,2164,19, Up       ,2164, R   ,8,"(19, 8)"
2164,2165,19, Up       ,2165, R   ,9,"(19, 9)"
2165,2166,19, Up       ,2166, L   ,8,"(19, 8)"
2166,2167,19, Up       ,2167, L   ,9,"(19, 9)"
2167,2168,19, Up       ,2168, R   ,10,"(19, 10)"
2168,2169,19, Up       ,2169, R   ,11,"(19, 11)"
2169,2170,19, Up       ,2170, L   ,10,"(19, 10)"
2170,2171,19, Up       ,2171, L   ,11,"(19, 11)"
2171,2172,19, Up       ,2172, R   ,12,"(19, 12)"
2172,2173,19, Up       ,2173, R   ,13,"(19, 13)"
2173,2174,19, Up       ,2174, L   ,12,"(19, 12)"
2174,2175,19, Up       ,2175, L   ,13,"(19, 13)"
2175,2176,19, Up       ,2176, R   ,14,"(19, 14)"
2176,2177,19, Up       ,2177, R   ,15,"(19, 15)"
2177,2178,19, Up       ,2178, L   ,14,"(19, 14)"
2178,2179,19, Up       ,2179, L   ,15,"(19, 15)"
2179,2180,19, Up       ,2180, R   ,16,"(19, 16)"
2180,2181,19, Up       ,2181, R   ,17,"(19, 17)"
2181,2182,19, Up       ,2182, L   ,16,"(19, 16)"
2182,2183,19, Up       ,2183, L   ,17,"(19, 17)"
2183,2184,19, Up       ,2184, R   ,18,"(19, 18)"
2184,2185,19, Up       ,2185, R   ,19,"(19, 19)"
2185,2186,19, Up       ,2186, L   ,18,"(19, 18)"
2186,2187,19, Up       ,2187, L   ,19,"(19, 19)"
2187,2188,19, Up       ,2188, R   ,20,"(19, 20)"
2188,2189,19, Up       ,2189, R   ,21,"(19, 21)"
2189,2190,19, Up       ,2190, L   ,20,"(19, 20)"
2190,2191,19, Up       ,2191, L   ,21,"(19, 21)"
2191,2192,19, Up       ,2192, R   ,22,"(19, 22)"
2192,2193,19, Up       ,2193, R   ,23,"(19, 23)"
2193,2194,19, Up       ,2194, L   ,22,"(19, 22)"
2194,2195,19, Up       ,2195, L   ,23,"(19, 23)"
2195,2196,19, Up       ,2196, R   ,24,"(19, 24)"
2196,2197,19, Up       ,2197, R   ,25,"(19, 25)"
2197,2198,19, Up       ,2198, L   ,24,"(19, 24)"
2198,2199,19, Up       ,2199, L   ,25,"(19, 25)"
2199,2200,19, Up       ,2200, R   ,26,"(19, 26)"
2200,2201,19, Up       ,2201, R   ,27,"(19, 27)"
2201,2202,19, Up       ,2202, L   ,26,"(19, 26)"
2202,2203,19, Up       ,2203, L   ,27,"(19, 27)"
2203,2204,19, Up       ,2204, R   ,31,"(19, 31)"
2204,2205,19, Up       ,2205, L   ,31,"(19, 31)"
2205,2206,19, Up       ,2206, R   ,32,"(19, 32)"
2206,2207,19, Up       ,2207, R   ,33,"(19, 33)"
2207,2208,19, Up       ,2208, L   ,32,"(19, 32)"
2208,2209,19, Up       ,2209, L   ,33,"(19, 33)"
2209,2210,19, Up       ,2210, R   ,34,"(19, 34)"
2210,2211,19, Up       ,2211, R   ,35,"(19, 35)"
2211,2212,19, Up       ,2212, L   ,34,"(19, 34)"
2212,2213,19, Up       ,2213, L   ,35,"(19, 35)"
2213,2214,19, Up       ,2214, R   ,36,"(19, 36)"
2214,2215,19, Up       ,2215, R   ,37,"(19, 37)"
2215,2216,19, Up       ,2216, L   ,36,"(19, 36)"
2216,2217,19, Up       ,2217, L   ,37,"(19, 37)"
2217,2218,19, Up       ,2218, R   ,38,"(19, 38)"
2218,2219,19, Up       ,2219, R   ,39,"(19, 39)"
2219,2220,19, Up       ,2220, L   ,38,"(19, 38)"
2220,2221,19, Up       ,2221, L   ,39,"(19, 39)"
2221,2222,19, Up       ,2222, R   ,40,"(19, 40)"
2222,2223,19, Up       ,2223, R   ,41,"(19, 41)"
2223,2224,19, Up       ,2224, L   ,40,"(19, 40)"
2224,2225,19, Up       ,2225, L   ,41,"(19, 41)"
2225,2226,19, Up       ,2226, R   ,42,"(19, 42)"
2226,2227,19, Up       ,2227, R   ,43,"(19, 43)"
2227,2228,19, Up       ,2228, L   ,42,"(19, 42)"
2228,2229,19, Up       ,2229, L   ,43,"(19, 43)"
2229,2230,19, Up       ,2230, R   ,44,"(19, 44)"
2230,2231,19, Up       ,2231, R   ,45,"(19, 45)"
2231,2232,19, Up       ,2232, L   ,44,"(19, 44)"
2232,2233,19, Up       ,2233, L   ,45,"(19, 45)"
2233,2234,19, Up       ,2234, R   ,46,"(19, 46)"
2234,2235,19, Up       ,2235, R   ,47,"(19, 47)"
2235,2236,19, Up       ,2236, L   ,46,"(19, 46)"
2236,2237,19, Up       ,2237, L   ,47,"(19, 47)"
2237,2238,19, Up       ,2238, R   ,48,"(19, 48)"
2238,2239,19, Up       ,2239, R   ,49,"(19, 49)"
2239,2240,19, Up       ,2240, L   ,48,"(19, 48)"
2240,2241,19, Up       ,2241, L   ,49,"(19, 49)"
2241,2242,19, Up       ,2242, R   ,50,"(19, 50)"
2242,2243,19, Up       ,2243, R   ,51,"(19, 51)"
2243,2244,19, Up       ,2244, L   ,50,"(19, 50)"
2244,2245,19, Up       ,2245, L   ,51,"(19, 51)"
2245,2246,19, Up       ,2246, R   ,52,"(19, 52)"
2246,2247,19, Up       ,2247, R   ,53,"(19, 53)"
2247,2248,19, Up       ,2248, L   ,52,"(19, 52)"
2248,2249,19, Up       ,2249, L   ,53,"(19, 53)"
2249,2250,19, Up       ,2250, R   ,54,"(19, 54)"
2250,2251,19, Up       ,2251, R   ,55,"(19, 55)"
2251,2252,19, Up       ,2252, L   ,54,"(19, 54)"
2252,2253,19, Up       ,2253, L   ,55,"(19, 55)"
2253,2254,19, Up       ,2254, R   ,56,"(19, 56)"
2254,2255,19, Up       ,2255, R   ,57,"(19, 57)"
2255,2256,19, Up       ,2256, L   ,56,"(19, 56)"
2256,2257,19, Up       ,2257, L   ,57,"(19, 57)"
2257,2258,19, Up       ,2258, R   ,58,"(19, 58)"
2258,2259,19, Up       ,2259, R   ,59,"(19, 59)"
2259,2260,19, Up       ,2260, L   ,58,"(19, 58)"
2260,2261,19, Up       ,2261, L   ,59,"(19, 59)"
2261,2262,19, Up       ,2262, R   ,60,"(19, 60)"
2262,2263,19, Up       ,2263, R   ,61,"(19, 61)"
2263,2264,19, Up       ,2264, L   ,60,"(19, 60)"
2264,2265,19, Up       ,2265, L   ,61,"(19, 61)"
2265,2266,20, Down     ,2266, R   ,61,"(20, 61)"
2266,2267,20, Down     ,2267, R   ,60,"(20, 60)"
2267,2268,20, Down     ,2268, L   ,61,"(20, 61)"
2268,2269,20, Down     ,2269, L   ,60,"(20, 60)"
2269,2270,20, Down     ,2270, R   ,59,"(20, 59)"
2270,2271,20, Down     ,2271, R   ,58,"(20, 58)"
2271,2272,20, Down     ,2272, L   ,59,"(20, 59)"
2272,2273,20, Down     ,2273, L   ,58,"(20, 58)"
2273,2274,20, Down     ,2274, R   ,57,"(20, 57)"
2274,2275,20, Down     ,2275, R   ,56,"(20, 56)"
2275,2276,20, Down     ,2276, L   ,57,"(20, 57)"
2276,2277,20, Down     ,2277, L   ,56,"(20, 56)"
2277,2278,20, Down     ,2278, R   ,55,"(20, 55)"
2278,2279,20, Down     ,2279, R   ,54,"(20, 54)"
2279,2280,20, Down     ,2280, L   ,54,"(20, 54)"
2280,2281,20, Down     ,2281, R   ,53,"(20, 53)"
2281,2282,20, Down     ,2282, R   ,52,"(20, 52)"
2282,2283,20, Down     ,2283, L   ,53,"(20, 53)"
2283,2284,20, Down     ,2284, L   ,52,"(20, 52)"
2284,2285,20, Down     ,2285, R   ,51,"(20, 51)"
2285,2286,20, Down     ,2286, R   ,50,"(20, 50)"
2286,2287,20, Down     ,2287, L   ,51,"(20, 51)"
2287,2288,20, Down     ,2288, L   ,50,"(20, 50)"
2288,2289,20, Down     ,2289, R   ,49,"(20, 49)"
2289,2290,20, Down     ,2290, R   ,48,"(20, 48)"
2290,2291,20, Down     ,2291, L   ,49,"(20, 49)"
2291,2292,20, Down     ,2292, L   ,48,"(20, 48)"
2292,2293,20, Down     ,2293, R   ,47,"(20, 47)"
2293,2294,20, Down     ,2294, R   ,46,"(20, 46)"
2294,2295,20, Down     ,2295, L   ,47,"(20, 47)"
2295,2296,20, Down     ,2296, L   ,46,"(20, 46)"
2296,2297,20, Down     ,2297, R   ,45,"(20, 45)"
2297,2298,20, Down     ,2298, R   ,44,"(20, 44)"
2298,2299,20, Down     ,2299, L   ,45,"(20, 45)"
2299,2300,20, Down     ,2300, L   ,44,"(20, 44)"
2300,2301,20, Down     ,2301, R   ,43,"(20, 43)"
2301,2302,20, Down     ,2302, R   ,42,"(20, 42)"
2302,2303,20, Down     ,2303, L   ,43,"(20, 43)"
2303,2304,20, Down     ,2304, L   ,42,"(20, 42)"
2304,2305,20, Down     ,2305, R   ,41,"(20, 41)"
2305,2306,20, Down     ,2306, R   ,40,"(20, 40)"
2306,2307,20, Down     ,2307, L   ,41,"(20, 41)"
2307,2308,20, Down     ,2308, L   ,40,"(20, 40)"
2308,2309,20, Down     ,2309, R   ,39,"(20, 39)"
2309,2310,20, Down     ,2310, R   ,38,"(20, 38)"
2310,2311,20, Down     ,2311, L   ,39,"(20, 39)"
2311,2312,20, Down     ,2312, L   ,38,"(20, 38)"
2312,2313,20, Down     ,2313, R   ,37,"(20, 37)"
2313,2314,20, Down     ,2314, R   ,36,"(20, 36)"
2314,2315,20, Down     ,2315, L   ,37,"(20, 37)"
2315,2316,20, Down     ,2316, L   ,36,"(20, 36)"
2316,2317,20, Down     ,2317, R   ,35,"(20, 35)"
2317,2318,20, Down     ,2318, R   ,34,"(20, 34)"
2318,2319,20, Down     ,2319, L   ,35,"(20, 35)"
2319,2320,20, Down     ,2320, L   ,34,"(20, 34)"
2320,2321,20, Down     ,2321, R   ,33,"(20, 33)"
2321,2322,20, Down     ,2322, R   ,32,"(20, 32)"
2322,2323,20, Down     ,2323, L   ,33,"(20, 33)"
2323,2324,20, Down     ,2324, R   ,31,"(20, 31)"
2324,2325,20, Down     ,2325, L   ,31,"(20, 31)"
2325,2326,20, Down     ,2326, R   ,27,"(20, 27)"
2326,2327,20, Down     ,2327, R   ,26,"(20, 26)"
2327,2328,20, Down     ,2328, L   ,27,"(20, 27)"
2328,2329,20, Down     ,2329, L   ,26,"(20, 26)"
2329,2330,20, Down     ,2330, R   ,25,"(20, 25)"
2330,2331,20, Down     ,2331, R   ,24,"(20, 24)"
2331,2332,20, Down     ,2332, L   ,25,"(20, 25)"
2332,2333,20, Down     ,2333, L   ,24,"(20, 24)"
2333,2334,20, Down     ,2334, R   ,23,"(20, 23)"
2334,2335,20, Down     ,2335, R   ,22,"(20, 22)"
2335,2336,20, Down     ,2336, L   ,23,"(20, 23)"
2336,2337,20, Down     ,2337, L   ,22,"(20, 22)"
2337,2338,20, Down     ,2338, R   ,21,"(20, 21)"
2338,2339,20, Down     ,2339, R   ,20,"(20, 20)"
2339,2340,20, Down     ,2340, L   ,21,"(20, 21)"
2340,2341,20, Down     ,2341, L   ,20,"(20, 20)"
2341,2342,20, Down     ,2342, R   ,19,"(20, 19)"
2342,2343,20, Down     ,2343, R   ,18,"(20, 18)"
2343,2344,20, Down     ,2344, L   ,19,"(20, 19)"
2344,2345,20, Down     ,2345, L   ,18,"(20, 18)"
2345,2346,20, Down     ,2346, R   ,17,"(20, 17)"
2346,2347,20, Down     ,2347, R   ,16,"(20, 16)"
2347,2348,20, Down     ,2348, L   ,17,"(20, 17)"
2348,2349,20, Down     ,2349, L   ,16,"(20, 16)"
2349,2350,20, Down     ,2350, R   ,15,"(20, 15)"
2350,2351,20, Down     ,2351, R   ,14,"(20, 14)"
2351,2352,20, Down     ,2352, L   ,15,"(20, 15)"
2352,2353,20, Down     ,2353, L   ,14,"(20, 14)"
2353,2354,20, Down     ,2354, R   ,13,"(20, 13)"
2354,2355,20, Down     ,2355, R   ,12,"(20, 12)"
2355,2356,20, Down     ,2356, L   ,13,"(20, 13)"
2356,2357,20, Down     ,2357, L   ,12,"(20, 12)"
2357,2358,20, Down     ,2358, R   ,11,"(20, 11)"
2358,2359,20, Down     ,2359, R   ,10,"(20, 10)"
2359,2360,20, Down     ,2360, L   ,11,"(20, 11)"
2360,2361,20, Down     ,2361, R   ,9,"(20, 9)"
2361,2362,20, Down     ,2362, R   ,8,"(20, 8)"
2362,2363,20, Down     ,2363, L   ,9,"(20, 9)"
2363,2364,20, Down     ,2364, L   ,8,"(20, 8)"
2364,2365,20, Down     ,2365, R   ,7,"(20, 7)"
2365,2366,20, Down     ,2366, R   ,6,"(20, 6)"
2366,2367,20, Down     ,2367, L   ,7,"(20, 7)"
2367,2368,20, Down     ,2368, L   ,6,"(20, 6)"
2368,2369,20, Down     ,2369, R   ,5,"(20, 5)"
2369,2370,20, Down     ,2370, R   ,4,"(20, 4)"
2370,2371,20, Down     ,2371, L   ,5,"(20, 5)"
2371,2372,20, Down     ,2372, L   ,4,"(20, 4)"
2372,2373,20, Down     ,2373, R   ,3,"(20, 3)"
2373,2374,20, Down     ,2374, R   ,2,"(20, 2)"
2374,2375,20, Down     ,2375, L   ,3,"(20, 3)"
2375,2376,20, Down     ,2376, L   ,2,"(20, 2)"
2376,2377,21, Up       ,2377, R   ,2,"(21, 2)"
2377,2378,21, Up       ,2378, R   ,3,"(21, 3)"
2378,2379,21, Up       ,2379, L   ,2,"(21, 2)"
2379,2380,21, Up       ,2380, L   ,3,"(21, 3)"
2380,2381,21, Up       ,2381, R   ,4,"(21, 4)"
2381,2382,21, Up       ,2382, R   ,5,"(21, 5)"
2382,2383,21, Up       ,2383, L   ,4,"(21, 4)"
2383,2384,21, Up       ,2384, L   ,5,"(21, 5)"
2384,2385,21, Up       ,2385, R   ,6,"(21, 6)"
2385,2386,21, Up       ,2386, R   ,7,"(21, 7)"
2386,2387,21, Up       ,2387, L   ,6,"(21, 6)"
2387,2388,21, Up       ,2388, L   ,7,"(21, 7)"
2388,2389,21, Up       ,2389, R   ,8,"(21, 8)"
2389,2390,21, Up       ,2390, R   ,9,"(21, 9)"
2390,2391,21, Up       ,2391, L   ,8,"(21, 8)"
2391,2392,21, Up       ,2392, L   ,9,"(21, 9)"
2392,2393,21, Up       ,2393, R   ,10,"(21, 10)"
2393,2394,21, Up       ,2394, R   ,11,"(21, 11)"
2394,2395,21, Up       ,2395, L   ,10,"(21, 10)"
2395,2396,21, Up       ,2396, L   ,11,"(21, 11)"
2396,2397,21, Up       ,2397, R   ,12,"(21, 12)"
2397,2398,21, Up       ,2398, R   ,13,"(21, 13)"
2398,2399,21, Up       ,2399, L   ,12,"(21, 12)"
2399,2400,21, Up       ,2400, L   ,13,"(21, 13)"
2400,2401,21, Up       ,2401, R   ,14,"(21, 14)"
2401,2402,21, Up       ,2402, R   ,15,"(21, 15)"
2402,2403,21, Up       ,2403, L   ,14,"(21, 14)"
2403,2404,21, Up       ,2404, L   ,15,"(21, 15)"
2404,2405,21, Up       ,2405, R   ,16,"(21, 16)"
2405,2406,21, Up       ,2406, R   ,17,"(21, 17)"
2406,2407,21, Up       ,2407, L   ,16,"(21, 16)"
2407,2408,21, Up       ,2408, L   ,17,"(21, 17)"
2408,2409,21, Up       ,2409, R   ,18,"(21, 18)"
2409,2410,21, Up       ,2410, R   ,19,"(21, 19)"
2410,2411,21, Up       ,2411, L   ,18,"(21, 18)"
2411,2412,21, Up       ,2412, L   ,19,"(21, 19)"
2412,2413,21, Up       ,2413, R   ,20,"(21, 20)"
2413,2414,21, Up       ,2414, R   ,21,"(21, 21)"
2414,2415,21, Up       ,2415, L   ,20,"(21, 20)"
2415,2416,21, Up       ,2416, L   ,21,"(21, 21)"
2416,2417,21, Up       ,2417, R   ,22,"(21, 22)"
2417,2418,21, Up       ,2418, R   ,23,"(21, 23)"
2418,2419,21, Up       ,2419, L   ,22,"(21, 22)"
2419,2420,21, Up       ,2420, L   ,23,"(21, 23)"
2420,2421,21, Up       ,2421, R   ,24,"(21, 24)"
2421,2422,21, Up       ,2422, R   ,25,"(21, 25)"
2422,2423,21, Up       ,2423, L   ,24,"(21, 24)"
2423,2424,21, Up       ,2424, L   ,25,"(21, 25)"
2424,2425,21, Up       ,2425, R   ,26,"(21, 26)"
2425,2426,21, Up       ,2426, R   ,27,"(21, 27)"
2426,2427,21, Up       ,2427, L   ,26,"(21, 26)"
2427,2428,21, Up       ,2428, L   ,27,"(21, 27)"
2428,2429,21, Up       ,2429, R   ,31,"(21, 31)"
2429,2430,21, Up       ,2430, L   ,31,"(21, 31)"
2430,2431,21, Up       ,2431, R   ,32,"(21, 32)"
2431,2432,21, Up       ,2432, R   ,33,"(21, 33)"
2432,2433,21, Up       ,2433, L   ,32,"(21, 32)"
2433,2434,21, Up       ,2434, L   ,33,"(21, 33)"
2434,2435,21, Up       ,2435, R   ,34,"(21, 34)"
2435,2436,21, Up       ,2436, R   ,35,"(21, 35)"
2436,2437,21, Up       ,2437, L   ,34,"(21, 34)"
2437,2438,21, Up       ,2438, L   ,35,"(21, 35)"
2438,2439,21, Up       ,2439, R   ,36,"(21, 36)"
2439,2440,21, Up       ,2440, R   ,37,"(21, 37)"
2440,2441,21, Up       ,2441, L   ,36,"(21, 36)"
2441,2442,21, Up       ,2442, L   ,37,"(21, 37)"
2442,2443,21, Up       ,2443, R   ,38,"(21, 38)"
2443,2444,21, Up       ,2444, R   ,39,"(21, 39)"
2444,2445,21, Up       ,2445, L   ,38,"(21, 38)"
2445,2446,21, Up       ,2446, L   ,39,"(21, 39)"
2446,2447,21, Up       ,2447, R   ,40,"(21, 40)"
2447,2448,21, Up       ,2448, R   ,41,"(21, 41)"
2448,2449,21, Up       ,2449, L   ,40,"(21, 40)"
2449,2450,21, Up       ,2450, L   ,41,"(21, 41)"
2450,2451,21, Up       ,2451, R   ,42,"(21, 42)"
2451,2452,21, Up       ,2452, R   ,43,"(21, 43)"
2452,2453,21, Up       ,2453, L   ,42,"(21, 42)"
2453,2454,21, Up       ,2454, L   ,43,"(21, 43)"
2454,2455,21, Up       ,2455, R   ,44,"(21, 44)"
2455,2456,21, Up       ,2456, R   ,45,"(21, 45)"
2456,2457,21, Up       ,2457, L   ,44,"(21, 44)"
2457,2458,21, Up       ,2458, L   ,45,"(21, 45)"
2458,2459,21, Up       ,2459, R   ,46,"(21, 46)"
2459,2460,21, Up       ,2460, R   ,47,"(21, 47)"
2460,2461,21, Up       ,2461, L   ,46,"(21, 46)"
2461,2462,21, Up       ,2462, L   ,47,"(21, 47)"
2462,2463,21, Up       ,2463, R   ,48,"(21, 48)"
2463,2464,21, Up       ,2464, R   ,49,"(21, 49)"
2464,2465,21, Up       ,2465, L   ,48,"(21, 48)"
2465,2466,21, Up       ,2466, L   ,49,"(21, 49)"
2466,2467,21, Up       ,2467, R   ,50,"(21, 50)"
2467,2468,21, Up       ,2468, R   ,51,"(21, 51)"
2468,2469,21, Up       ,2469, L   ,50,"(21, 50)"
2469,2470,21, Up       ,2470, L   ,51,"(21, 51)"
2470,2471,21, Up       ,2471, R   ,52,"(21, 52)"
2471,2472,21, Up       ,2472, R   ,53,"(21, 53)"
2472,2473,21, Up       ,2473, L   ,52,"(21, 52)"
2473,2474,21, Up       ,2474, L   ,53,"(21, 53)"
2474,2475,21, Up       ,2475, R   ,54,"(21, 54)"
2475,2476,21, Up       ,2476, R   ,55,"(21, 55)"
2476,2477,21, Up       ,2477, L   ,54,"(21, 54)"
2477,2478,21, Up       ,2478, L   ,55,"(21, 55)"
2478,2479,21, Up       ,2479, R   ,56,"(21, 56)"
2479,2480,21, Up       ,2480, R   ,57,"(21, 57)"
2480,2481,21, Up       ,2481, L   ,56,"(21, 56)"
2481,2482,21, Up       ,2482, L   ,57,"(21, 57)"
2482,2483,21, Up       ,2483, R   ,58,"(21, 58)"
2483,2484,21, Up       ,2484, R   ,59,"(21, 59)"
2484,2485,21, Up       ,2485, L   ,58,"(21, 58)"
2485,2486,21, Up       ,2486, L   ,59,"(21, 59)"
2486,2487,21, Up       ,2487, R   ,60,"(21, 60)"
2487,2488,21, Up       ,2488, R   ,61,"(21, 61)"
2488,2489,21, Up       ,2489, L   ,60,"(21, 60)"
2489,2490,21, Up       ,2490, L   ,61,"(21, 61)"
2490,2491,22, Down     ,2491, R   ,61,"(22, 61)"
2491,2492,22, Down     ,2492, R   ,60,"(22, 60)"
2492,2493,22, Down     ,2493, L   ,61,"(22, 61)"
2493,2494,22, Down     ,2494, L   ,60,"(22, 60)"
2494,2495,22, Down     ,2495, R   ,59,"(22, 59)"
2495,2496,22, Down     ,2496, R   ,58,"(22, 58)"
2496,2497,22, Down     ,2497, L   ,59,"(22, 59)"
2497,2498,22, Down     ,2498, L   ,58,"(22, 58)"
2498,2499,22, Down     ,2499, R   ,57,"(22, 57)"
2499,2500,22, Down     ,2500, R   ,56,"(22, 56)"
2500,2501,22, Down     ,2501, L   ,57,"(22, 57)"
2501,2502,22, Down     ,2502, L   ,56,"(22, 56)"
2502,2503,22, Down     ,2503, R   ,55,"(22, 55)"
2503,2504,22, Down     ,2504, R   ,54,"(22, 54)"
2504,2505,22, Down     ,2505, L   ,55,"(22, 55)"
2505,2506,22, Down     ,2506, L   ,54,"(22, 54)"
2506,2507,22, Down     ,2507, R   ,53,"(22, 53)"
2507,2508,22, Down     ,2508, R   ,52,"(22, 52)"
2508,2509,22, Down     ,2509, L   ,53,"(22, 53)"
2509,2510,22, Down     ,2510, L   ,52,"(22, 52)"
2510,2511,22, Down     ,2511, R   ,51,"(22, 51)"
2511,2512,22, Down     ,2512, R   ,50,"(22, 50)"
2512,2513,22, Down     ,2513, L   ,51,"(22, 51)"
2513,2514,22, Down     ,2514, L   ,50,"(22, 50)"
2514,2515,22, Down     ,2515, R   ,49,"(22, 49)"
2515,2516,22, Down     ,2516, R   ,48,"(22, 48)"
2516,2517,22, Down     ,2517, L   ,49,"(22, 49)"
2517,2518,22, Down     ,2518, L   ,48,"(22, 48)"
2518,2519,22, Down     ,2519, R   ,47,"(22, 47)"
2519,2520,22, Down     ,2520, R   ,46,"(22, 46)"
2520,2521,22, Down     ,2521, L   ,47,"(22, 47)"
2521,2522,22, Down     ,2522, L   ,46,"(22, 46)"
2522,2523,22, Down     ,2523, R   ,45,"(22, 45)"
2523,2524,22, Down     ,2524, R   ,44,"(22, 44)"
2524,2525,22, Down     ,2525, L   ,45,"(22, 45)"
2525,2526,22, Down     ,2526, L   ,44,"(22, 44)"
2526,2527,22, Down     ,2527, R   ,43,"(22, 43)"
2527,2528,22, Down     ,2528, R   ,42,"(22, 42)"
2528,2529,22, Down     ,2529, L   ,43,"(22, 43)"
2529,2530,22, Down     ,2530, L   ,42,"(22, 42)"
2530,2531,22, Down     ,2531, R   ,41,"(22, 41)"
2531,2532,22, Down     ,2532, R   ,40,"(22, 40)"
2532,2533,22, Down     ,2533, L   ,41,"(22, 41)"
2533,2534,22, Down     ,2534, L   ,40,"(22, 40)"
2534,2535,22, Down     ,2535, R   ,39,"(22, 39)"
2535,2536,22, Down     ,2536, R   ,38,"(22, 38)"
2536,2537,22, Down     ,2537, L   ,39,"(22, 39)"
2537,2538,22, Down     ,2538, L   ,38,"(22, 38)"
2538,2539,22, Down     ,2539, R   ,37,"(22, 37)"
2539,2540,22, Down     ,2540, R   ,36,"(22, 36)"
2540,2541,22, Down     ,2541, L   ,37,"(22, 37)"
2541,2542,22, Down     ,2542, L   ,36,"(22, 36)"
2542,2543,22, Down     ,2543, R   ,35,"(22, 35)"
2543,2544,22, Down     ,2544, R   ,34,"(22, 34)"
2544,2545,22, Down     ,2545, L   ,35,"(22, 35)"
2545,2546,22, Down     ,2546, L   ,34,"(22, 34)"
2546,2547,22, Down     ,2547, R   ,33,"(22, 33)"
2547,2548,22, Down     ,2548, R   ,32,"(22, 32)"
2548,2549,22, Down     ,2549, L   ,33,"(22, 33)"
2549,2550,22, Down     ,2550, L   ,32,"(22, 32)"
2550,2551,22, Down     ,2551, R   ,31,"(22, 31)"
2551,2552,22, Down     ,2552, L   ,31,"(22, 31)"
2552,2553,22, Down     ,2553, R   ,27,"(22, 27)"
2553,2554,22, Down     ,2554, R   ,26,"(22, 26)"
2554,2555,22, Down     ,2555, L   ,27,"(22, 27)"
2555,2556,22, Down     ,2556, L   ,26,"(22, 26)"
2556,2557,22, Down     ,2557, R   ,25,"(22, 25)"
2557,2558,22, Down     ,2558, R   ,24,"(22, 24)"
2558,2559,22, Down     ,2559, L   ,25,"(22, 25)"
2559,2560,22, Down     ,2560, L   ,24,"(22, 24)"
2560,2561,22, Down     ,2561, R   ,23,"(22, 23)"
2561,2562,22, Down     ,2562, R   ,22,"(22, 22)"
2562,2563,22, Down     ,2563, L   ,23,"(22, 23)"
2563,2564,22, Down     ,2564, L   ,22,"(22, 22)"
2564,2565,22, Down     ,2565, R   ,21,"(22, 21)"
2565,2566,22, Down     ,2566, R   ,20,"(22, 20)"
2566,2567,22, Down     ,2567, L   ,21,"(22, 21)"
2567,2568,22, Down     ,2568, L   ,20,"(22, 20)"
2568,2569,22, Down     ,2569, R   ,19,"(22, 19)"
2569,2570,22, Down     ,2570, R   ,18,"(22, 18)"
2570,2571,22, Down     ,2571, L   ,19,"(22, 19)"
2571,2572,22, Down     ,2572, L   ,18,"(22, 18)"
2572,2573,22, Down     ,2573, R   ,17,"(22, 17)"
2573,2574,22, Down     ,2574, R   ,16,"(22, 16)"
2574,2575,22, Down     ,2575, L   ,17,"(22, 17)"
2575,2576,22, Down     ,2576, L   ,16,"(22, 16)"
2576,2577,22, Down     ,2577, R   ,15,"(22, 15)"
2577,2578,22, Down     ,2578, R   ,14,"(22, 14)"
2578,2579,22, Down     ,2579, L   ,15,"(22, 15)"
2579,2580,22, Down     ,2580, L   ,14,"(22, 14)"
2580,2581,22, Down     ,2581, R   ,13,"(22, 13)"
2581,2582,22, Down     ,2582, R   ,12,"(22, 12)"
2582,2583,22, Down     ,2583, L   ,13,"(22, 13)"
2583,2584,22, Down     ,2584, L   ,12,"(22, 12)"
2584,2585,22, Down     ,2585, R   ,11,"(22, 11)"
2585,2586,22, Down     ,2586, R   ,10,"(22, 10)"
2586,2587,22, Down     ,2587, L   ,11,"(22, 11)"
2587,2588,22, Down     ,2588, L   ,10,"(22, 10)"
2588,2589,22, Down     ,2589, R   ,9,"(22, 9)"
2589,2590,22, Down     ,2590, R   ,8,"(22, 8)"
2590,2591,22, Down     ,2591, L   ,9,"(22, 9)"
2591,2592,22, Down     ,2592, L   ,8,"(22, 8)"
2592,2593,22, Down     ,2593, R   ,7,"(22, 7)"
2593,2594,22, Down     ,2594, R   ,6,"(22, 6)"
2594,2595,22, Down     ,2595, L   ,7,"(22, 7)"
2595,2596,22, Down     ,2596, L   ,6,"(22, 6)"
2596,2597,22, Down     ,2597, R   ,5,"(22, 5)"
2597,2598,22, Down     ,2598, R   ,4,"(22, 4)"
2598,2599,22, Down     ,2599, L   ,5,"(22, 5)"
2599,2600,22, Down     ,2600, L   ,4,"(22, 4)"
2600,2601,22, Down     ,2601, R   ,3,"(22, 3)"
2601,2602,22, Down     ,2602, R   ,2,"(22, 2)"
2602,2603,22, Down     ,2603, L   ,3,"(22, 3)"
2603,2604,22, Down     ,2604, L   ,2,"(22, 2)"
2604,2605,23, Up       ,2605, R   ,2,"(23, 2)"
2605,2606,23, Up       ,2606, R   ,3,"(23, 3)"
2606,2607,23, Up       ,2607, L   ,2,"(23, 2)"
2607,2608,23, Up       ,2608, L   ,3,"(23, 3)"
2608,2609,23, Up       ,2609, R   ,4,"(23, 4)"
2609,2610,23, Up       ,2610, R   ,5,"(23, 5)"
2610,2611,23, Up       ,2611, L   ,4,"(23, 4)"
2611,2612,23, Up       ,2612, L   ,5,"(23, 5)"
2612,2613,23, Up       ,2613, R   ,6,"(23, 6)"
2613,2614,23, Up       ,2614, R   ,7,"(23, 7)"
2614,2615,23, Up       ,2615, L   ,6,"(23, 6)"
2615,2616,23, Up       ,2616, L   ,7,"(23, 7)"
2616,2617,23, Up       ,2617, R   ,8,"(23, 8)"
2617,2618,23, Up       ,2618, R   ,9,"(23, 9)"
2618,2619,23, Up       ,2619, L   ,8,"(23, 8)"
2619,2620,23, Up       ,2620, L   ,9,"(23, 9)"
2620,2621,23, Up       ,2621, R   ,11,"(23, 11)"
2621,2622,23, Up       ,2622, L   ,10,"(23, 10)"
2622,2623,23, Up       ,2623, L   ,11,"(23, 11)"
2623,2624,23, Up       ,2624, R   ,12,"(23, 12)"
2624,2625,23, Up       ,2625, R   ,13,"(23, 13)"
2625,2626,23, Up       ,2626, L   ,12,"(23, 12)"
2626,2627,23, Up       ,2627, L   ,13,"(23, 13)"
2627,2628,23, Up       ,2628, R   ,14,"(23, 14)"
2628,2629,23, Up       ,2629, R   ,15,"(23, 15)"
2629,2630,23, Up       ,2630, L   ,14,"(23, 14)"
2630,2631,23, Up       ,2631, L   ,15,"(23, 15)"
2631,2632,23, Up       ,2632, R   ,16,"(23, 16)"
2632,2633,23, Up       ,2633, R   ,17,"(23, 17)"
2633,2634,23, Up       ,2634, L   ,16,"(23, 16)"
2634,2635,23, Up       ,2635, L   ,17,"(23, 17)"
2635,2636,23, Up       ,2636, R   ,18,"(23, 18)"
2636,2637,23, Up       ,2637, R   ,19,"(23, 19)"
2637,2638,23, Up       ,2638, L   ,18,"(23, 18)"
2638,2639,23, Up       ,2639, L   ,19,"(23, 19)"
2639,2640,23, Up       ,2640, R   ,20,"(23, 20)"
2640,2641,23, Up       ,2641, R   ,21,"(23, 21)"
2641,2642,23, Up       ,2642, L   ,20,"(23, 20)"
2642,2643,23, Up       ,2643, L   ,21,"(23, 21)"
2643,2644,23, Up       ,2644, R   ,22,"(23, 22)"
2644,2645,23, Up       ,2645, R   ,23,"(23, 23)"
2645,2646,23, Up       ,2646, L   ,22,"(23, 22)"
2646,2647,23, Up       ,2647, L   ,23,"(23, 23)"
2647,2648,23, Up       ,2648, R   ,24,"(23, 24)"
2648,2649,23, Up       ,2649, R   ,25,"(23, 25)"
2649,2650,23, Up       ,2650, L   ,24,"(23, 24)"
2650,2651,23, Up       ,2651, L   ,25,"(23, 25)"
2651,2652,23, Up       ,2652, R   ,26,"(23, 26)"
2652,2653,23, Up       ,2653, R   ,27,"(23, 27)"
2653,2654,23, Up       ,2654, L   ,26,"(23, 26)"
2654,2655,23, Up       ,2655, L   ,27,"(23, 27)"
2655,2656,23, Up       ,2656, R   ,31,"(23, 31)"
2656,2657,23, Up       ,2657, L   ,31,"(23, 31)"
2657,2658,23, Up       ,2658, R   ,33,"(23, 33)"
2658,2659,23, Up       ,2659, L   ,32,"(23, 32)"
2659,2660,23, Up       ,2660, L   ,33,"(23, 33)"
2660,2661,23, Up       ,2661, R   ,34,"(23, 34)"
2661,2662,23, Up       ,2662, R   ,35,"(23, 35)"
2662,2663,23, Up       ,2663, L   ,34,"(23, 34)"
2663,2664,23, Up       ,2664, L   ,35,"(23, 35)"
2664,2665,23, Up       ,2665, R   ,36,"(23, 36)"
2665,2666,23, Up       ,2666, R   ,37,"(23, 37)"
2666,2667,23, Up       ,2667, L   ,36,"(23, 36)"
2667,2668,23, Up       ,2668, L   ,37,"(23, 37)"
2668,2669,23, Up       ,2669, R   ,38,"(23, 38)"
2669,2670,23, Up       ,2670, R   ,39,"(23, 39)"
2670,2671,23, Up       ,2671, L   ,38,"(23, 38)"
2671,2672,23, Up       ,2672, L   ,39,"(23, 39)"
2672,2673,23, Up       ,2673, R   ,40,"(23, 40)"
2673,2674,23, Up       ,2674, R   ,41,"(23, 41)"
2674,2675,23, Up       ,2675, L   ,40,"(23, 40)"
2675,2676,23, Up       ,2676, L   ,41,"(23, 41)"
2676,2677,23, Up       ,2677, R   ,42,"(23, 42)"
2677,2678,23, Up       ,2678, R   ,43,"(23, 43)"
2678,2679,23, Up       ,2679, L   ,42,"(23, 42)"
2679,2680,23, Up       ,2680, L   ,43,"(23, 43)"
2680,2681,23, Up       ,2681, R   ,44,"(23, 44)"
2681,2682,23, Up       ,2682, R   ,45,"(23, 45)"
2682,2683,23, Up       ,2683, L   ,44,"(23, 44)"
2683,2684,23, Up       ,2684, L   ,45,"(23, 45)"
2684,2685,23, Up       ,2685, R   ,46,"(23, 46)"
2685,2686,23, Up       ,2686, R   ,47,"(23, 47)"
2686,2687,23, Up       ,2687, L   ,46,"(23, 46)"
2687,2688,23, Up       ,2688, L   ,47,"(23, 47)"
2688,2689,23, Up       ,2689, R   ,48,"(23, 48)"
2689,2690,23, Up       ,2690, R   ,49,"(23, 49)"
2690,2691,23, Up       ,2691, L   ,48,"(23, 48)"
2691,2692,23, Up       ,2692, L   ,49,"(23, 49)"
2692,2693,23, Up       ,2693, R   ,50,"(23, 50)"
2693,2694,23, Up       ,2694, R   ,51,"(23, 51)"
2694,2695,23, Up       ,2695, L   ,50,"(23, 50)"
2695,2696,23, Up       ,2696, L   ,51,"(23, 51)"
2696,2697,23, Up       ,2697, R   ,52,"(23, 52)"
2697,2698,23, Up       ,2698, R   ,53,"(23, 53)"
2698,2699,23, Up       ,2699, L   ,52,"(23, 52)"
2699,2700,23, Up       ,2700, L   ,53,"(23, 53)"
2700,2701,23, Up       ,2701, R   ,54,"(23, 54)"
2701,2702,23, Up       ,2702, L   ,54,"(23, 54)"
2702,2703,23, Up       ,2703, L   ,55,"(23, 55)"
2703,2704,23, Up       ,2704, R   ,56,"(23, 56)"
2704,2705,23, Up       ,2705, R   ,57,"(23, 57)"
2705,2706,23, Up       ,2706, L   ,56,"(23, 56)"
2706,2707,23, Up       ,2707, L   ,57,"(23, 57)"
2707,2708,23, Up       ,2708, R   ,58,"(23, 58)"
2708,2709,23, Up       ,2709, R   ,59,"(23, 59)"
2709,2710,23, Up       ,2710, L   ,58,"(23, 58)"
2710,2711,23, Up       ,2711, L   ,59,"(23, 59)"
2711,2712,23, Up       ,2712, R   ,60,"(23, 60)"
2712,2713,23, Up       ,2713, R   ,61,"(23, 61)"
2713,2714,23, Up       ,2714, L   ,60,"(23, 60)"
2714,2715,23, Up       ,2715, L   ,61,"(23, 61)"
2715,2716,24, Down     ,2716, R   ,61,"(24, 61)"
2716,2717,24, Down     ,2717, R   ,60,"(24, 60)"
2717,2718,24, Down     ,2718, L   ,61,"(24, 61)"
2718,2719,24, Down     ,2719, L   ,60,"(24, 60)"
2719,2720,24, Down     ,2720, R   ,59,"(24, 59)"
2720,2721,24, Down     ,2721, R   ,58,"(24, 58)"
2721,2722,24, Down     ,2722, L   ,59,"(24, 59)"
2722,2723,24, Down     ,2723, L   ,58,"(24, 58)"
2723,2724,24, Down     ,2724, R   ,57,"(24, 57)"
2724,2725,24, Down     ,2725, R   ,56,"(24, 56)"
2725,2726,24, Down     ,2726, L   ,57,"(24, 57)"
2726,2727,24, Down     ,2727, L   ,56,"(24, 56)"
2727,2728,24, Down     ,2728, R   ,55,"(24, 55)"
2728,2729,24, Down     ,2729, R   ,54,"(24, 54)"
2729,2730,24, Down     ,2730, L   ,55,"(24, 55)"
2730,2731,24, Down     ,2731, L   ,54,"(24, 54)"
2731,2732,24, Down     ,2732, R   ,53,"(24, 53)"
2732,2733,24, Down     ,2733, R   ,52,"(24, 52)"
2733,2734,24, Down     ,2734, L   ,53,"(24, 53)"
2734,2735,24, Down     ,2735, L   ,52,"(24, 52)"
2735,2736,24, Down     ,2736, R   ,51,"(24, 51)"
2736,2737,24, Down     ,2737, R   ,50,"(24, 50)"
2737,2738,24, Down     ,2738, L   ,51,"(24, 51)"
2738,2739,24, Down     ,2739, L   ,50,"(24, 50)"
2739,2740,24, Down     ,2740, R   ,49,"(24, 49)"
2740,2741,24, Down     ,2741, R   ,48,"(24, 48)"
2741,2742,24, Down     ,2742, L   ,49,"(24, 49)"
2742,2743,24, Down     ,2743, L   ,48,"(24, 48)"
2743,2744,24, Down     ,2744, R   ,47,"(24, 47)"
2744,2745,24, Down     ,2745, R   ,46,"(24, 46)"
2745,2746,24, Down     ,2746, L   ,47,"(24, 47)"
2746,2747,24, Down     ,2747, L   ,46,"(24, 46)"
2747,2748,24, Down     ,2748, R   ,45,"(24, 45)"
2748,2749,24, Down     ,2749, R   ,44,"(24, 44)"
2749,2750,24, Down     ,2750, L   ,45,"(24, 45)"
2750,2751,24, Down     ,2751, L   ,44,"(24, 44)"
2751,2752,24, Down     ,2752, R   ,43,"(24, 43)"
2752,2753,24, Down     ,2753, R   ,42,"(24, 42)"
2753,2754,24, Down     ,2754, L   ,43,"(24, 43)"
2754,2755,24, Down     ,2755, L   ,42,"(24, 42)"
2755,2756,24, Down     ,2756, R   ,41,"(24, 41)"
2756,2757,24, Down     ,2757, R   ,40,"(24, 40)"
2757,2758,24, Down     ,2758, L   ,41,"(24, 41)"
2758,2759,24, Down     ,2759, L   ,40,"(24, 40)"
2759,2760,24, Down     ,2760, R   ,39,"(24, 39)"
2760,2761,24, Down     ,2761, R   ,38,"(24, 38)"
2761,2762,24, Down     ,2762, L   ,39,"(24, 39)"
2762,2763,24, Down     ,2763, L   ,38,"(24, 38)"
2763,2764,24, Down     ,2764, R   ,37,"(24, 37)"
2764,2765,24, Down     ,2765, R   ,36,"(24, 36)"
2765,2766,24, Down     ,2766, L   ,37,"(24, 37)"
2766,2767,24, Down     ,2767, L   ,36,"(24, 36)"
2767,2768,24, Down     ,2768, R   ,35,"(24, 35)"
2768,2769,24, Down     ,2769, R   ,34,"(24, 34)"
2769,2770,24, Down     ,2770, L   ,35,"(24, 35)"
2770,2771,24, Down     ,2771, L   ,34,"(24, 34)"
2771,2772,24, Down     ,2772, R   ,33,"(24, 33)"
2772,2773,24, Down     ,2773, R   ,32,"(24, 32)"
2773,2774,24, Down     ,2774, L   ,33,"(24, 33)"
2774,2775,24, Down     ,2775, L   ,32,"(24, 32)"
2775,2776,24, Down     ,2776, R   ,31,"(24, 31)"
2776,2777,24, Down     ,2777, L   ,31,"(24, 31)"
2777,2778,24, Down     ,2778, R   ,27,"(24, 27)"
2778,2779,24, Down     ,2779, R   ,26,"(24, 26)"
2779,2780,24, Down     ,2780, L   ,27,"(24, 27)"
2780,2781,24, Down     ,2781, L   ,26,"(24, 26)"
2781,2782,24, Down     ,2782, R   ,25,"(24, 25)"
2782,2783,24, Down     ,2783, R   ,24,"(24, 24)"
2783,2784,24, Down     ,2784, L   ,25,"(24, 25)"
2784,2785,24, Down     ,2785, L   ,24,"(24, 24)"
2785,2786,24, Down     ,2786, R   ,23,"(24, 23)"
2786,2787,24, Down     ,2787, R   ,22,"(24, 22)"
2787,2788,24, Down     ,2788, L   ,23,"(24, 23)"
2788,2789,24, Down     ,2789, L   ,22,"(24, 22)"
2789,2790,24, Down     ,2790, R   ,21,"(24, 21)"
2790,2791,24, Down     ,2791, R   ,20,"(24, 20)"
2791,2792,24, Down     ,2792, L   ,21,"(24, 21)"
2792,2793,24, Down     ,2793, L   ,20,"(24, 20)"
2793,2794,24, Down     ,2794, R   ,19,"(24, 19)"
2794,2795,24, Down     ,2795, R   ,18,"(24, 18)"
2795,2796,24, Down     ,2796, L   ,19,"(24, 19)"
2796,2797,24, Down     ,2797, L   ,18,"(24, 18)"
2797,2798,24, Down     ,2798, R   ,17,"(24, 17)"
2798,2799,24, Down     ,2799, R   ,16,"(24, 16)"
2799,2800,24, Down     ,2800, L   ,17,"(24, 17)"
2800,2801,24, Down     ,2801, L   ,16,"(24, 16)"
2801,2802,24, Down     ,2802, R   ,15,"(24, 15)"
2802,2803,24, Down     ,2803, R   ,14,"(24, 14)"
2803,2804,24, Down     ,2804, L   ,15,"(24, 15)"
2804,2805,24, Down     ,2805, L   ,14,"(24, 14)"
2805,2806,24, Down     ,2806, R   ,13,"(24, 13)"
2806,2807,24, Down     ,2807, R   ,12,"(24, 12)"
2807,2808,24, Down     ,2808, L   ,13,"(24, 13)"
2808,2809,24, Down     ,2809, L   ,12,"(24, 12)"
2809,2810,24, Down     ,2810, R   ,11,"(24, 11)"
2810,2811,24, Down     ,2811, R   ,10,"(24, 10)"
2811,2812,24, Down     ,2812, L   ,11,"(24, 11)"
2812,2813,24, Down     ,2813, L   ,10,"(24, 10)"
2813,2814,24, Down     ,2814, R   ,9,"(24, 9)"
2814,2815,24, Down     ,2815, R   ,8,"(24, 8)"
2815,2816,24, Down     ,2816, L   ,9,"(24, 9)"
2816,2817,24, Down     ,2817, L   ,8,"(24, 8)"
2817,2818,24, Down     ,2818, R   ,7,"(24, 7)"
2818,2819,24, Down     ,2819, R   ,6,"(24, 6)"
2819,2820,24, Down     ,2820, L   ,7,"(24, 7)"
2820,2821,24, Down     ,2821, L   ,6,"(24, 6)"
2821,2822,24, Down     ,2822, R   ,5,"(24, 5)"
2822,2823,24, Down     ,2823, R   ,4,"(24, 4)"
2823,2824,24, Down     ,2824, L   ,5,"(24, 5)"
2824,2825,24, Down     ,2825, L   ,4,"(24, 4)"
2825,2826,24, Down     ,2826, R   ,3,"(24, 3)"
2826,2827,24, Down     ,2827, R   ,2,"(24, 2)"
2827,2828,24, Down     ,2828, L   ,3,"(24, 3)"
2828,2829,24, Down     ,2829, L   ,2,"(24, 2)"
2829,2830,25, Up       ,2830, R   ,2,"(25, 2)"
2830,2831,25, Up       ,2831, R   ,3,"(25, 3)"
2831,2832,25, Up       ,2832, L   ,2,"(25, 2)"
2832,2833,25, Up       ,2833, L   ,3,"(25, 3)"
2833,2834,25, Up       ,2834, R   ,4,"(25, 4)"
2834,2835,25, Up       ,2835, R   ,5,"(25, 5)"
2835,2836,25, Up       ,2836, L   ,4,"(25, 4)"
2836,2837,25, Up       ,2837, L   ,5,"(25, 5)"
2837,2838,25, Up       ,2838, R   ,6,"(25, 6)"
2838,2839,25, Up       ,2839, R   ,7,"(25, 7)"
2839,2840,25, Up       ,2840, L   ,6,"(25, 6)"
2840,2841,25, Up       ,2841, L   ,7,"(25, 7)"
2841,2842,25, Up       ,2842, R   ,8,"(25, 8)"
2842,2843,25, Up       ,2843, R   ,9,"(25, 9)"
2843,2844,25, Up       ,2844, L   ,8,"(25, 8)"
2844,2845,25, Up       ,2845, L   ,9,"(25, 9)"
2845,2846,25, Up       ,2846, R   ,10,"(25, 10)"
2846,2847,25, Up       ,2847, R   ,11,"(25, 11)"
2847,2848,25, Up       ,2848, L   ,10,"(25, 10)"
2848,2849,25, Up       ,2849, L   ,11,"(25, 11)"
2849,2850,25, Up       ,2850, R   ,12,"(25, 12)"
2850,2851,25, Up       ,2851, R   ,13,"(25, 13)"
2851,2852,25, Up       ,2852, L   ,12,"(25, 12)"
2852,2853,25, Up       ,2853, L   ,13,"(25, 13)"
2853,2854,25, Up       ,2854, R   ,14,"(25, 14)"
2854,2855,25, Up       ,2855, R   ,15,"(25, 15)"
2855,2856,25, Up       ,2856, L   ,14,"(25, 14)"
2856,2857,25, Up       ,2857, L   ,15,"(25, 15)"
2857,2858,25, Up       ,2858, R   ,16,"(25, 16)"
2858,2859,25, Up       ,2859, R   ,17,"(25, 17)"
2859,2860,25, Up       ,2860, L   ,16,"(25, 16)"
2860,2861,25, Up       ,2861, L   ,17,"(25, 17)"
2861,2862,25, Up       ,2862, R   ,18,"(25, 18)"
2862,2863,25, Up       ,2863, R   ,19,"(25, 19)"
2863,2864,25, Up       ,2864, L   ,18,"(25, 18)"
2864,2865,25, Up       ,2865, L   ,19,"(25, 19)"
2865,2866,25, Up       ,2866, R   ,20,"(25, 20)"
2866,2867,25, Up       ,2867, R   ,21,"(25, 21)"
2867,2868,25, Up       ,2868, L   ,20,"(25, 20)"
2868,2869,25, Up       ,2869, L   ,21,"(25, 21)"
2869,2870,25, Up       ,2870, R   ,22,"(25, 22)"
2870,2871,25, Up       ,2871, R   ,23,"(25, 23)"
2871,2872,25, Up       ,2872, L   ,22,"(25, 22)"
2872,2873,25, Up       ,2873, L   ,23,"(25, 23)"
2873,2874,25, Up       ,2874, R   ,24,"(25, 24)"
2874,2875,25, Up       ,2875, R   ,25,"(25, 25)"
2875,2876,25, Up       ,2876, L   ,24,"(25, 24)"
2876,2877,25, Up       ,2877, L   ,25,"(25, 25)"
2877,2878,25, Up       ,2878, R   ,26,"(25, 26)"
2878,2879,25, Up       ,2879, R   ,27,"(25, 27)"
2879,2880,25, Up       ,2880, L   ,26,"(25, 26)"
2880,2881,25, Up       ,2881, L   ,27,"(25, 27)"
2881,2882,25, Up       ,2882, R   ,31,"(25, 31)"
2882,2883,25, Up       ,2883, L   ,31,"(25, 31)"
2883,2884,25, Up       ,2884, R   ,32,"(25, 32)"
2884,2885,25, Up       ,2885, R   ,33,"(25, 33)"
2885,2886,25, Up       ,2886, L   ,32,"(25, 32)"
2886,2887,25, Up       ,2887, L   ,33,"(25, 33)"
2887,2888,25, Up       ,2888, R   ,34,"(25, 34)"
2888,2889,25, Up       ,2889, R   ,35,"(25, 35)"
2889,2890,25, Up       ,2890, L   ,34,"(25, 34)"
2890,2891,25, Up       ,2891, L   ,35,"(25, 35)"
2891,2892,25, Up       ,2892, R   ,36,"(25, 36)"
2892,2893,25, Up       ,2893, R   ,37,"(25, 37)"
2893,2894,25, Up       ,2894, L   ,36,"(25, 36)"
2894,2895,25, Up       ,2895, L   ,37,"(25, 37)"
2895,2896,25, Up       ,2896, R   ,38,"(25, 38)"
2896,2897,25, Up       ,2897, R   ,39,"(25, 39)"
2897,2898,25, Up       ,2898, L   ,38,"(25, 38)"
2898,2899,25, Up       ,2899, L   ,39,"(25, 39)"
2899,2900,25, Up       ,2900, R   ,40,"(25, 40)"
2900,2901,25, Up       ,2901, R   ,41,"(25, 41)"
2901,2902,25, Up       ,2902, L   ,40,"(25, 40)"
2902,2903,25, Up       ,2903, L   ,41,"(25, 41)"
2903,2904,25, Up       ,2904, R   ,42,"(25, 42)"
2904,2905,25, Up       ,2905, R   ,43,"(25, 43)"
2905,2906,25, Up       ,2906, L   ,42,"(25, 42)"
2906,2907,25, Up       ,2907, L   ,43,"(25, 43)"
2907,2908,25, Up       ,2908, R   ,44,"(25, 44)"
2908,2909,25, Up       ,2909, R   ,45,"(25, 45)"
2909,2910,25, Up       ,2910, L   ,44,"(25, 44)"
2910,2911,25, Up       ,2911, L   ,45,"(25, 45)"
2911,2912,25, Up       ,2912, R   ,46,"(25, 46)"
2912,2913,25, Up       ,2913, R   ,47,"(25, 47)"
2913,2914,25, Up       ,2914, L   ,46,"(25, 46)"
2914,2915,25, Up       ,2915, L   ,47,"(25, 47)"
2915,2916,25, Up       ,2916, R   ,48,"(25, 48)"
2916,2917,25, Up       ,2917, R   ,49,"(25, 49)"
2917,2918,25, Up       ,2918, L   ,48,"(25, 48)"
2918,2919,25, Up       ,2919, L   ,49,"(25, 49)"
2919,2920,25, Up       ,2920, R   ,50,"(25, 50)"
2920,2921,25, Up       ,2921, R   ,51,"(25, 51)"
2921,2922,25, Up       ,2922, L   ,50,"(25, 50)"
2922,2923,25, Up       ,2923, L   ,51,"(25, 51)"
2923,2924,25, Up       ,2924, R   ,52,"(25, 52)"
2924,2925,25, Up       ,2925, R   ,53,"(25, 53)"
2925,2926,25, Up       ,2926, L   ,52,"(25, 52)"
2926,2927,25, Up       ,2927, L   ,53,"(25, 53)"
2927,2928,25, Up       ,2928, R   ,54,"(25, 54)"
2928,2929,25, Up       ,2929, R   ,55,"(25, 55)"
2929,2930,25, Up       ,2930, L   ,54,"(25, 54)"
2930,2931,25, Up       ,2931, L   ,55,"(25, 55)"
2931,2932,25, Up       ,2932, R   ,56,"(25, 56)"
2932,2933,25, Up       ,2933, R   ,57,"(25, 57)"
2933,2934,25, Up       ,2934, L   ,56,"(25, 56)"
2934,2935,25, Up       ,2935, L   ,57,"(25, 57)"
2935,2936,25, Up       ,2936, R   ,58,"(25, 58)"
2936,2937,25, Up       ,2937, R   ,59,"(25, 59)"
2937,2938,25, Up       ,2938, L   ,58,"(25, 58)"
2938,2939,25, Up       ,2939, L   ,59,"(25, 59)"
2939,2940,25, Up       ,2940, R   ,60,"(25, 60)"
2940,2941,25, Up       ,2941, R   ,61,"(25, 61)"
2941,2942,25, Up       ,2942, L   ,60,"(25, 60)"
2942,2943,25, Up       ,2943, L   ,61,"(25, 61)"
2943,2944,26, Down     ,2944, R   ,61,"(26, 61)"
2944,2945,26, Down     ,2945, R   ,60,"(26, 60)"
2945,2946,26, Down     ,2946, L   ,61,"(26, 61)"
2946,2947,26, Down     ,2947, L   ,60,"(26, 60)"
2947,2948,26, Down     ,2948, R   ,59,"(26, 59)"
2948,2949,26, Down     ,2949, R   ,58,"(26, 58)"
2949,2950,26, Down     ,2950, L   ,59,"(26, 59)"
2950,2951,26, Down     ,2951, L   ,58,"(26, 58)"
2951,2952,26, Down     ,2952, R   ,57,"(26, 57)"
2952,2953,26, Down     ,2953, R   ,56,"(26, 56)"
2953,2954,26, Down     ,2954, L   ,57,"(26, 57)"
2954,2955,26, Down     ,2955, L   ,56,"(26, 56)"
2955,2956,26, Down     ,2956, R   ,55,"(26, 55)"
2956,2957,26, Down     ,2957, R   ,54,"(26, 54)"
2957,2958,26, Down     ,2958, L   ,54,"(26, 54)"
2958,2959,26, Down     ,2959, R   ,53,"(26, 53)"
2959,2960,26, Down     ,2960, R   ,52,"(26, 52)"
2960,2961,26, Down     ,2961, L   ,53,"(26, 53)"
2961,2962,26, Down     ,2962, L   ,52,"(26, 52)"
2962,2963,26, Down     ,2963, R   ,51,"(26, 51)"
2963,2964,26, Down     ,2964, R   ,50,"(26, 50)"
2964,2965,26, Down     ,2965, L   ,51,"(26, 51)"
2965,2966,26, Down     ,2966, L   ,50,"(26, 50)"
2966,2967,26, Down     ,2967, R   ,49,"(26, 49)"
2967,2968,26, Down     ,2968, R   ,48,"(26, 48)"
2968,2969,26, Down     ,2969, L   ,49,"(26, 49)"
2969,2970,26, Down     ,2970, L   ,48,"(26, 48)"
2970,2971,26, Down     ,2971, R   ,47,"(26, 47)"
2971,2972,26, Down     ,2972, R   ,46,"(26, 46)"
2972,2973,26, Down     ,2973, L   ,47,"(26, 47)"
2973,2974,26, Down     ,2974, L   ,46,"(26, 46)"
2974,2975,26, Down     ,2975, R   ,45,"(26, 45)"
2975,2976,26, Down     ,2976, R   ,44,"(26, 44)"
2976,2977,26, Down     ,2977, L   ,45,"(26, 45)"
2977,2978,26, Down     ,2978, L   ,44,"(26, 44)"
2978,2979,26, Down     ,2979, R   ,43,"(26, 43)"
2979,2980,26, Down     ,2980, R   ,42,"(26, 42)"
2980,2981,26, Down     ,2981, L   ,43,"(26, 43)"
2981,2982,26, Down     ,2982, L   ,42,"(26, 42)"
2982,2983,26, Down     ,2983, R   ,41,"(26, 41)"
2983,2984,26, Down     ,2984, R   ,40,"(26, 40)"
2984,2985,26, Down     ,2985, L   ,41,"(26, 41)"
2985,2986,26, Down     ,2986, L   ,40,"(26, 40)"
2986,2987,26, Down     ,2987, R   ,39,"(26, 39)"
2987,2988,26, Down     ,2988, R   ,38,"(26, 38)"
2988,2989,26, Down     ,2989, L   ,39,"(26, 39)"
2989,2990,26, Down     ,2990, L   ,38,"(26, 38)"
2990,2991,26, Down     ,2991, R   ,37,"(26, 37)"
2991,2992,26, Down     ,2992, R   ,36,"(26, 36)"
2992,2993,26, Down     ,2993, L   ,37,"(26, 37)"
2993,2994,26, Down     ,2994, L   ,36,"(26, 36)"
2994,2995,26, Down     ,2995, R   ,35,"(26, 35)"
2995,2996,26, Down     ,2996, R   ,34,"(26, 34)"
2996,2997,26, Down     ,2997, L   ,35,"(26, 35)"
2997,2998,26, Down     ,2998, L   ,34,"(26, 34)"
2998,2999,26, Down     ,2999, R   ,33,"(26, 33)"
2999,3000,26, Down     ,3000, R   ,32,"(26, 32)"
3000,3001,26, Down     ,3001, L   ,33,"(26, 33)"
3001,3002,26, Down     ,3002, R   ,31,"(26, 31)"
3002,3003,26, Down     ,3003, L   ,31,"(26, 31)"
3003,3004,26, Down     ,3004, R   ,27,"(26, 27)"
3004,3005,26, Down     ,3005, R   ,26,"(26, 26)"
3005,3006,26, Down     ,3006, L   ,27,"(26, 27)"
3006,3007,26, Down     ,3007, L   ,26,"(26, 26)"
3007,3008,26, Down     ,3008, R   ,25,"(26, 25)"
3008,3009,26, Down     ,3009, R   ,24,"(26, 24)"
3009,3010,26, Down     ,3010, L   ,25,"(26, 25)"
3010,3011,26, Down     ,3011, L   ,24,"(26, 24)"
3011,3012,26, Down     ,3012, R   ,23,"(26, 23)"
3012,3013,26, Down     ,3013, R   ,22,"(26, 22)"
3013,3014,26, Down     ,3014, L   ,23,"(26, 23)"
3014,3015,26, Down     ,3015, L   ,22,"(26, 22)"
3015,3016,26, Down     ,3016, R   ,21,"(26, 21)"
3016,3017,26, Down     ,3017, R   ,20,"(26, 20)"
3017,3018,26, Down     ,3018, L   ,21,"(26, 21)"
3018,3019,26, Down     ,3019, L   ,20,"(26, 20)"
3019,3020,26, Down     ,3020, R   ,19,"(26, 19)"
3020,3021,26, Down     ,3021, R   ,18,"(26, 18)"
3021,3022,26, Down     ,3022, L   ,19,"(26, 19)"
3022,3023,26, Down     ,3023, L   ,18,"(26, 18)"
3023,3024,26, Down     ,3024, R   ,17,"(26, 17)"
3024,3025,26, Down     ,3025, R   ,16,"(26, 16)"
3025,3026,26, Down     ,3026, L   ,17,"(26, 17)"
3026,3027,26, Down     ,3027, L   ,16,"(26, 16)"
3027,3028,26, Down     ,3028, R   ,15,"(26, 15)"
3028,3029,26, Down     ,3029, R   ,14,"(26, 14)"
3029,3030,26, Down     ,3030, L   ,15,"(26, 15)"
3030,3031,26, Down     ,3031, L   ,14,"(26, 14)"
3031,3032,26, Down     ,3032, R   ,13,"(26, 13)"
3032,3033,26, Down     ,3033, R   ,12,"(26, 12)"
3033,3034,26, Down     ,3034, L   ,13,"(26, 13)"
3034,3035,26, Down     ,3035, L   ,12,"(26, 12)"
3035,3036,26, Down     ,3036, R   ,11,"(26, 11)"
3036,3037,26, Down     ,3037, R   ,10,"(26, 10)"
3037,3038,26, Down     ,3038, L   ,11,"(26, 11)"
3038,3039,26, Down     ,3039, R   ,9,"(26, 9)"
3039,3040,26, Down     ,3040, R   ,8,"(26, 8)"
3040,3041,26, Down     ,3041, L   ,9,"(26, 9)"
3041,3042,26, Down     ,3042, L   ,8,"(26, 8)"
3042,3043,26, Down     ,3043, R   ,7,"(26, 7)"
3043,3044,26, Down     ,3044, R   ,6,"(26, 6)"
3044,3045,26, Down     ,3045, L   ,7,"(26, 7)"
3045,3046,26, Down     ,3046, L   ,6,"(26, 6)"
3046,3047,26, Down     ,3047, R   ,5,"(26, 5)"
3047,3048,26, Down     ,3048, R   ,4,"(26, 4)"
3048,3049,26, Down     ,3049, L   ,5,"(26, 5)"
3049,3050,26, Down     ,3050, L   ,4,"(26, 4)"
3050,3051,26, Down     ,3051, R   ,3,"(26, 3)"
3051,3052,26, Down     ,3052, R   ,2,"(26, 2)"
3052,3053,26, Down     ,3053, L   ,3,"(26, 3)"
3053,3054,26, Down     ,3054, L   ,2,"(26, 2)"
3054,3055,27, Up       ,3055, R   ,2,"(27, 2)"
3055,3056,27, Up       ,3056, R   ,3,"(27, 3)"
3056,3057,27, Up       ,3057, L   ,2,"(27, 2)"
3057,3058,27, Up       ,3058, L   ,3,"(27, 3)"
3058,3059,27, Up       ,3059, R   ,4,"(27, 4)"
3059,3060,27, Up       ,3060, R   ,5,"(27, 5)"
3060,3061,27, Up       ,3061, L   ,4,"(27, 4)"
3061,3062,27, Up       ,3062, L   ,5,"(27, 5)"
3062,3063,27, Up       ,3063, R   ,6,"(27, 6)"
3063,3064,27, Up       ,3064, R   ,7,"(27, 7)"
3064,3065,27, Up       ,3065, L   ,6,"(27, 6)"
3065,3066,27, Up       ,3066, L   ,7,"(27, 7)"
3066,3067,27, Up       ,3067, R   ,8,"(27, 8)"
3067,3068,27, Up       ,3068, R   ,9,"(27, 9)"
3068,3069,27, Up       ,3069, L   ,8,"(27, 8)"
3069,3070,27, Up       ,3070, L   ,9,"(27, 9)"
3070,3071,27, Up       ,3071, R   ,10,"(27, 10)"
3071,3072,27, Up       ,3072, R   ,11,"(27, 11)"
3072,3073,27, Up       ,3073, L   ,10,"(27, 10)"
3073,3074,27, Up       ,3074, L   ,11,"(27, 11)"
3074,3075,27, Up       ,3075, R   ,12,"(27, 12)"
3075,3076,27, Up       ,3076, R   ,13,"(27, 13)"
3076,3077,27, Up       ,3077, L   ,12,"(27, 12)"
3077,3078,27, Up       ,3078, L   ,13,"(27, 13)"
3078,3079,27, Up       ,3079, R   ,14,"(27, 14)"
3079,3080,27, Up       ,3080, R   ,15,"(27, 15)"
3080,3081,27, Up       ,3081, L   ,14,"(27, 14)"
3081,3082,27, Up       ,3082, L   ,15,"(27, 15)"
3082,3083,27, Up       ,3083, R   ,16,"(27, 16)"
3083,3084,27, Up       ,3084, R   ,17,"(27, 17)"
3084,3085,27, Up       ,3085, L   ,16,"(27, 16)"
3085,3086,27, Up       ,3086, L   ,17,"(27, 17)"
3086,3087,27, Up       ,3087, R   ,18,"(27, 18)"
3087,3088,27, Up       ,3088, R   ,19,"(27, 19)"
3088,3089,27, Up       ,3089, L   ,18,"(27, 18)"
3089,3090,27, Up       ,3090, L   ,19,"(27, 19)"
3090,3091,27, Up       ,3091, R   ,20,"(27, 20)"
3091,3092,27, Up       ,3092, R   ,21,"(27, 21)"
3092,3093,27, Up       ,3093, L   ,20,"(27, 20)"
3093,3094,27, Up       ,3094, L   ,21,"(27, 21)"
3094,3095,27, Up       ,3095, R   ,22,"(27, 22)"
3095,3096,27, Up       ,3096, R   ,23,"(27, 23)"
3096,3097,27, Up       ,3097, L   ,22,"(27, 22)"
3097,3098,27, Up       ,3098, L   ,23,"(27, 23)"
3098,3099,27, Up       ,3099, R   ,24,"(27, 24)"
3099,3100,27, Up       ,3100, R   ,25,"(27, 25)"
3100,3101,27, Up       ,3101, L   ,24,"(27, 24)"
3101,3102,27, Up       ,3102, L   ,25,"(27, 25)"
3102,3103,27, Up       ,3103, R   ,26,"(27, 26)"
3103,3104,27, Up       ,3104, R   ,27,"(27, 27)"
3104,3105,27, Up       ,3105, L   ,26,"(27, 26)"
3105,3106,27, Up       ,3106, L   ,27,"(27, 27)"
3106,3107,27, Up       ,3107, R   ,31,"(27, 31)"
3107,3108,27, Up       ,3108, L   ,31,"(27, 31)"
3108,3109,27, Up       ,3109, R   ,32,"(27, 32)"
3109,3110,27, Up       ,3110, R   ,33,"(27, 33)"
3110,3111,27, Up       ,3111, L   ,32,"(27, 32)"
3111,3112,27, Up       ,3112, L   ,33,"(27, 33)"
3112,3113,27, Up       ,3113, R   ,34,"(27, 34)"
3113,3114,27, Up       ,3114, R   ,35,"(27, 35)"
3114,3115,27, Up       ,3115, L   ,34,"(27, 34)"
3115,3116,27, Up       ,3116, L   ,35,"(27, 35)"
3116,3117,27, Up       ,3117, R   ,36,"(27, 36)"
3117,3118,27, Up       ,3118, R   ,37,"(27, 37)"
3118,3119,27, Up       ,3119, L   ,36,"(27, 36)"
3119,3120,27, Up       ,3120, L   ,37,"(27, 37)"
3120,3121,27, Up       ,3121, R   ,38,"(27, 38)"
3121,3122,27, Up       ,3122, R   ,39,"(27, 39)"
3122,3123,27, Up       ,3123, L   ,38,"(27, 38)"
3123,3124,27, Up       ,3124, L   ,39,"(27, 39)"
3124,3125,27, Up       ,3125, R   ,40,"(27, 40)"
3125,3126,27, Up       ,3126, R   ,41,"(27, 41)"
3126,3127,27, Up       ,3127, L   ,40,"(27, 40)"
3127,3128,27, Up       ,3128, L   ,41,"(27, 41)"
3128,3129,27, Up       ,3129, R   ,42,"(27, 42)"
3129,3130,27, Up       ,3130, R   ,43,"(27, 43)"
3130,3131,27, Up       ,3131, L   ,42,"(27, 42)"
3131,3132,27, Up       ,3132, L   ,43,"(27, 43)"
3132,3133,27, Up       ,3133, R   ,44,"(27, 44)"
3133,3134,27, Up       ,3134, R   ,45,"(27, 45)"
3134,3135,27, Up       ,3135, L   ,44,"(27, 44)"
3135,3136,27, Up       ,3136, L   ,45,"(27, 45)"
3136,3137,27, Up       ,3137, R   ,46,"(27, 46)"
3137,3138,27, Up       ,3138, R   ,47,"(27, 47)"
3138,3139,27, Up       ,3139, L   ,46,"(27, 46)"
3139,3140,27, Up       ,3140, L   ,47,"(27, 47)"
3140,3141,27, Up       ,3141, R   ,48,"(27, 48)"
3141,3142,27, Up       ,3142, R   ,49,"(27, 49)"
3142,3143,27, Up       ,3143, L   ,48,"(27, 48)"
3143,3144,27, Up       ,3144, L   ,49,"(27, 49)"
3144,3145,27, Up       ,3145, R   ,50,"(27, 50)"
3145,3146,27, Up       ,3146, R   ,51,"(27, 51)"
3146,3147,27, Up       ,3147, L   ,50,"(27, 50)"
3147,3148,27, Up       ,3148, L   ,51,"(27, 51)"
3148,3149,27, Up       ,3149, R   ,52,"(27, 52)"
3149,3150,27, Up       ,3150, R   ,53,"(27, 53)"
3150,3151,27, Up       ,3151, L   ,52,"(27, 52)"
3151,3152,27, Up       ,3152, L   ,53,"(27, 53)"
3152,3153,27, Up       ,3153, R   ,54,"(27, 54)"
3153,3154,27, Up       ,3154, R   ,55,"(27, 55)"
3154,3155,27, Up       ,3155, L   ,54,"(27, 54)"
3155,3156,27, Up       ,3156, L   ,55,"(27, 55)"
3156,3157,27, Up       ,3157, R   ,56,"(27, 56)"
3157,3158,27, Up       ,3158, R   ,57,"(27, 57)"
3158,3159,27, Up       ,3159, L   ,56,"(27, 56)"
3159,3160,27, Up       ,3160, L   ,57,"(27, 57)"
3160,3161,27, Up       ,3161, R   ,58,"(27, 58)"
3161,3162,27, Up       ,3162, R   ,59,"(27, 59)"
3162,3163,27, Up       ,3163, L   ,58,"(27, 58)"
3163,3164,27, Up       ,3164, L   ,59,"(27, 59)"
3164,3165,27, Up       ,3165, R   ,60,"(27, 60)"
3165,3166,27, Up       ,3166, R   ,61,"(27, 61)"
3166,3167,27, Up       ,3167, L   ,60,"(27, 60)"
3167,3168,27, Up       ,3168, L   ,61,"(27, 61)"
3168,3169,28, Down     ,3169, R   ,61,"(28, 61)"
3169,3170,28, Down     ,3170, R   ,60,"(28, 60)"
3170,3171,28, Down     ,3171, L   ,61,"(28, 61)"
3171,3172,28, Down     ,3172, L   ,60,"(28, 60)"
3172,3173,28, Down     ,3173, R   ,59,"(28, 59)"
3173,3174,28, Down     ,3174, R   ,58,"(28, 58)"
3174,3175,28, Down     ,3175, L   ,59,"(28, 59)"
3175,3176,28, Down     ,3176, L   ,58,"(28, 58)"
3176,3177,28, Down     ,3177, R   ,57,"(28, 57)"
3177,3178,28, Down     ,3178, R   ,56,"(28, 56)"
3178,3179,28, Down     ,3179, L   ,57,"(28, 57)"
3179,3180,28, Down     ,3180, L   ,56,"(28, 56)"
3180,3181,28, Down     ,3181, R   ,55,"(28, 55)"
3181,3182,28, Down     ,3182, R   ,54,"(28, 54)"
3182,3183,28, Down     ,3183, L   ,55,"(28, 55)"
3183,3184,28, Down     ,3184, L   ,54,"(28, 54)"
3184,3185,28, Down     ,3185, R   ,53,"(28, 53)"
3185,3186,28, Down     ,3186, R   ,52,"(28, 52)"
3186,3187,28, Down     ,3187, L   ,53,"(28, 53)"
3187,3188,28, Down     ,3188, L   ,52,"(28, 52)"
3188,3189,28, Down     ,3189, R   ,51,"(28, 51)"
3189,3190,28, Down     ,3190, R   ,50,"(28, 50)"
3190,3191,28, Down     ,3191, L   ,51,"(28, 51)"
3191,3192,28, Down     ,3192, L   ,50,"(28, 50)"
3192,3193,28, Down     ,3193, R   ,49,"(28, 49)"
3193,3194,28, Down     ,3194, R   ,48,"(28, 48)"
3194,3195,28, Down     ,3195, L   ,49,"(28, 49)"
3195,3196,28, Down     ,3196, L   ,48,"(28, 48)"
3196,3197,28, Down     ,3197, R   ,47,"(28, 47)"
3197,3198,28, Down     ,3198, R   ,46,"(28, 46)"
3198,3199,28, Down     ,3199, L   ,47,"(28, 47)"
3199,3200,28, Down     ,3200, L   ,46,"(28, 46)"
3200,3201,28, Down     ,3201, R   ,45,"(28, 45)"
3201,3202,28, Down     ,3202, R   ,44,"(28, 44)"
3202,3203,28, Down     ,3203, L   ,45,"(28, 45)"
3203,3204,28, Down     ,3204, L   ,44,"(28, 44)"
3204,3205,28, Down     ,3205, R   ,43,"(28, 43)"
3205,3206,28, Down     ,3206, R   ,42,"(28, 42)"
3206,3207,28, Down     ,3207, L   ,43,"(28, 43)"
3207,3208,28, Down     ,3208, L   ,42,"(28, 42)"
3208,3209,28, Down     ,3209, R   ,41,"(28, 41)"
3209,3210,28, Down     ,3210, R   ,40,"(28, 40)"
3210,3211,28, Down     ,3211, L   ,41,"(28, 41)"
3211,3212,28, Down     ,3212, L   ,40,"(28, 40)"
3212,3213,28, Down     ,3213, R   ,39,"(28, 39)"
3213,3214,28, Down     ,3214, R   ,38,"(28, 38)"
3214,3215,28, Down     ,3215, L   ,39,"(28, 39)"
3215,3216,28, Down     ,3216, L   ,38,"(28, 38)"
3216,3217,28, Down     ,3217, R   ,37,"(28, 37)"
3217,3218,28, Down     ,3218, R   ,36,"(28, 36)"
3218,3219,28, Down     ,3219, L   ,37,"(28, 37)"
3219,3220,28, Down     ,3220, L   ,36,"(28, 36)"
3220,3221,28, Down     ,3221, R   ,35,"(28, 35)"
3221,3222,28, Down     ,3222, R   ,34,"(28, 34)"
3222,3223,28, Down     ,3223, L   ,35,"(28, 35)"
3223,3224,28, Down     ,3224, L   ,34,"(28, 34)"
3224,3225,28, Down     ,3225, R   ,33,"(28, 33)"
3225,3226,28, Down     ,3226, R   ,32,"(28, 32)"
3226,3227,28, Down     ,3227, L   ,33,"(28, 33)"
3227,3228,28, Down     ,3228, L   ,32,"(28, 32)"
3228,3229,28, Down     ,3229, R   ,31,"(28, 31)"
3229,3230,28, Down     ,3230, L   ,31,"(28, 31)"
3230,3231,28, Down     ,3231, R   ,27,"(28, 27)"
3231,3232,28, Down     ,3232, R   ,26,"(28, 26)"
3232,3233,28, Down     ,3233, L   ,27,"(28, 27)"
3233,3234,28, Down     ,3234, L   ,26,"(28, 26)"
3234,3235,28, Down     ,3235, R   ,25,"(28, 25)"
3235,3236,28, Down     ,3236, R   ,24,"(28, 24)"
3236,3237,28, Down     ,3237, L   ,25,"(28, 25)"
3237,3238,28, Down     ,3238, L   ,24,"(28, 24)"
3238,3239,28, Down     ,3239, R   ,23,"(28, 23)"
3239,3240,28, Down     ,3240, R   ,22,"(28, 22)"
3240,3241,28, Down     ,3241, L   ,23,"(28, 23)"
3241,3242,28, Down     ,3242, L   ,22,"(28, 22)"
3242,3243,28, Down     ,3243, R   ,21,"(28, 21)"
3243,3244,28, Down     ,3244, R   ,20,"(28, 20)"
3244,3245,28, Down     ,3245, L   ,21,"(28, 21)"
3245,3246,28, Down     ,3246, L   ,20,"(28, 20)"
3246,3247,28, Down     ,3247, R   ,19,"(28, 19)"
3247,3248,28, Down     ,3248, R   ,18,"(28, 18)"
3248,3249,28, Down     ,3249, L   ,19,"(28, 19)"
3249,3250,28, Down     ,3250, L   ,18,"(28, 18)"
3250,3251,28, Down     ,3251, R   ,17,"(28, 17)"
3251,3252,28, Down     ,3252, R   ,16,"(28, 16)"
3252,3253,28, Down     ,3253, L   ,17,"(28, 17)"
3253,3254,28, Down     ,3254, L   ,16,"(28, 16)"
3254,3255,28, Down     ,3255, R   ,15,"(28, 15)"
3255,3256,28, Down     ,3256, R   ,14,"(28, 14)"
3256,3257,28, Down     ,3257, L   ,15,"(28, 15)"
3257,3258,28, Down     ,3258, L   ,14,"(28, 14)"
3258,3259,28, Down     ,3259, R   ,13,"(28, 13)"
3259,3260,28, Down     ,3260, R   ,12,"(28, 12)"
3260,3261,28, Down     ,3261, L   ,13,"(28, 13)"
3261,3262,28, Down     ,3262, L   ,12,"(28, 12)"
3262,3263,28, Down     ,3263, R   ,11,"(28, 11)"
3263,3264,28, Down     ,3264, R   ,10,"(28, 10)"
3264,3265,28, Down     ,3265, L   ,11,"(28, 11)"
3265,3266,28, Down     ,3266, L   ,10,"(28, 10)"
3266,3267,28, Down     ,3267, R   ,9,"(28, 9)"
3267,3268,28, Down     ,3268, R   ,8,"(28, 8)"
3268,3269,28, Down     ,3269, L   ,9,"(28, 9)"
3269,3270,28, Down     ,3270, L   ,8,"(28, 8)"
3270,3271,28, Down     ,3271, R   ,7,"(28, 7)"
3271,3272,28, Down     ,3272, R   ,6,"(28, 6)"
3272,3273,28, Down     ,3273, L   ,7,"(28, 7)"
3273,3274,28, Down     ,3274, L   ,6,"(28, 6)"
3274,3275,28, Down     ,3275, R   ,5,"(28, 5)"
3275,3276,28, Down     ,3276, R   ,4,"(28, 4)"
3276,3277,28, Down     ,3277, L   ,5,"(28, 5)"
3277,3278,28, Down     ,3278, L   ,4,"(28, 4)"
3278,3279,28, Down     ,3279, R   ,3,"(28, 3)"
3279,3280,28, Down     ,3280, R   ,2,"(28, 2)"
3280,3281,28, Down     ,3281, L   ,3,"(28, 3)"
3281,3282,28, Down     ,3282, L   ,2,"(28, 2)"
3282,3283,29, Up       ,3283, R   ,2,"(29, 2)"
3283,3284,29, Up       ,3284, R   ,3,"(29, 3)"
3284,3285,29, Up       ,3285, L   ,2,"(29, 2)"
3285,3286,29, Up       ,3286, L   ,3,"(29, 3)"
3286,3287,29, Up       ,3287, R   ,4,"(29, 4)"
3287,3288,29, Up       ,3288, R   ,5,"(29, 5)"
3288,3289,29, Up       ,3289, L   ,4,"(29, 4)"
3289,3290,29, Up       ,3290, L   ,5,"(29, 5)"
3290,3291,29, Up       ,3291, R   ,6,"(29, 6)"
3291,3292,29, Up       ,3292, R   ,7,"(29, 7)"
3292,3293,29, Up       ,3293, L   ,6,"(29, 6)"
3293,3294,29, Up       ,3294, L   ,7,"(29, 7)"
3294,3295,29, Up       ,3295, R   ,8,"(29, 8)"
3295,3296,29, Up       ,3296, R   ,9,"(29, 9)"
3296,3297,29, Up       ,3297, L   ,8,"(29, 8)"
3297,3298,29, Up       ,3298, L   ,9,"(29, 9)"
3298,3299,29, Up       ,3299, R   ,11,"(29, 11)"
3299,3300,29, Up       ,3300, L   ,10,"(29, 10)"
3300,3301,29, Up       ,3301, L   ,11,"(29, 11)"
3301,3302,29, Up       ,3302, R   ,12,"(29, 12)"
3302,3303,29, Up       ,3303, R   ,13,"(29, 13)"
3303,3304,29, Up       ,3304, L   ,12,"(29, 12)"
3304,3305,29, Up       ,3305, L   ,13,"(29, 13)"
3305,3306,29, Up       ,3306, R   ,14,"(29, 14)"
3306,3307,29, Up       ,3307, R   ,15,"(29, 15)"
3307,3308,29, Up       ,3308, L   ,14,"(29, 14)"
3308,3309,29, Up       ,3309, L   ,15,"(29, 15)"
3309,3310,29, Up       ,3310, R   ,16,"(29, 16)"
3310,3311,29, Up       ,3311, R   ,17,"(29, 17)"
3311,3312,29, Up       ,3312, L   ,16,"(29, 16)"
3312,3313,29, Up       ,3313, L   ,17,"(29, 17)"
3313,3314,29, Up       ,3314, R   ,18,"(29, 18)"
3314,3315,29, Up       ,3315, R   ,19,"(29, 19)"
3315,3316,29, Up       ,3316, L   ,18,"(29, 18)"
3316,3317,29, Up       ,3317, L   ,19,"(29, 19)"
3317,3318,29, Up       ,3318, R   ,20,"(29, 20)"
3318,3319,29, Up       ,3319, R   ,21,"(29, 21)"
3319,3320,29, Up       ,3320, L   ,20,"(29, 20)"
3320,3321,29, Up       ,3321, L   ,21,"(29, 21)"
3321,3322,29, Up       ,3322, R   ,22,"(29, 22)"
3322,3323,29, Up       ,3323, R   ,23,"(29, 23)"
3323,3324,29, Up       ,3324, L   ,22,"(29, 22)"
3324,3325,29, Up       ,3325, L   ,23,"(29, 23)"
3325,3326,29, Up       ,3326, R   ,24,"(29, 24)"
3326,3327,29, Up       ,3327, R   ,25,"(29, 25)"
3327,3328,29, Up       ,3328, L   ,24,"(29, 24)"
3328,3329,29, Up       ,3329, L   ,25,"(29, 25)"
3329,3330,29, Up       ,3330, R   ,26,"(29, 26)"
3330,3331,29, Up       ,3331, R   ,27,"(29, 27)"
3331,3332,29, Up       ,3332, L   ,26,"(29, 26)"
3332,3333,29, Up       ,3333, L   ,27,"(29, 27)"
3333,3334,29, Up       ,3334, R   ,31,"(29, 31)"
3334,3335,29, Up       ,3335, L   ,31,"(29, 31)"
3335,3336,29, Up       ,3336, R   ,33,"(29, 33)"
3336,3337,29, Up       ,3337, L   ,32,"(29, 32)"
3337,3338,29, Up       ,3338, L   ,33,"(29, 33)"
3338,3339,29, Up       ,3339, R   ,34,"(29, 34)"
3339,3340,29, Up       ,3340, R   ,35,"(29, 35)"
3340,3341,29, Up       ,3341, L   ,34,"(29, 34)"
3341,3342,29, Up       ,3342, L   ,35,"(29, 35)"
3342,3343,29, Up       ,3343, R   ,36,"(29, 36)"
3343,3344,29, Up       ,3344, R   ,37,"(29, 37)"
3344,3345,29, Up       ,3345, L   ,36,"(29, 36)"
3345,3346,29, Up       ,3346, L   ,37,"(29, 37)"
3346,3347,29, Up       ,3347, R   ,38,"(29, 38)"
3347,3348,29, Up       ,3348, R   ,39,"(29, 39)"
3348,3349,29, Up       ,3349, L   ,38,"(29, 38)"
3349,3350,29, Up       ,3350, L   ,39,"(29, 39)"
3350,3351,29, Up       ,3351, R   ,40,"(29, 40)"
3351,3352,29, Up       ,3352, R   ,41,"(29, 41)"
3352,3353,29, Up       ,3353, L   ,40,"(29, 40)"
3353,3354,29, Up       ,3354, L   ,41,"(29, 41)"
3354,3355,29, Up       ,3355, R   ,42,"(29, 42)"
3355,3356,29, Up       ,3356, R   ,43,"(29, 43)"
3356,3357,29, Up       ,3357, L   ,42,"(29, 42)"
3357,3358,29, Up       ,3358, L   ,43,"(29, 43)"
3358,3359,29, Up       ,3359, R   ,44,"(29, 44)"
3359,3360,29, Up       ,3360, R   ,45,"(29, 45)"
3360,3361,29, Up       ,3361, L   ,44,"(29, 44)"
3361,3362,29, Up       ,3362, L   ,45,"(29, 45)"
3362,3363,29, Up       ,3363, R   ,46,"(29, 46)"
3363,3364,29, Up       ,3364, R   ,47,"(29, 47)"
3364,3365,29, Up       ,3365, L   ,46,"(29, 46)"
3365,3366,29, Up       ,3366, L   ,47,"(29, 47)"
3366,3367,29, Up       ,3367, R   ,48,"(29, 48)"
3367,3368,29, Up       ,3368, R   ,49,"(29, 49)"
3368,3369,29, Up       ,3369, L   ,48,"(29, 48)"
3369,3370,29, Up       ,3370, L   ,49,"(29, 49)"
3370,3371,29, Up       ,3371, R   ,50,"(29, 50)"
3371,3372,29, Up       ,3372, R   ,51,"(29, 51)"
3372,3373,29, Up       ,3373, L   ,50,"(29, 50)"
3373,3374,29, Up       ,3374, L   ,51,"(29, 51)"
3374,3375,29, Up       ,3375, R   ,52,"(29, 52)"
3375,3376,29, Up       ,3376, R   ,53,"(29, 53)"
3376,3377,29, Up       ,3377, L   ,52,"(29, 52)"
3377,3378,29, Up       ,3378, L   ,53,"(29, 53)"
3378,3379,29, Up       ,3379, R   ,54,"(29, 54)"
3379,3380,29, Up       ,3380, L   ,54,"(29, 54)"
3380,3381,29, Up       ,3381, L   ,55,"(29, 55)"
3381,3382,29, Up       ,3382, R   ,56,"(29, 56)"
3382,3383,29, Up       ,3383, R   ,57,"(29, 57)"
3383,3384,29, Up       ,3384, L   ,56,"(29, 56)"
3384,3385,29, Up       ,3385, L   ,57,"(29, 57)"
3385,3386,29, Up       ,3386, R   ,58,"(29, 58)"
3386,3387,29, Up       ,3387, R   ,59,"(29, 59)"
3387,3388,29, Up       ,3388, L   ,58,"(29, 58)"
3388,3389,29, Up       ,3389, L   ,59,"(29, 59)"
3389,3390,29, Up       ,3390, R   ,60,"(29, 60)"
3390,3391,29, Up       ,3391, R   ,61,"(29, 61)"
3391,3392,29, Up       ,3392, L   ,60,"(29, 60)"
3392,3393,29, Up       ,3393, L   ,61,"(29, 61)"
3393,3394,30, Down     ,3394, R   ,61,"(30, 61)"
3394,3395,30, Down     ,3395, R   ,60,"(30, 60)"
3395,3396,30, Down     ,3396, L   ,61,"(30, 61)"
3396,3397,30, Down     ,3397, L   ,60,"(30, 60)"
3397,3398,30, Down     ,3398, R   ,59,"(30, 59)"
3398,3399,30, Down     ,3399, R   ,58,"(30, 58)"
3399,3400,30, Down     ,3400, L   ,59,"(30, 59)"
3400,3401,30, Down     ,3401, L   ,58,"(30, 58)"
3401,3402,30, Down     ,3402, R   ,57,"(30, 57)"
3402,3403,30, Down     ,3403, R   ,56,"(30, 56)"
3403,3404,30, Down     ,3404, L   ,57,"(30, 57)"
3404,3405,30, Down     ,3405, L   ,56,"(30, 56)"
3405,3406,30, Down     ,3406, R   ,55,"(30, 55)"
3406,3407,30, Down     ,3407, R   ,54,"(30, 54)"
3407,3408,30, Down     ,3408, L   ,55,"(30, 55)"
3408,3409,30, Down     ,3409, L   ,54,"(30, 54)"
3409,3410,30, Down     ,3410, R   ,53,"(30, 53)"
3410,3411,30, Down     ,3411, R   ,52,"(30, 52)"
3411,3412,30, Down     ,3412, L   ,53,"(30, 53)"
3412,3413,30, Down     ,3413, L   ,52,"(30, 52)"
3413,3414,30, Down     ,3414, R   ,51,"(30, 51)"
3414,3415,30, Down     ,3415, R   ,50,"(30, 50)"
3415,3416,30, Down     ,3416, L   ,51,"(30, 51)"
3416,3417,30, Down     ,3417, L   ,50,"(30, 50)"
3417,3418,30, Down     ,3418, R   ,49,"(30, 49)"
3418,3419,30, Down     ,3419, R   ,48,"(30, 48)"
3419,3420,30, Down     ,3420, L   ,49,"(30, 49)"
3420,3421,30, Down     ,3421, L   ,48,"(30, 48)"
3421,3422,30, Down     ,3422, R   ,47,"(30, 47)"
3422,3423,30, Down     ,3423, R   ,46,"(30, 46)"
3423,3424,30, Down     ,3424, L   ,47,"(30, 47)"
3424,3425,30, Down     ,3425, L   ,46,"(30, 46)"
3425,3426,30, Down     ,3426, R   ,45,"(30, 45)"
3426,3427,30, Down     ,3427, R   ,44,"(30, 44)"
3427,3428,30, Down     ,3428, L   ,45,"(30, 45)"
3428,3429,30, Down     ,3429, L   ,44,"(30, 44)"
3429,3430,30, Down     ,3430, R   ,43,"(30, 43)"
3430,3431,30, Down     ,3431, R   ,42,"(30, 42)"
3431,3432,30, Down     ,3432, L   ,43,"(30, 43)"
3432,3433,30, Down     ,3433, L   ,42,"(30, 42)"
3433,3434,30, Down     ,3434, R   ,41,"(30, 41)"
3434,3435,30, Down     ,3435, R   ,40,"(30, 40)"
3435,3436,30, Down     ,3436, L   ,41,"(30, 41)"
3436,3437,30, Down     ,3437, L   ,40,"(30, 40)"
3437,3438,30, Down     ,3438, R   ,39,"(30, 39)"
3438,3439,30, Down     ,3439, R   ,38,"(30, 38)"
3439,3440,30, Down     ,3440, L   ,39,"(30, 39)"
3440,3441,30, Down     ,3441, L   ,38,"(30, 38)"
3441,3442,30, Down     ,3442, R   ,37,"(30, 37)"
3442,3443,30, Down     ,3443, R   ,36,"(30, 36)"
3443,3444,30, Down     ,3444, L   ,37,"(30, 37)"
3444,3445,30, Down     ,3445, L   ,36,"(30, 36)"
3445,3446,30, Down     ,3446, R   ,35,"(30, 35)"
3446,3447,30, Down     ,3447, R   ,34,"(30, 34)"
3447,3448,30, Down     ,3448, L   ,35,"(30, 35)"
3448,3449,30, Down     ,3449, L   ,34,"(30, 34)"
3449,3450,30, Down     ,3450, R   ,33,"(30, 33)"
3450,3451,30, Down     ,3451, R   ,32,"(30, 32)"
3451,3452,30, Down     ,3452, L   ,33,"(30, 33)"
3452,3453,30, Down     ,3453, L   ,32,"(30, 32)"
3453,3454,30, Down     ,3454, R   ,31,"(30, 31)"
3454,3455,30, Down     ,3455, L   ,31,"(30, 31)"
3455,3456,30, Down     ,3456, R   ,27,"(30, 27)"
3456,3457,30, Down     ,3457, R   ,26,"(30, 26)"
3457,3458,30, Down     ,3458, L   ,27,"(30, 27)"
3458,3459,30, Down     ,3459, L   ,26,"(30, 26)"
3459,3460,30, Down     ,3460, R   ,25,"(30, 25)"
3460,3461,30, Down     ,3461, R   ,24,"(30, 24)"
3461,3462,30, Down     ,3462, L   ,25,"(30, 25)"
3462,3463,30, Down     ,3463, L   ,24,"(30, 24)"
3463,3464,30, Down     ,3464, R   ,23,"(30, 23)"
3464,3465,30, Down     ,3465, R   ,22,"(30, 22)"
3465,3466,30, Down     ,3466, L   ,23,"(30, 23)"
3466,3467,30, Down     ,3467, L   ,22,"(30, 22)"
3467,3468,30, Down     ,3468, R   ,21,"(30, 21)"
3468,3469,30, Down     ,3469, R   ,20,"(30, 20)"
3469,3470,30, Down     ,3470, L   ,21,"(30, 21)"
3470,3471,30, Down     ,3471, L   ,20,"(30, 20)"
3471,3472,30, Down     ,3472, R   ,19,"(30, 19)"
3472,3473,30, Down     ,3473, R   ,18,"(30, 18)"
3473,3474,30, Down     ,3474, L   ,19,"(30, 19)"
3474,3475,30, Down     ,3475, L   ,18,"(30, 18)"
3475,3476,30, Down     ,3476, R   ,17,"(30, 17)"
3476,3477,30, Down     ,3477, R   ,16,"(30, 16)"
3477,3478,30, Down     ,3478, L   ,17,"(30, 17)"
3478,3479,30, Down     ,3479, L   ,16,"(30, 16)"
3479,3480,30, Down     ,3480, R   ,15,"(30, 15)"
3480,3481,30, Down     ,3481, R   ,14,"(30, 14)"
3481,3482,30, Down     ,3482, L   ,15,"(30, 15)"
3482,3483,30, Down     ,3483, L   ,14,"(30, 14)"
3483,3484,30, Down     ,3484, R   ,13,"(30, 13)"
3484,3485,30, Down     ,3485, R   ,12,"(30, 12)"
3485,3486,30, Down     ,3486, L   ,13,"(30, 13)"
3486,3487,30, Down     ,3487, L   ,12,"(30, 12)"
3487,3488,30, Down     ,3488, R   ,11,"(30, 11)"
3488,3489,30, Down     ,3489, R   ,10,"(30, 10)"
3489,3490,30, Down     ,3490, L   ,11,"(30, 11)"
3490,3491,30, Down     ,3491, L   ,10,"(30, 10)"
3491,3492,30, Down     ,3492, R   ,9,"(30, 9)"
3492,3493,30, Down     ,3493, R   ,8,"(30, 8)"
3493,3494,30, Down     ,3494, L   ,9,"(30, 9)"
3494,3495,30, Down     ,3495, L   ,8,"(30, 8)"
3495,3496,30, Down     ,3496, R   ,7,"(30, 7)"
3496,3497,30, Down     ,3497, R   ,6,"(30, 6)"
3497,3498,30, Down     ,3498, L   ,7,"(30, 7)"
3498,3499,30, Down     ,3499, L   ,6,"(30, 6)"
3499,3500,30, Down     ,3500, R   ,5,"(30, 5)"
3500,3501,30, Down     ,3501, R   ,4,"(30, 4)"
3501,3502,30, Down     ,3502, L   ,5,"(30, 5)"
3502,3503,30, Down     ,3503, L   ,4,"(30, 4)"
3503,3504,30, Down     ,3504, R   ,3,"(30, 3)"
3504,3505,30, Down     ,3505, R   ,2,"(30, 2)"
3505,3506,30, Down     ,3506, L   ,3,"(30, 3)"
3506,3507,30, Down     ,3507, L   ,2,"(30, 2)"
3507,3508,31, Up       ,3508, R   ,2,"(31, 2)"
3508,3509,31, Up       ,3509, R   ,3,"(31, 3)"
3509,3510,31, Up       ,3510, L   ,2,"(31, 2)"
3510,3511,31, Up       ,3511, L   ,3,"(31, 3)"
3511,3512,31, Up       ,3512, R   ,4,"(31, 4)"
3512,3513,31, Up       ,3513, R   ,5,"(31, 5)"
3513,3514,31, Up       ,3514, L   ,4,"(31, 4)"
3514,3515,31, Up       ,3515, L   ,5,"(31, 5)"
3515,3516,31, Up       ,3516, R   ,6,"(31, 6)"
3516,3517,31, Up       ,3517, R   ,7,"(31, 7)"
3517,3518,31, Up       ,3518, L   ,6,"(31, 6)"
3518,3519,31, Up       ,3519, L   ,7,"(31, 7)"
3519,3520,31, Up       ,3520, R   ,8,"(31, 8)"
3520,3521,31, Up       ,3521, R   ,9,"(31, 9)"
3521,3522,31, Up       ,3522, L   ,8,"(31, 8)"
3522,3523,31, Up       ,3523, L   ,9,"(31, 9)"
3523,3524,31, Up       ,3524, R   ,10,"(31, 10)"
3524,3525,31, Up       ,3525, R   ,11,"(31, 11)"
3525,3526,31, Up       ,3526, L   ,10,"(31, 10)"
3526,3527,31, Up       ,3527, L   ,11,"(31, 11)"
3527,3528,31, Up       ,3528, R   ,12,"(31, 12)"
3528,3529,31, Up       ,3529, R   ,13,"(31, 13)"
3529,3530,31, Up       ,3530, L   ,12,"(31, 12)"
3530,3531,31, Up       ,3531, L   ,13,"(31, 13)"
3531,3532,31, Up       ,3532, R   ,14,"(31, 14)"
3532,3533,31, Up       ,3533, R   ,15,"(31, 15)"
3533,3534,31, Up       ,3534, L   ,14,"(31, 14)"
3534,3535,31, Up       ,3535, L   ,15,"(31, 15)"
3535,3536,31, Up       ,3536, R   ,16,"(31, 16)"
3536,3537,31, Up       ,3537, R   ,17,"(31, 17)"
3537,3538,31, Up       ,3538, L   ,16,"(31, 16)"
3538,3539,31, Up       ,3539, L   ,17,"(31, 17)"
3539,3540,31, Up       ,3540, R   ,18,"(31, 18)"
3540,3541,31, Up       ,3541, R   ,19,"(31, 19)"
3541,3542,31, Up       ,3542, L   ,18,"(31, 18)"
3542,3543,31, Up       ,3543, L   ,19,"(31, 19)"
3543,3544,31, Up       ,3544, R   ,20,"(31, 20)"
3544,3545,31, Up       ,3545, R   ,21,"(31, 21)"
3545,3546,31, Up       ,3546, L   ,20,"(31, 20)"
3546,3547,31, Up       ,3547, L   ,21,"(31, 21)"
3547,3548,31, Up       ,3548, R   ,22,"(31, 22)"
3548,3549,31, Up       ,3549, R   ,23,"(31, 23)"
3549,3550,31, Up       ,3550, L   ,22,"(31, 22)"
3550,3551,31, Up       ,3551, L   ,23,"(31, 23)"
3551,3552,31, Up       ,3552, R   ,24,"(31, 24)"
3552,3553,31, Up       ,3553, R   ,25,"(31, 25)"
3553,3554,31, Up       ,3554, L   ,24,"(31, 24)"
3554,3555,31, Up       ,3555, L   ,25,"(31, 25)"
3555,3556,31, Up       ,3556, R   ,26,"(31, 26)"
3556,3557,31, Up       ,3557, R   ,27,"(31, 27)"
3557,3558,31, Up       ,3558, L   ,26,"(31, 26)"
3558,3559,31, Up       ,3559, L   ,27,"(31, 27)"
3559,3560,31, Up       ,3560, R   ,31,"(31, 31)"
3560,3561,31, Up       ,3561, L   ,31,"(31, 31)"
3561,3562,31, Up       ,3562, R   ,32,"(31, 32)"
3562,3563,31, Up       ,3563, R   ,33,"(31, 33)"
3563,3564,31, Up       ,3564, L   ,32,"(31, 32)"
3564,3565,31, Up       ,3565, L   ,33,"(31, 33)"
3565,3566,31, Up       ,3566, R   ,34,"(31, 34)"
3566,3567,31, Up       ,3567, R   ,35,"(31, 35)"
3567,3568,31, Up       ,3568, L   ,34,"(31, 34)"
3568,3569,31, Up       ,3569, L   ,35,"(31, 35)"
3569,3570,31, Up       ,3570, R   ,36,"(31, 36)"
3570,3571,31, Up       ,3571, R   ,37,"(31, 37)"
3571,3572,31, Up       ,3572, L   ,36,"(31, 36)"
3572,3573,31, Up       ,3573, L   ,37,"(31, 37)"
3573,3574,31, Up       ,3574, R   ,38,"(31, 38)"
3574,3575,31, Up       ,3575, R   ,39,"(31, 39)"
3575,3576,31, Up       ,3576, L   ,38,"(31, 38)"
3576,3577,31, Up       ,3577, L   ,39,"(31, 39)"
3577,3578,31, Up       ,3578, R   ,40,"(31, 40)"
3578,3579,31, Up       ,3579, R   ,41,"(31, 41)"
3579,3580,31, Up       ,3580, L   ,40,"(31, 40)"
3580,3581,31, Up       ,3581, L   ,41,"(31, 41)"
3581,3582,31, Up       ,3582, R   ,42,"(31, 42)"
3582,3583,31, Up       ,3583, R   ,43,"(31, 43)"
3583,3584,31, Up       ,3584, L   ,42,"(31, 42)"
3584,3585,31, Up       ,3585, L   ,43,"(31, 43)"
3585,3586,31, Up       ,3586, R   ,44,"(31, 44)"
3586,3587,31, Up       ,3587, R   ,45,"(31, 45)"
3587,3588,31, Up       ,3588, L   ,44,"(31, 44)"
3588,3589,31, Up       ,3589, L   ,45,"(31, 45)"
3589,3590,31, Up       ,3590, R   ,46,"(31, 46)"
3590,3591,31, Up       ,3591, R   ,47,"(31, 47)"
3591,3592,31, Up       ,3592, L   ,46,"(31, 46)"
3592,3593,31, Up       ,3593, L   ,47,"(31, 47)"
3593,3594,31, Up       ,3594, R   ,48,"(31, 48)"
3594,3595,31, Up       ,3595, R   ,49,"(31, 49)"
3595,3596,31, Up       ,3596, L   ,48,"(31, 48)"
3596,3597,31, Up       ,3597, L   ,49,"(31, 49)"
3597,3598,31, Up       ,3598, R   ,50,"(31, 50)"
3598,3599,31, Up       ,3599, R   ,51,"(31, 51)"
3599,3600,31, Up       ,3600, L   ,50,"(31, 50)"
3600,3601,31, Up       ,3601, L   ,51,"(31, 51)"
3601,3602,31, Up       ,3602, R   ,52,"(31, 52)"
3602,3603,31, Up       ,3603, R   ,53,"(31, 53)"
3603,3604,31, Up       ,3604, L   ,52,"(31, 52)"
3604,3605,31, Up       ,3605, L   ,53,"(31, 53)"
3605,3606,31, Up       ,3606, R   ,54,"(31, 54)"
3606,3607,31, Up       ,3607, R   ,55,"(31, 55)"
3607,3608,31, Up       ,3608, L   ,54,"(31, 54)"
3608,3609,31, Up       ,3609, L   ,55,"(31, 55)"
3609,3610,31, Up       ,3610, R   ,56,"(31, 56)"
3610,3611,31, Up       ,3611, R   ,57,"(31, 57)"
3611,3612,31, Up       ,3612, L   ,56,"(31, 56)"
3612,3613,31, Up       ,3613, L   ,57,"(31, 57)"
3613,3614,31, Up       ,3614, R   ,58,"(31, 58)"
3614,3615,31, Up       ,3615, R   ,59,"(31, 59)"
3615,3616,31, Up       ,3616, L   ,58,"(31, 58)"
3616,3617,31, Up       ,3617, L   ,59,"(31, 59)"
3617,3618,31, Up       ,3618, R   ,60,"(31, 60)"
3618,3619,31, Up       ,3619, R   ,61,"(31, 61)"
3619,3620,31, Up       ,3620, L   ,60,"(31, 60)"
3620,3621,31, Up       ,3621, L   ,61,"(31, 61)"
3621,3622,32, Down     ,3622, R   ,61,"(32, 61)"
3622,3623,32, Down     ,3623, R   ,60,"(32, 60)"
3623,3624,32, Down     ,3624, L   ,61,"(32, 61)"
3624,3625,32, Down     ,3625, L   ,60,"(32, 60)"
3625,3626,32, Down     ,3626, R   ,59,"(32, 59)"
3626,3627,32, Down     ,3627, R   ,58,"(32, 58)"
3627,3628,32, Down     ,3628, L   ,59,"(32, 59)"
3628,3629,32, Down     ,3629, L   ,58,"(32, 58)"
3629,3630,32, Down     ,3630, R   ,57,"(32, 57)"
3630,3631,32, Down     ,3631, R   ,56,"(32, 56)"
3631,3632,32, Down     ,3632, L   ,57,"(32, 57)"
3632,3633,32, Down     ,3633, L   ,56,"(32, 56)"
3633,3634,32, Down     ,3634, R   ,55,"(32, 55)"
3634,3635,32, Down     ,3635, R   ,54,"(32, 54)"
3635,3636,32, Down     ,3636, L   ,54,"(32, 54)"
3636,3637,32, Down     ,3637, R   ,53,"(32, 53)"
3637,3638,32, Down     ,3638, R   ,52,"(32, 52)"
3638,3639,32, Down     ,3639, L   ,53,"(32, 53)"
3639,3640,32, Down     ,3640, L   ,52,"(32, 52)"
3640,3641,32, Down     ,3641, R   ,51,"(32, 51)"
3641,3642,32, Down     ,3642, R   ,50,"(32, 50)"
3642,3643,32, Down     ,3643, L   ,51,"(32, 51)"
3643,3644,32, Down     ,3644, L   ,50,"(32, 50)"
3644,3645,32, Down     ,3645, R   ,49,"(32, 49)"
3645,3646,32, Down     ,3646, R   ,48,"(32, 48)"
3646,3647,32, Down     ,3647, L   ,49,"(32, 49)"
3647,3648,32, Down     ,3648, L   ,48,"(32, 48)"
3648,3649,32, Down     ,3649, R   ,47,"(32, 47)"
3649,3650,32, Down     ,3650, R   ,46,"(32, 46)"
3650,3651,32, Down     ,3651, L   ,47,"(32, 47)"
3651,3652,32, Down     ,3652, L   ,46,"(32, 46)"
3652,3653,32, Down     ,3653, R   ,45,"(32, 45)"
3653,3654,32, Down     ,3654, R   ,44,"(32, 44)"
3654,3655,32, Down     ,3655, L   ,45,"(32, 45)"
3655,3656,32, Down     ,3656, L   ,44,"(32, 44)"
3656,3657,32, Down     ,3657, R   ,43,"(32, 43)"
3657,3658,32, Down     ,3658, R   ,42,"(32, 42)"
3658,3659,32, Down     ,3659, L   ,43,"(32, 43)"
3659,3660,32, Down     ,3660, L   ,42,"(32, 42)"
3660,3661,32, Down     ,3661, R   ,41,"(32, 41)"
3661,3662,32, Down     ,3662, R   ,40,"(32, 40)"
3662,3663,32, Down     ,3663, L   ,41,"(32, 41)"
3663,3664,32, Down     ,3664, L   ,40,"(32, 40)"
3664,3665,32, Down     ,3665, R   ,39,"(32, 39)"
3665,3666,32, Down     ,3666, R   ,38,"(32, 38)"
3666,3667,32, Down     ,3667, L   ,39,"(32, 39)"
3667,3668,32, Down     ,3668, L   ,38,"(32, 38)"
3668,3669,32, Down     ,3669, R   ,37,"(32, 37)"
3669,3670,32, Down     ,3670, R   ,36,"(32, 36)"
3670,3671,32, Down     ,3671, L   ,37,"(32, 37)"
3671,3672,32, Down     ,3672, L   ,36,"(32, 36)"
3672,3673,32, Down     ,3673, R   ,35,"(32, 35)"
3673,3674,32, Down     ,3674, R   ,34,"(32, 34)"
3674,3675,32, Down     ,3675, L   ,35,"(32, 35)"
3675,3676,32, Down     ,3676, L   ,34,"(32, 34)"
3676,3677,32, Down     ,3677, R   ,33,"(32, 33)"
3677,3678,32, Down     ,3678, R   ,32,"(32, 32)"
3678,3679,32, Down     ,3679, L   ,33,"(32, 33)"
3679,3680,32, Down     ,3680, R   ,31,"(32, 31)"
3680,3681,32, Down     ,3681, L   ,31,"(32, 31)"
3681,3682,32, Down     ,3682, R   ,27,"(32, 27)"
3682,3683,32, Down     ,3683, R   ,26,"(32, 26)"
3683,3684,32, Down     ,3684, L   ,27,"(32, 27)"
3684,3685,32, Down     ,3685, L   ,26,"(32, 26)"
3685,3686,32, Down     ,3686, R   ,25,"(32, 25)"
3686,3687,32, Down     ,3687, R   ,24,"(32, 24)"
3687,3688,32, Down     ,3688, L   ,25,"(32, 25)"
3688,3689,32, Down     ,3689, L   ,24,"(32, 24)"
3689,3690,32, Down     ,3690, R   ,23,"(32, 23)"
3690,3691,32, Down     ,3691, R   ,22,"(32, 22)"
3691,3692,32, Down     ,3692, L   ,23,"(32, 23)"
3692,3693,32, Down     ,3693, L   ,22,"(32, 22)"
3693,3694,32, Down     ,3694, R   ,21,"(32, 21)"
3694,3695,32, Down     ,3695, R   ,20,"(32, 20)"
3695,3696,32, Down     ,3696, L   ,21,"(32, 21)"
3696,3697,32, Down     ,3697, L   ,20,"(32, 20)"
3697,3698,32, Down     ,3698, R   ,19,"(32, 19)"
3698,3699,32, Down     ,3699, R   ,18,"(32, 18)"
3699,3700,32, Down     ,3700, L   ,19,"(32, 19)"
3700,3701,32, Down     ,3701, L   ,18,"(32, 18)"
3701,3702,32, Down     ,3702, R   ,17,"(32, 17)"
3702,3703,32, Down     ,3703, R   ,16,"(32, 16)"
3703,3704,32, Down     ,3704, L   ,17,"(32, 17)"
3704,3705,32, Down     ,3705, L   ,16,"(32, 16)"
3705,3706,32, Down     ,3706, R   ,15,"(32, 15)"
3706,3707,32, Down     ,3707, R   ,14,"(32, 14)"
3707,3708,32, Down     ,3708, L   ,15,"(32, 15)"
3708,3709,32, Down     ,3709, L   ,14,"(32, 14)"
3709,3710,32, Down     ,3710, R   ,13,"(32, 13)"
3710,3711,32, Down     ,3711, R   ,12,"(32, 12)"
3711,3712,32, Down     ,3712, L   ,13,"(32, 13)"
3712,3713,32, Down     ,3713, L   ,12,"(32, 12)"
3713,3714,32, Down     ,3714, R   ,11,"(32, 11)"
3714,3715,32, Down     ,3715, R   ,10,"(32, 10)"
3715,3716,32, Down     ,3716, L   ,11,"(32, 11)"
3716,3717,32, Down     ,3717, R   ,9,"(32, 9)"
3717,3718,32, Down     ,3718, R   ,8,"(32, 8)"
3718,3719,32, Down     ,3719, L   ,9,"(32, 9)"
3719,3720,32, Down     ,3720, L   ,8,"(32, 8)"
3720,3721,32, Down     ,3721, R   ,7,"(32, 7)"
3721,3722,32, Down     ,3722, R   ,6,"(32, 6)"
3722,3723,32, Down     ,3723, L   ,7,"(32, 7)"
3723,3724,32, Down     ,3724, L   ,6,"(32, 6)"
3724,3725,32, Down     ,3725, R   ,5,"(32, 5)"
3725,3726,32, Down     ,3726, R   ,4,"(32, 4)"
3726,3727,32, Down     ,3727, L   ,5,"(32, 5)"
3727,3728,32, Down     ,3728, L   ,4,"(32, 4)"
3728,3729,32, Down     ,3729, R   ,3,"(32, 3)"
3729,3730,32, Down     ,3730, R   ,2,"(32, 2)"
3730,3731,32, Down     ,3731, L   ,3,"(32, 3)"
3731,3732,32, Down     ,3732, L   ,2,"(32, 2)"
3732,3733,33, Up       ,3733, R   ,2,"(33, 2)"
3733,3734,33, Up       ,3734, R   ,3,"(33, 3)"
3734,3735,33, Up       ,3735, L   ,2,"(33, 2)"
3735,3736,33, Up       ,3736, L   ,3,"(33, 3)"
3736,3737,33, Up       ,3737, R   ,4,"(33, 4)"
3737,3738,33, Up       ,3738, R   ,5,"(33, 5)"
3738,3739,33, Up       ,3739, L   ,4,"(33, 4)"
3739,3740,33, Up       ,3740, L   ,5,"(33, 5)"
3740,3741,33, Up       ,3741, R   ,6,"(33, 6)"
3741,3742,33, Up       ,3742, R   ,7,"(33, 7)"
3742,3743,33, Up       ,3743, L   ,6,"(33, 6)"
3743,3744,33, Up       ,3744, L   ,7,"(33, 7)"
3744,3745,33, Up       ,3745, R   ,8,"(33, 8)"
3745,3746,33, Up       ,3746, R   ,9,"(33, 9)"
3746,3747,33, Up       ,3747, L   ,8,"(33, 8)"
3747,3748,33, Up       ,3748, L   ,9,"(33, 9)"
3748,3749,33, Up       ,3749, R   ,10,"(33, 10)"
3749,3750,33, Up       ,3750, R   ,11,"(33, 11)"
3750,3751,33, Up       ,3751, L   ,10,"(33, 10)"
3751,3752,33, Up       ,3752, L   ,11,"(33, 11)"
3752,3753,33, Up       ,3753, R   ,12,"(33, 12)"
3753,3754,33, Up       ,3754, R   ,13,"(33, 13)"
3754,3755,33, Up       ,3755, L   ,12,"(33, 12)"
3755,3756,33, Up       ,3756, L   ,13,"(33, 13)"
3756,3757,33, Up       ,3757, R   ,14,"(33, 14)"
3757,3758,33, Up       ,3758, R   ,15,"(33, 15)"
3758,3759,33, Up       ,3759, L   ,14,"(33, 14)"
3759,3760,33, Up       ,3760, L   ,15,"(33, 15)"
3760,3761,33, Up       ,3761, R   ,16,"(33, 16)"
3761,3762,33, Up       ,3762, R   ,17,"(33, 17)"
3762,3763,33, Up       ,3763, L   ,16,"(33, 16)"
3763,3764,33, Up       ,3764, L   ,17,"(33, 17)"
3764,3765,33, Up       ,3765, R   ,18,"(33, 18)"
3765,3766,33, Up       ,3766, R   ,19,"(33, 19)"
3766,3767,33, Up       ,3767, L   ,18,"(33, 18)"
3767,3768,33, Up       ,3768, L   ,19,"(33, 19)"
3768,3769,33, Up       ,3769, R   ,20,"(33, 20)"
3769,3770,33, Up       ,3770, R   ,21,"(33, 21)"
3770,3771,33, Up       ,3771, L   ,20,"(33, 20)"
3771,3772,33, Up       ,3772, L   ,21,"(33, 21)"
3772,3773,33, Up       ,3773, R   ,22,"(33, 22)"
3773,3774,33, Up       ,3774, R   ,23,"(33, 23)"
3774,3775,33, Up       ,3775, L   ,22,"(33, 22)"
3775,3776,33, Up       ,3776, L   ,23,"(33, 23)"
3776,3777,33, Up       ,3777, R   ,24,"(33, 24)"
3777,3778,33, Up       ,3778, R   ,25,"(33, 25)"
3778,3779,33, Up       ,3779, L   ,24,"(33, 24)"
3779,3780,33, Up       ,3780, L   ,25,"(33, 25)"
3780,3781,33, Up       ,3781, R   ,26,"(33, 26)"
3781,3782,33, Up       ,3782, R   ,27,"(33, 27)"
3782,3783,33, Up       ,3783, L   ,26,"(33, 26)"
3783,3784,33, Up       ,3784, L   ,27,"(33, 27)"
3784,3785,33, Up       ,3785, R   ,31,"(33, 31)"
3785,3786,33, Up       ,3786, L   ,31,"(33, 31)"
3786,3787,33, Up       ,3787, R   ,32,"(33, 32)"
3787,3788,33, Up       ,3788, R   ,33,"(33, 33)"
3788,3789,33, Up       ,3789, L   ,32,"(33, 32)"
3789,3790,33, Up       ,3790, L   ,33,"(33, 33)"
3790,3791,33, Up       ,3791, R   ,34,"(33, 34)"
3791,3792,33, Up       ,3792, R   ,35,"(33, 35)"
3792,3793,33, Up       ,3793, L   ,34,"(33, 34)"
3793,3794,33, Up       ,3794, L   ,35,"(33, 35)"
3794,3795,33, Up       ,3795, R   ,36,"(33, 36)"
3795,3796,33, Up       ,3796, R   ,37,"(33, 37)"
3796,3797,33, Up       ,3797, L   ,36,"(33, 36)"
3797,3798,33, Up       ,3798, L   ,37,"(33, 37)"
3798,3799,33, Up       ,3799, R   ,38,"(33, 38)"
3799,3800,33, Up       ,3800, R   ,39,"(33, 39)"
3800,3801,33, Up       ,3801, L   ,38,"(33, 38)"
3801,3802,33, Up       ,3802, L   ,39,"(33, 39)"
3802,3803,33, Up       ,3803, R   ,40,"(33, 40)"
3803,3804,33, Up       ,3804, R   ,41,"(33, 41)"
3804,3805,33, Up       ,3805, L   ,40,"(33, 40)"
3805,3806,33, Up       ,3806, L   ,41,"(33, 41)"
3806,3807,33, Up       ,3807, R   ,42,"(33, 42)"
3807,3808,33, Up       ,3808, R   ,43,"(33, 43)"
3808,3809,33, Up       ,3809, L   ,42,"(33, 42)"
3809,3810,33, Up       ,3810, L   ,43,"(33, 43)"
3810,3811,33, Up       ,3811, R   ,44,"(33, 44)"
3811,3812,33, Up       ,3812, R   ,45,"(33, 45)"
3812,3813,33, Up       ,3813, L   ,44,"(33, 44)"
3813,3814,33, Up       ,3814, L   ,45,"(33, 45)"
3814,3815,33, Up       ,3815, R   ,46,"(33, 46)"
3815,3816,33, Up       ,3816, R   ,47,"(33, 47)"
3816,3817,33, Up       ,3817, L   ,46,"(33, 46)"
3817,3818,33, Up       ,3818, L   ,47,"(33, 47)"
3818,3819,33, Up       ,3819, R   ,48,"(33, 48)"
3819,3820,33, Up       ,3820, R   ,49,"(33, 49)"
3820,3821,33, Up       ,3821, L   ,48,"(33, 48)"
3821,3822,33, Up       ,3822, L   ,49,"(33, 49)"
3822,3823,33, Up       ,3823, R   ,50,"(33, 50)"
3823,3824,33, Up       ,3824, R   ,51,"(33, 51)"
3824,3825,33, Up       ,3825, L   ,50,"(33, 50)"
3825,3826,33, Up       ,3826, L   ,51,"(33, 51)"
3826,3827,33, Up       ,3827, R   ,52,"(33, 52)"
3827,3828,33, Up       ,3828, R   ,53,"(33, 53)"
3828,3829,33, Up       ,3829, L   ,52,"(33, 52)"
3829,3830,33, Up       ,3830, L   ,53,"(33, 53)"
3830,3831,33, Up       ,3831, R   ,54,"(33, 54)"
3831,3832,33, Up       ,3832, R   ,55,"(33, 55)"
3832,3833,33, Up       ,3833, L   ,54,"(33, 54)"
3833,3834,33, Up       ,3834, L   ,55,"(33, 55)"
3834,3835,33, Up       ,3835, R   ,56,"(33, 56)"
3835,3836,33, Up       ,3836, R   ,57,"(33, 57)"
3836,3837,33, Up       ,3837, L   ,56,"(33, 56)"
3837,3838,33, Up       ,3838, L   ,57,"(33, 57)"
3838,3839,33, Up       ,3839, R   ,58,"(33, 58)"
3839,3840,33, Up       ,3840, R   ,59,"(33, 59)"
3840,3841,33, Up       ,3841, L   ,58,"(33, 58)"
3841,3842,33, Up       ,3842, L   ,59,"(33, 59)"
3842,3843,33, Up       ,3843, R   ,60,"(33, 60)"
3843,3844,33, Up       ,3844, R   ,61,"(33, 61)"
3844,3845,33, Up       ,3845, L   ,60,"(33, 60)"
3845,3846,33, Up       ,3846, L   ,61,"(33, 61)"
3846,3847,34, Down     ,3847, R   ,61,"(34, 61)"
3847,3848,34, Down     ,3848, R   ,60,"(34, 60)"
3848,3849,34, Down     ,3849, L   ,61,"(34, 61)"
3849,3850,34, Down     ,3850, L   ,60,"(34, 60)"
3850,3851,34, Down     ,3851, R   ,59,"(34, 59)"
3851,3852,34, Down     ,3852, R   ,58,"(34, 58)"
3852,3853,34, Down     ,3853, L   ,59,"(34, 59)"
3853,3854,34, Down     ,3854, L   ,58,"(34, 58)"
3854,3855,34, Down     ,3855, R   ,57,"(34, 57)"
3855,3856,34, Down     ,3856, R   ,56,"(34, 56)"
3856,3857,34, Down     ,3857, L   ,57,"(34, 57)"
3857,3858,34, Down     ,3858, L   ,56,"(34, 56)"
3858,3859,34, Down     ,3859, R   ,55,"(34, 55)"
3859,3860,34, Down     ,3860, R   ,54,"(34, 54)"
3860,3861,34, Down     ,3861, L   ,55,"(34, 55)"
3861,3862,34, Down     ,3862, L   ,54,"(34, 54)"
3862,3863,34, Down     ,3863, R   ,53,"(34, 53)"
3863,3864,34, Down     ,3864, R   ,52,"(34, 52)"
3864,3865,34, Down     ,3865, L   ,53,"(34, 53)"
3865,3866,34, Down     ,3866, L   ,52,"(34, 52)"
3866,3867,34, Down     ,3867, R   ,51,"(34, 51)"
3867,3868,34, Down     ,3868, R   ,50,"(34, 50)"
3868,3869,34, Down     ,3869, L   ,51,"(34, 51)"
3869,3870,34, Down     ,3870, L   ,50,"(34, 50)"
3870,3871,34, Down     ,3871, R   ,49,"(34, 49)"
3871,3872,34, Down     ,3872, R   ,48,"(34, 48)"
3872,3873,34, Down     ,3873, L   ,49,"(34, 49)"
3873,3874,34, Down     ,3874, L   ,48,"(34, 48)"
3874,3875,34, Down     ,3875, R   ,47,"(34, 47)"
3875,3876,34, Down     ,3876, R   ,46,"(34, 46)"
3876,3877,34, Down     ,3877, L   ,47,"(34, 47)"
3877,3878,34, Down     ,3878, L   ,46,"(34, 46)"
3878,3879,34, Down     ,3879, R   ,45,"(34, 45)"
3879,3880,34, Down     ,3880, R   ,44,"(34, 44)"
3880,3881,34, Down     ,3881, L   ,45,"(34, 45)"
3881,3882,34, Down     ,3882, L   ,44,"(34, 44)"
3882,3883,34, Down     ,3883, R   ,43,"(34, 43)"
3883,3884,34, Down     ,3884, R   ,42,"(34, 42)"
3884,3885,34, Down     ,3885, L   ,43,"(34, 43)"
3885,3886,34, Down     ,3886, L   ,42,"(34, 42)"
3886,3887,34, Down     ,3887, R   ,41,"(34, 41)"
3887,3888,34, Down     ,3888, R   ,40,"(34, 40)"
3888,3889,34, Down     ,3889, L   ,41,"(34, 41)"
3889,3890,34, Down     ,3890, L   ,40,"(34, 40)"
3890,3891,34, Down     ,3891, R   ,39,"(34, 39)"
3891,3892,34, Down     ,3892, R   ,38,"(34, 38)"
3892,3893,34, Down     ,3893, L   ,39,"(34, 39)"
3893,3894,34, Down     ,3894, L   ,38,"(34, 38)"
3894,3895,34, Down     ,3895, R   ,37,"(34, 37)"
3895,3896,34, Down     ,3896, R   ,36,"(34, 36)"
3896,3897,34, Down     ,3897, L   ,37,"(34, 37)"
3897,3898,34, Down     ,3898, L   ,36,"(34, 36)"
3898,3899,34, Down     ,3899, R   ,35,"(34, 35)"
3899,3900,34, Down     ,3900, R   ,34,"(34, 34)"
3900,3901,34, Down     ,3901, L   ,35,"(34, 35)"
3901,3902,34, Down     ,3902, L   ,34,"(34, 34)"
3902,3903,34, Down     ,3903, R   ,33,"(34, 33)"
3903,3904,34, Down     ,3904, R   ,32,"(34, 32)"
3904,3905,34, Down     ,3905, L   ,33,"(34, 33)"
3905,3906,34, Down     ,3906, L   ,32,"(34, 32)"
3906,3907,34, Down     ,3907, R   ,31,"(34, 31)"
3907,3908,34, Down     ,3908, L   ,31,"(34, 31)"
3908,3909,34, Down     ,3909, R   ,27,"(34, 27)"
3909,3910,34, Down     ,3910, R   ,26,"(34, 26)"
3910,3911,34, Down     ,3911, L   ,27,"(34, 27)"
3911,3912,34, Down     ,3912, L   ,26,"(34, 26)"
3912,3913,34, Down     ,3913, R   ,25,"(34, 25)"
3913,3914,34, Down     ,3914, R   ,24,"(34, 24)"
3914,3915,34, Down     ,3915, L   ,25,"(34, 25)"
3915,3916,34, Down     ,3916, L   ,24,"(34, 24)"
3916,3917,34, Down     ,3917, R   ,23,"(34, 23)"
3917,3918,34, Down     ,3918, R   ,22,"(34, 22)"
3918,3919,34, Down     ,3919, L   ,23,"(34, 23)"
3919,3920,34, Down     ,3920, L   ,22,"(34, 22)"
3920,3921,34, Down     ,3921, R   ,21,"(34, 21)"
3921,3922,34, Down     ,3922, R   ,20,"(34, 20)"
3922,3923,34, Down     ,3923, L   ,21,"(34, 21)"
3923,3924,34, Down     ,3924, L   ,20,"(34, 20)"
3924,3925,34, Down     ,3925, R   ,19,"(34, 19)"
3925,3926,34, Down     ,3926, R   ,18,"(34, 18)"
3926,3927,34, Down     ,3927, L   ,19,"(34, 19)"
3927,3928,34, Down     ,3928, L   ,18,"(34, 18)"
3928,3929,34, Down     ,3929, R   ,17,"(34, 17)"
3929,3930,34, Down     ,3930, R   ,16,"(34, 16)"
3930,3931,34, Down     ,3931, L   ,17,"(34, 17)"
3931,3932,34, Down     ,3932, L   ,16,"(34, 16)"
3932,3933,34, Down     ,3933, R   ,15,"(34, 15)"
3933,3934,34, Down     ,3934, R   ,14,"(34, 14)"
3934,3935,34, Down     ,3935, L   ,15,"(34, 15)"
3935,3936,34, Down     ,3936, L   ,14,"(34, 14)"
3936,3937,34, Down     ,3937, R   ,13,"(34, 13)"
3937,3938,34, Down     ,3938, R   ,12,"(34, 12)"
3938,3939,34, Down     ,3939, L   ,13,"(34, 13)"
3939,3940,34, Down     ,3940, L   ,12,"(34, 12)"
3940,3941,34, Down     ,3941, R   ,11,"(34, 11)"
3941,3942,34, Down     ,3942, R   ,10,"(34, 10)"
3942,3943,34, Down     ,3943, L   ,11,"(34, 11)"
3943,3944,34, Down     ,3944, L   ,10,"(34, 10)"
3944,3945,34, Down     ,3945, R   ,9,"(34, 9)"
3945,3946,34, Down     ,3946, R   ,8,"(34, 8)"
3946,3947,34, Down     ,3947, L   ,9,"(34, 9)"
3947,3948,34, Down     ,3948, L   ,8,"(34, 8)"
3948,3949,34, Down     ,3949, R   ,7,"(34, 7)"
3949,3950,34, Down     ,3950, R   ,6,"(34, 6)"
3950,3951,34, Down     ,3951, L   ,7,"(34, 7)"
3951,3952,34, Down     ,3952, L   ,6,"(34, 6)"
3952,3953,34, Down     ,3953, R   ,5,"(34, 5)"
3953,3954,34, Down     ,3954, R   ,4,"(34, 4)"
3954,3955,34, Down     ,3955, L   ,5,"(34, 5)"
3955,3956,34, Down     ,3956, L   ,4,"(34, 4)"
3956,3957,34, Down     ,3957, R   ,3,"(34, 3)"
3957,3958,34, Down     ,3958, R   ,2,"(34, 2)"
3958,3959,34, Down     ,3959, L   ,3,"(34, 3)"
3959,3960,34, Down     ,3960, L   ,2,"(34, 2)"
3960,3961,35, Up       ,3961, R   ,2,"(35, 2)"
3961,3962,35, Up       ,3962, R   ,3,"(35, 3)"
3962,3963,35, Up       ,3963, L   ,2,"(35, 2)"
3963,3964,35, Up       ,3964, L   ,3,"(35, 3)"
3964,3965,35, Up       ,3965, R   ,4,"(35, 4)"
3965,3966,35, Up       ,3966, R   ,5,"(35, 5)"
3966,3967,35, Up       ,3967, L   ,4,"(35, 4)"
3967,3968,35, Up       ,3968, L   ,5,"(35, 5)"
3968,3969,35, Up       ,3969, R   ,6,"(35, 6)"
3969,3970,35, Up       ,3970, R   ,7,"(35, 7)"
3970,3971,35, Up       ,3971, L   ,6,"(35, 6)"
3971,3972,35, Up       ,3972, L   ,7,"(35, 7)"
3972,3973,35, Up       ,3973, R   ,8,"(35, 8)"
3973,3974,35, Up       ,3974, R   ,9,"(35, 9)"
3974,3975,35, Up       ,3975, L   ,8,"(35, 8)"
3975,3976,35, Up       ,3976, L   ,9,"(35, 9)"
3976,3977,35, Up       ,3977, R   ,11,"(35, 11)"
3977,3978,35, Up       ,3978, L   ,10,"(35, 10)"
3978,3979,35, Up       ,3979, L   ,11,"(35, 11)"
3979,3980,35, Up       ,3980, R   ,12,"(35, 12)"
3980,3981,35, Up       ,3981, R   ,13,"(35, 13)"
3981,3982,35, Up       ,3982, L   ,12,"(35, 12)"
3982,3983,35, Up       ,3983, L   ,13,"(35, 13)"
3983,3984,35, Up       ,3984, R   ,14,"(35, 14)"
3984,3985,35, Up       ,3985, R   ,15,"(35, 15)"
3985,3986,35, Up       ,3986, L   ,14,"(35, 14)"
3986,3987,35, Up       ,3987, L   ,15,"(35, 15)"
3987,3988,35, Up       ,3988, R   ,16,"(35, 16)"
3988,3989,35, Up       ,3989, R   ,17,"(35, 17)"
3989,3990,35, Up       ,3990, L   ,16,"(35, 16)"
3990,3991,35, Up       ,3991, L   ,17,"(35, 17)"
3991,3992,35, Up       ,3992, R   ,18,"(35, 18)"
3992,3993,35, Up       ,3993, R   ,19,"(35, 19)"
3993,3994,35, Up       ,3994, L   ,18,"(35, 18)"
3994,3995,35, Up       ,3995, L   ,19,"(35, 19)"
3995,3996,35, Up       ,3996, R   ,20,"(35, 20)"
3996,3997,35, Up       ,3997, R   ,21,"(35, 21)"
3997,3998,35, Up       ,3998, L   ,20,"(35, 20)"
3998,3999,35, Up       ,3999, L   ,21,"(35, 21)"
3999,4000,35, Up       ,4000, R   ,22,"(35, 22)"
4000,4001,35, Up       ,4001, R   ,23,"(35, 23)"
4001,4002,35, Up       ,4002, L   ,22,"(35, 22)"
4002,4003,35, Up       ,4003, L   ,23,"(35, 23)"
4003,4004,35, Up       ,4004, R   ,24,"(35, 24)"
4004,4005,35, Up       ,4005, R   ,25,"(35, 25)"
4005,4006,35, Up       ,4006, L   ,24,"(35, 24)"
4006,4007,35, Up       ,4007, L   ,25,"(35, 25)"
4007,4008,35, Up       ,4008, R   ,26,"(35, 26)"
4008,4009,35, Up       ,4009, R   ,27,"(35, 27)"
4009,4010,35, Up       ,4010, L   ,26,"(35, 26)"
4010,4011,35, Up       ,4011, L   ,27,"(35, 27)"
4011,4012,35, Up       ,4012, R   ,31,"(35, 31)"
4012,4013,35, Up       ,4013, L   ,31,"(35, 31)"
4013,4014,35, Up       ,4014, R   ,33,"(35, 33)"
4014,4015,35, Up       ,4015, L   ,32,"(35, 32)"
4015,4016,35, Up       ,4016, L   ,33,"(35, 33)"
4016,4017,35, Up       ,4017, R   ,34,"(35, 34)"
4017,4018,35, Up       ,4018, R   ,35,"(35, 35)"
4018,4019,35, Up       ,4019, L   ,34,"(35, 34)"
4019,4020,35, Up       ,4020, L   ,35,"(35, 35)"
4020,4021,35, Up       ,4021, R   ,36,"(35, 36)"
4021,4022,35, Up       ,4022, R   ,37,"(35, 37)"
4022,4023,35, Up       ,4023, L   ,36,"(35, 36)"
4023,4024,35, Up       ,4024, L   ,37,"(35, 37)"
4024,4025,35, Up       ,4025, R   ,38,"(35, 38)"
4025,4026,35, Up       ,4026, R   ,39,"(35, 39)"
4026,4027,35, Up       ,4027, L   ,38,"(35, 38)"
4027,4028,35, Up       ,4028, L   ,39,"(35, 39)"
4028,4029,35, Up       ,4029, R   ,40,"(35, 40)"
4029,4030,35, Up       ,4030, R   ,41,"(35, 41)"
4030,4031,35, Up       ,4031, L   ,40,"(35, 40)"
4031,4032,35, Up       ,4032, L   ,41,"(35, 41)"
4032,4033,35, Up       ,4033, R   ,42,"(35, 42)"
4033,4034,35, Up       ,4034, R   ,43,"(35, 43)"
4034,4035,35, Up       ,4035, L   ,42,"(35, 42)"
4035,4036,35, Up       ,4036, L   ,43,"(35, 43)"
4036,4037,35, Up       ,4037, R   ,44,"(35, 44)"
4037,4038,35, Up       ,4038, R   ,45,"(35, 45)"
4038,4039,35, Up       ,4039, L   ,44,"(35, 44)"
4039,4040,35, Up       ,4040, L   ,45,"(35, 45)"
4040,4041,35, Up       ,4041, R   ,46,"(35, 46)"
4041,4042,35, Up       ,4042, R   ,47,"(35, 47)"
4042,4043,35, Up       ,4043, L   ,46,"(35, 46)"
4043,4044,35, Up       ,4044, L   ,47,"(35, 47)"
4044,4045,35, Up       ,4045, R   ,48,"(35, 48)"
4045,4046,35, Up       ,4046, R   ,49,"(35, 49)"
4046,4047,35, Up       ,4047, L   ,48,"(35, 48)"
4047,4048,35, Up       ,4048, L   ,49,"(35, 49)"
4048,4049,35, Up       ,4049, R   ,50,"(35, 50)"
4049,4050,35, Up       ,4050, R   ,51,"(35, 51)"
4050,4051,35, Up       ,4051, L   ,50,"(35, 50)"
4051,4052,35, Up       ,4052, L   ,51,"(35, 51)"
4052,4053,35, Up       ,4053, R   ,52,"(35, 52)"
4053,4054,35, Up       ,4054, R   ,53,"(35, 53)"
4054,4055,35, Up       ,4055, L   ,52,"(35, 52)"
4055,4056,35, Up       ,4056, L   ,53,"(35, 53)"
4056,4057,35, Up       ,4057, R   ,54,"(35, 54)"
4057,4058,35, Up       ,4058, L   ,54,"(35, 54)"
4058,4059,35, Up       ,4059, L   ,55,"(35, 55)"
4059,4060,35, Up       ,4060, R   ,56,"(35, 56)"
4060,4061,35, Up       ,4061, R   ,57,"(35, 57)"
4061,4062,35, Up       ,4062, L   ,56,"(35, 56)"
4062,4063,35, Up       ,4063, L   ,57,"(35, 57)"
4063,4064,35, Up       ,4064, R   ,58,"(35, 58)"
4064,4065,35, Up       ,4065, R   ,59,"(35, 59)"
4065,4066,35, Up       ,4066, L   ,58,"(35, 58)"
4066,4067,35, Up       ,4067, L   ,59,"(35, 59)"
4067,4068,35, Up       ,4068, R   ,60,"(35, 60)"
4068,4069,35, Up       ,4069, R   ,61,"(35, 61)"
4069,4070,35, Up       ,4070, L   ,60,"(35, 60)"
4070,4071,35, Up       ,4071, L   ,61,"(35, 61)"
4071,4072,36, Down     ,4072, R   ,61,"(36, 61)"
4072,4073,36, Down     ,4073, R   ,60,"(36, 60)"
4073,4074,36, Down     ,4074, L   ,61,"(36, 61)"
4074,4075,36, Down     ,4075, L   ,60,"(36, 60)"
4075,4076,36, Down     ,4076, R   ,59,"(36, 59)"
4076,4077,36, Down     ,4077, R   ,58,"(36, 58)"
4077,4078,36, Down     ,4078, L   ,59,"(36, 59)"
4078,4079,36, Down     ,4079, L   ,58,"(36, 58)"
4079,4080,36, Down     ,4080, R   ,57,"(36, 57)"
4080,4081,36, Down     ,4081, R   ,56,"(36, 56)"
4081,4082,36, Down     ,4082, L   ,57,"(36, 57)"
4082,4083,36, Down     ,4083, L   ,56,"(36, 56)"
4083,4084,36, Down     ,4084, R   ,55,"(36, 55)"
4084,4085,36, Down     ,4085, R   ,54,"(36, 54)"
4085,4086,36, Down     ,4086, L   ,55,"(36, 55)"
4086,4087,36, Down     ,4087, L   ,54,"(36, 54)"
4087,4088,36, Down     ,4088, R   ,53,"(36, 53)"
4088,4089,36, Down     ,4089, R   ,52,"(36, 52)"
4089,4090,36, Down     ,4090, L   ,53,"(36, 53)"
4090,4091,36, Down     ,4091, L   ,52,"(36, 52)"
4091,4092,36, Down     ,4092, R   ,51,"(36, 51)"
4092,4093,36, Down     ,4093, R   ,50,"(36, 50)"
4093,4094,36, Down     ,4094, L   ,51,"(36, 51)"
4094,4095,36, Down     ,4095, L   ,50,"(36, 50)"
4095,4096,36, Down     ,4096, R   ,49,"(36, 49)"
4096,4097,36, Down     ,4097, R   ,48,"(36, 48)"
4097,4098,36, Down     ,4098, L   ,49,"(36, 49)"
4098,4099,36, Down     ,4099, L   ,48,"(36, 48)"
4099,4100,36, Down     ,4100, R   ,47,"(36, 47)"
4100,4101,36, Down     ,4101, R   ,46,"(36, 46)"
4101,4102,36, Down     ,4102, L   ,47,"(36, 47)"
4102,4103,36, Down     ,4103, L   ,46,"(36, 46)"
4103,4104,36, Down     ,4104, R   ,45,"(36, 45)"
4104,4105,36, Down     ,4105, R   ,44,"(36, 44)"
4105,4106,36, Down     ,4106, L   ,45,"(36, 45)"
4106,4107,36, Down     ,4107, L   ,44,"(36, 44)"
4107,4108,36, Down     ,4108, R   ,43,"(36, 43)"
4108,4109,36, Down     ,4109, R   ,42,"(36, 42)"
4109,4110,36, Down     ,4110, L   ,43,"(36, 43)"
4110,4111,36, Down     ,4111, L   ,42,"(36, 42)"
4111,4112,36, Down     ,4112, R   ,41,"(36, 41)"
4112,4113,36, Down     ,4113, R   ,40,"(36, 40)"
4113,4114,36, Down     ,4114, L   ,41,"(36, 41)"
4114,4115,36, Down     ,4115, L   ,40,"(36, 40)"
4115,4116,36, Down     ,4116, R   ,39,"(36, 39)"
4116,4117,36, Down     ,4117, R   ,38,"(36, 38)"
4117,4118,36, Down     ,4118, L   ,39,"(36, 39)"
4118,4119,36, Down     ,4119, L   ,38,"(36, 38)"
4119,4120,36, Down     ,4120, R   ,37,"(36, 37)"
4120,4121,36, Down     ,4121, R   ,36,"(36, 36)"
4121,4122,36, Down     ,4122, L   ,37,"(36, 37)"
4122,4123,36, Down     ,4123, L   ,36,"(36, 36)"
4123,4124,36, Down     ,4124, R   ,35,"(36, 35)"
4124,4125,36, Down     ,4125, R   ,34,"(36, 34)"
4125,4126,36, Down     ,4126, L   ,35,"(36, 35)"
4126,4127,36, Down     ,4127, L   ,34,"(36, 34)"
4127,4128,36, Down     ,4128, R   ,33,"(36, 33)"
4128,4129,36, Down     ,4129, R   ,32,"(36, 32)"
4129,4130,36, Down     ,4130, L   ,33,"(36, 33)"
4130,4131,36, Down     ,4131, L   ,32,"(36, 32)"
4131,4132,36, Down     ,4132, R   ,31,"(36, 31)"
4132,4133,36, Down     ,4133, L   ,31,"(36, 31)"
4133,4134,36, Down     ,4134, R   ,27,"(36, 27)"
4134,4135,36, Down     ,4135, R   ,26,"(36, 26)"
4135,4136,36, Down     ,4136, L   ,27,"(36, 27)"
4136,4137,36, Down     ,4137, L   ,26,"(36, 26)"
4137,4138,36, Down     ,4138, R   ,25,"(36, 25)"
4138,4139,36, Down     ,4139, R   ,24,"(36, 24)"
4139,4140,36, Down     ,4140, L   ,25,"(36, 25)"
4140,4141,36, Down     ,4141, L   ,24,"(36, 24)"
4141,4142,36, Down     ,4142, R   ,23,"(36, 23)"
4142,4143,36, Down     ,4143, R   ,22,"(36, 22)"
4143,4144,36, Down     ,4144, L   ,23,"(36, 23)"
4144,4145,36, Down     ,4145, L   ,22,"(36, 22)"
4145,4146,36, Down     ,4146, R   ,21,"(36, 21)"
4146,4147,36, Down     ,4147, R   ,20,"(36, 20)"
4147,4148,36, Down     ,4148, L   ,21,"(36, 21)"
4148,4149,36, Down     ,4149, L   ,20,"(36, 20)"
4149,4150,36, Down     ,4150, R   ,19,"(36, 19)"
4150,4151,36, Down     ,4151, R   ,18,"(36, 18)"
4151,4152,36, Down     ,4152, L   ,19,"(36, 19)"
4152,4153,36, Down     ,4153, L   ,18,"(36, 18)"
4153,4154,36, Down     ,4154, R   ,17,"(36, 17)"
4154,4155,36, Down     ,4155, R   ,16,"(36, 16)"
4155,4156,36, Down     ,4156, L   ,17,"(36, 17)"
4156,4157,36, Down     ,4157, L   ,16,"(36, 16)"
4157,4158,36, Down     ,4158, R   ,15,"(36, 15)"
4158,4159,36, Down     ,4159, R   ,14,"(36, 14)"
4159,4160,36, Down     ,4160, L   ,15,"(36, 15)"
4160,4161,36, Down     ,4161, L   ,14,"(36, 14)"
4161,4162,36, Down     ,4162, R   ,13,"(36, 13)"
4162,4163,36, Down     ,4163, R   ,12,"(36, 12)"
4163,4164,36, Down     ,4164, L   ,13,"(36, 13)"
4164,4165,36, Down     ,4165, L   ,12,"(36, 12)"
4165,4166,36, Down     ,4166, R   ,11,"(36, 11)"
4166,4167,36, Down     ,4167, R   ,10,"(36, 10)"
4167,4168,36, Down     ,4168, L   ,11,"(36, 11)"
4168,4169,36, Down     ,4169, L   ,10,"(36, 10)"
4169,4170,36, Down     ,4170, R   ,9,"(36, 9)"
4170,4171,36, Down     ,4171, R   ,8,"(36, 8)"
4171,4172,36, Down     ,4172, L   ,9,"(36, 9)"
4172,4173,36, Down     ,4173, L   ,8,"(36, 8)"
4173,4174,36, Down     ,4174, R   ,7,"(36, 7)"
4174,4175,36, Down     ,4175, R   ,6,"(36, 6)"
4175,4176,36, Down     ,4176, L   ,7,"(36, 7)"
4176,4177,36, Down     ,4177, L   ,6,"(36, 6)"
4177,4178,36, Down     ,4178, R   ,5,"(36, 5)"
4178,4179,36, Down     ,4179, R   ,4,"(36, 4)"
4179,4180,36, Down     ,4180, L   ,5,"(36, 5)"
4180,4181,36, Down     ,4181, L   ,4,"(36, 4)"
4181,4182,36, Down     ,4182, R   ,3,"(36, 3)"
4182,4183,36, Down     ,4183, R   ,2,"(36, 2)"
4183,4184,36, Down     ,4184, L   ,3,"(36, 3)"
4184,4185,36, Down     ,4185, L   ,2,"(36, 2)"
4185,4186,37, Up       ,4186, R   ,2,"(37, 2)"
4186,4187,37, Up       ,4187, R   ,3,"(37, 3)"
4187,4188,37, Up       ,4188, L   ,2,"(37, 2)"
4188,4189,37, Up       ,4189, L   ,3,"(37, 3)"
4189,4190,37, Up       ,4190, R   ,4,"(37, 4)"
4190,4191,37, Up       ,4191, R   ,5,"(37, 5)"
4191,4192,37, Up       ,4192, L   ,4,"(37, 4)"
4192,4193,37, Up       ,4193, L   ,5,"(37, 5)"
4193,4194,37, Up       ,4194, R   ,6,"(37, 6)"
4194,4195,37, Up       ,4195, R   ,7,"(37, 7)"
4195,4196,37, Up       ,4196, L   ,6,"(37, 6)"
4196,4197,37, Up       ,4197, L   ,7,"(37, 7)"
4197,4198,37, Up       ,4198, R   ,8,"(37, 8)"
4198,4199,37, Up       ,4199, R   ,9,"(37, 9)"
4199,4200,37, Up       ,4200, L   ,8,"(37, 8)"
4200,4201,37, Up       ,4201, L   ,9,"(37, 9)"
4201,4202,37, Up       ,4202, R   ,10,"(37, 10)"
4202,4203,37, Up       ,4203, R   ,11,"(37, 11)"
4203,4204,37, Up       ,4204, L   ,10,"(37, 10)"
4204,4205,37, Up       ,4205, L   ,11,"(37, 11)"
4205,4206,37, Up       ,4206, R   ,12,"(37, 12)"
4206,4207,37, Up       ,4207, R   ,13,"(37, 13)"
4207,4208,37, Up       ,4208, L   ,12,"(37, 12)"
4208,4209,37, Up       ,4209, L   ,13,"(37, 13)"
4209,4210,37, Up       ,4210, R   ,14,"(37, 14)"
4210,4211,37, Up       ,4211, R   ,15,"(37, 15)"
4211,4212,37, Up       ,4212, L   ,14,"(37, 14)"
4212,4213,37, Up       ,4213, L   ,15,"(37, 15)"
4213,4214,37, Up       ,4214, R   ,16,"(37, 16)"
4214,4215,37, Up       ,4215, R   ,17,"(37, 17)"
4215,4216,37, Up       ,4216, L   ,16,"(37, 16)"
4216,4217,37, Up       ,4217, L   ,17,"(37, 17)"
4217,4218,37, Up       ,4218, R   ,18,"(37, 18)"
4218,4219,37, Up       ,4219, R   ,19,"(37, 19)"
4219,4220,37, Up       ,4220, L   ,18,"(37, 18)"
4220,4221,37, Up       ,4221, L   ,19,"(37, 19)"
4221,4222,37, Up       ,4222, R   ,20,"(37, 20)"
4222,4223,37, Up       ,4223, R   ,21,"(37, 21)"
4223,4224,37, Up       ,4224, L   ,20,"(37, 20)"
4224,4225,37, Up       ,4225, L   ,21,"(37, 21)"
4225,4226,37, Up       ,4226, R   ,22,"(37, 22)"
4226,4227,37, Up       ,4227, R   ,23,"(37, 23)"
4227,4228,37, Up       ,4228, L   ,22,"(37, 22)"
4228,4229,37, Up       ,4229, L   ,23,"(37, 23)"
4229,4230,37, Up       ,4230, R   ,24,"(37, 24)"
4230,4231,37, Up       ,4231, R   ,25,"(37, 25)"
4231,4232,37, Up       ,4232, L   ,24,"(37, 24)"
4232,4233,37, Up       ,4233, L   ,25,"(37, 25)"
4233,4234,37, Up       ,4234, R   ,26,"(37, 26)"
4234,4235,37, Up       ,4235, R   ,27,"(37, 27)"
4235,4236,37, Up       ,4236, L   ,26,"(37, 26)"
4236,4237,37, Up       ,4237, L   ,27,"(37, 27)"
4237,4238,37, Up       ,4238, R   ,31,"(37, 31)"
4238,4239,37, Up       ,4239, L   ,31,"(37, 31)"
4239,4240,37, Up       ,4240, R   ,32,"(37, 32)"
4240,4241,37, Up       ,4241, R   ,33,"(37, 33)"
4241,4242,37, Up       ,4242, L   ,32,"(37, 32)"
4242,4243,37, Up       ,4243, L   ,33,"(37, 33)"
4243,4244,37, Up       ,4244, R   ,34,"(37, 34)"
4244,4245,37, Up       ,4245, R   ,35,"(37, 35)"
4245,4246,37, Up       ,4246, L   ,34,"(37, 34)"
4246,4247,37, Up       ,4247, L   ,35,"(37, 35)"
4247,4248,37, Up       ,4248, R   ,36,"(37, 36)"
4248,4249,37, Up       ,4249, R   ,37,"(37, 37)"
4249,4250,37, Up       ,4250, L   ,36,"(37, 36)"
4250,4251,37, Up       ,4251, L   ,37,"(37, 37)"
4251,4252,37, Up       ,4252, R   ,38,"(37, 38)"
4252,4253,37, Up       ,4253, R   ,39,"(37, 39)"
4253,4254,37, Up       ,4254, L   ,38,"(37, 38)"
4254,4255,37, Up       ,4255, L   ,39,"(37, 39)"
4255,4256,37, Up       ,4256, R   ,40,"(37, 40)"
4256,4257,37, Up       ,4257, R   ,41,"(37, 41)"
4257,4258,37, Up       ,4258, L   ,40,"(37, 40)"
4258,4259,37, Up       ,4259, L   ,41,"(37, 41)"
4259,4260,37, Up       ,4260, R   ,42,"(37, 42)"
4260,4261,37, Up       ,4261, R   ,43,"(37, 43)"
4261,4262,37, Up       ,4262, L   ,42,"(37, 42)"
4262,4263,37, Up       ,4263, L   ,43,"(37, 43)"
4263,4264,37, Up       ,4264, R   ,44,"(37, 44)"
4264,4265,37, Up       ,4265, R   ,45,"(37, 45)"
4265,4266,37, Up       ,4266, L   ,44,"(37, 44)"
4266,4267,37, Up       ,4267, L   ,45,"(37, 45)"
4267,4268,37, Up       ,4268, R   ,46,"(37, 46)"
4268,4269,37, Up       ,4269, R   ,47,"(37, 47)"
4269,4270,37, Up       ,4270, L   ,46,"(37, 46)"
4270,4271,37, Up       ,4271, L   ,47,"(37, 47)"
4271,4272,37, Up       ,4272, R   ,48,"(37, 48)"
4272,4273,37, Up       ,4273, R   ,49,"(37, 49)"
4273,4274,37, Up       ,4274, L   ,48,"(37, 48)"
4274,4275,37, Up       ,4275, L   ,49,"(37, 49)"
4275,4276,37, Up       ,4276, R   ,50,"(37, 50)"
4276,4277,37, Up       ,4277, R   ,51,"(37, 51)"
4277,4278,37, Up       ,4278, L   ,50,"(37, 50)"
4278,4279,37, Up       ,4279, L   ,51,"(37, 51)"
4279,4280,37, Up       ,4280, R   ,52,"(37, 52)"
4280,4281,37, Up       ,4281, R   ,53,"(37, 53)"
4281,4282,37, Up       ,4282, L   ,52,"(37, 52)"
4282,4283,37, Up       ,4283, L   ,53,"(37, 53)"
4283,4284,37, Up       ,4284, R   ,54,"(37, 54)"
4284,4285,37, Up       ,4285, R   ,55,"(37, 55)"
4285,4286,37, Up       ,4286, L   ,54,"(37, 54)"
4286,4287,37, Up       ,4287, L   ,55,"(37, 55)"
4287,4288,37, Up       ,4288, R   ,56,"(37, 56)"
4288,4289,37, Up       ,4289, R   ,57,"(37, 57)"
4289,4290,37, Up       ,4290, L   ,56,"(37, 56)"
4290,4291,37, Up       ,4291, L   ,57,"(37, 57)"
4291,4292,37, Up       ,4292, R   ,58,"(37, 58)"
4292,4293,37, Up       ,4293, R   ,59,"(37, 59)"
4293,4294,37, Up       ,4294, L   ,58,"(37, 58)"
4294,4295,37, Up       ,4295, L   ,59,"(37, 59)"
4295,4296,37, Up       ,4296, R   ,60,"(37, 60)"
4296,4297,37, Up       ,4297, R   ,61,"(37, 61)"
4297,4298,37, Up       ,4298, L   ,60,"(37, 60)"
4298,4299,37, Up       ,4299, L   ,61,"(37, 61)"
4299,4300,38, Down     ,4300, R   ,61,"(38, 61)"
4300,4301,38, Down     ,4301, R   ,60,"(38, 60)"
4301,4302,38, Down     ,4302, L   ,61,"(38, 61)"
4302,4303,38, Down     ,4303, L   ,60,"(38, 60)"
4303,4304,38, Down     ,4304, R   ,59,"(38, 59)"
4304,4305,38, Down     ,4305, R   ,58,"(38, 58)"
4305,4306,38, Down     ,4306, L   ,59,"(38, 59)"
4306,4307,38, Down     ,4307, L   ,58,"(38, 58)"
4307,4308,38, Down     ,4308, R   ,57,"(38, 57)"
4308,4309,38, Down     ,4309, R   ,56,"(38, 56)"
4309,4310,38, Down     ,4310, L   ,57,"(38, 57)"
4310,4311,38, Down     ,4311, L   ,56,"(38, 56)"
4311,4312,38, Down     ,4312, R   ,55,"(38, 55)"
4312,4313,38, Down     ,4313, R   ,54,"(38, 54)"
4313,4314,38, Down     ,4314, L   ,54,"(38, 54)"
4314,4315,38, Down     ,4315, R   ,53,"(38, 53)"
4315,4316,38, Down     ,4316, R   ,52,"(38, 52)"
4316,4317,38, Down     ,4317, L   ,53,"(38, 53)"
4317,4318,38, Down     ,4318, L   ,52,"(38, 52)"
4318,4319,38, Down     ,4319, R   ,51,"(38, 51)"
4319,4320,38, Down     ,4320, R   ,50,"(38, 50)"
4320,4321,38, Down     ,4321, L   ,51,"(38, 51)"
4321,4322,38, Down     ,4322, L   ,50,"(38, 50)"
4322,4323,38, Down     ,4323, R   ,49,"(38, 49)"
4323,4324,38, Down     ,4324, R   ,48,"(38, 48)"
4324,4325,38, Down     ,4325, L   ,49,"(38, 49)"
4325,4326,38, Down     ,4326, L   ,48,"(38, 48)"
4326,4327,38, Down     ,4327, R   ,47,"(38, 47)"
4327,4328,38, Down     ,4328, R   ,46,"(38, 46)"
4328,4329,38, Down     ,4329, L   ,47,"(38, 47)"
4329,4330,38, Down     ,4330, L   ,46,"(38, 46)"
4330,4331,38, Down     ,4331, R   ,45,"(38, 45)"
4331,4332,38, Down     ,4332, R   ,44,"(38, 44)"
4332,4333,38, Down     ,4333, L   ,45,"(38, 45)"
4333,4334,38, Down     ,4334, L   ,44,"(38, 44)"
4334,4335,38, Down     ,4335, R   ,43,"(38, 43)"
4335,4336,38, Down     ,4336, R   ,42,"(38, 42)"
4336,4337,38, Down     ,4337, L   ,43,"(38, 43)"
4337,4338,38, Down     ,4338, L   ,42,"(38, 42)"
4338,4339,38, Down     ,4339, R   ,41,"(38, 41)"
4339,4340,38, Down     ,4340, R   ,40,"(38, 40)"
4340,4341,38, Down     ,4341, L   ,41,"(38, 41)"
4341,4342,38, Down     ,4342, L   ,40,"(38, 40)"
4342,4343,38, Down     ,4343, R   ,39,"(38, 39)"
4343,4344,38, Down     ,4344, R   ,38,"(38, 38)"
4344,4345,38, Down     ,4345, L   ,39,"(38, 39)"
4345,4346,38, Down     ,4346, L   ,38,"(38, 38)"
4346,4347,38, Down     ,4347, R   ,37,"(38, 37)"
4347,4348,38, Down     ,4348, R   ,36,"(38, 36)"
4348,4349,38, Down     ,4349, L   ,37,"(38, 37)"
4349,4350,38, Down     ,4350, L   ,36,"(38, 36)"
4350,4351,38, Down     ,4351, R   ,35,"(38, 35)"
4351,4352,38, Down     ,4352, R   ,34,"(38, 34)"
4352,4353,38, Down     ,4353, L   ,35,"(38, 35)"
4353,4354,38, Down     ,4354, L   ,34,"(38, 34)"
4354,4355,38, Down     ,4355, R   ,33,"(38, 33)"
4355,4356,38, Down     ,4356, R   ,32,"(38, 32)"
4356,4357,38, Down     ,4357, L   ,33,"(38, 33)"
4357,4358,38, Down     ,4358, R   ,31,"(38, 31)"
4358,4359,38, Down     ,4359, L   ,31,"(38, 31)"
4359,4360,38, Down     ,4360, R   ,27,"(38, 27)"
4360,4361,38, Down     ,4361, R   ,26,"(38, 26)"
4361,4362,38, Down     ,4362, L   ,27,"(38, 27)"
4362,4363,38, Down     ,4363, L   ,26,"(38, 26)"
4363,4364,38, Down     ,4364, R   ,25,"(38, 25)"
4364,4365,38, Down     ,4365, R   ,24,"(38, 24)"
4365,4366,38, Down     ,4366, L   ,25,"(38, 25)"
4366,4367,38, Down     ,4367, L   ,24,"(38, 24)"
4367,4368,38, Down     ,4368, R   ,23,"(38, 23)"
4368,4369,38, Down     ,4369, R   ,22,"(38, 22)"
4369,4370,38, Down     ,4370, L   ,23,"(38, 23)"
4370,4371,38, Down     ,4371, L   ,22,"(38, 22)"
4371,4372,38, Down     ,4372, R   ,21,"(38, 21)"
4372,4373,38, Down     ,4373, R   ,20,"(38, 20)"
4373,4374,38, Down     ,4374, L   ,21,"(38, 21)"
4374,4375,38, Down     ,4375, L   ,20,"(38, 20)"
4375,4376,38, Down     ,4376, R   ,19,"(38, 19)"
4376,4377,38, Down     ,4377, R   ,18,"(38, 18)"
4377,4378,38, Down     ,4378, L   ,19,"(38, 19)"
4378,4379,38, Down     ,4379, L   ,18,"(38, 18)"
4379,4380,38, Down     ,4380, R   ,17,"(38, 17)"
4380,4381,38, Down     ,4381, R   ,16,"(38, 16)"
4381,4382,38, Down     ,4382, L   ,17,"(38, 17)"
4382,4383,38, Down     ,4383, L   ,16,"(38, 16)"
4383,4384,38, Down     ,4384, R   ,15,"(38, 15)"
4384,4385,38, Down     ,4385, R   ,14,"(38, 14)"
4385,4386,38, Down     ,4386, L   ,15,"(38, 15)"
4386,4387,38, Down     ,4387, L   ,14,"(38, 14)"
4387,4388,38, Down     ,4388, R   ,13,"(38, 13)"
4388,4389,38, Down     ,4389, R   ,12,"(38, 12)"
4389,4390,38, Down     ,4390, L   ,13,"(38, 13)"
4390,4391,38, Down     ,4391, L   ,12,"(38, 12)"
4391,4392,38, Down     ,4392, R   ,11,"(38, 11)"
4392,4393,38, Down     ,4393, R   ,10,"(38, 10)"
4393,4394,38, Down     ,4394, L   ,11,"(38, 11)"
4394,4395,38, Down     ,4395, R   ,9,"(38, 9)"
4395,4396,38, Down     ,4396, R   ,8,"(38, 8)"
4396,4397,38, Down     ,4397, L   ,9,"(38, 9)"
4397,4398,38, Down     ,4398, L   ,8,"(38, 8)"
4398,4399,38, Down     ,4399, R   ,7,"(38, 7)"
4399,4400,38, Down     ,4400, R   ,6,"(38, 6)"
4400,4401,38, Down     ,4401, L   ,7,"(38, 7)"
4401,4402,38, Down     ,4402, L   ,6,"(38, 6)"
4402,4403,38, Down     ,4403, R   ,5,"(38, 5)"
4403,4404,38, Down     ,4404, R   ,4,"(38, 4)"
4404,4405,38, Down     ,4405, L   ,5,"(38, 5)"
4405,4406,38, Down     ,4406, L   ,4,"(38, 4)"
4406,4407,38, Down     ,4407, R   ,3,"(38, 3)"
4407,4408,38, Down     ,4408, R   ,2,"(38, 2)"
4408,4409,38, Down     ,4409, L   ,3,"(38, 3)"
4409,4410,38, Down     ,4410, L   ,2,"(38, 2)"
4410,4411,39, Up       ,4411, R   ,2,"(39, 2)"
4411,4412,39, Up       ,4412, R   ,3,"(39, 3)"
4412,4413,39, Up       ,4413, L   ,2,"(39, 2)"
4413,4414,39, Up       ,4414, L   ,3,"(39, 3)"
4414,4415,39, Up       ,4415, R   ,4,"(39, 4)"
4415,4416,39, Up       ,4416, R   ,5,"(39, 5)"
4416,4417,39, Up       ,4417, L   ,4,"(39, 4)"
4417,4418,39, Up       ,4418, L   ,5,"(39, 5)"
4418,4419,39, Up       ,4419, R   ,6,"(39, 6)"
4419,4420,39, Up       ,4420, R   ,7,"(39, 7)"
4420,4421,39, Up       ,4421, L   ,6,"(39, 6)"
4421,4422,39, Up       ,4422, L   ,7,"(39, 7)"
4422,4423,39, Up       ,4423, R   ,8,"(39, 8)"
4423,4424,39, Up       ,4424, R   ,9,"(39, 9)"
4424,4425,39, Up       ,4425, L   ,8,"(39, 8)"
4425,4426,39, Up       ,4426, L   ,9,"(39, 9)"
4426,4427,39, Up       ,4427, R   ,10,"(39, 10)"
4427,4428,39, Up       ,4428, R   ,11,"(39, 11)"
4428,4429,39, Up       ,4429, L   ,10,"(39, 10)"
4429,4430,39, Up       ,4430, L   ,11,"(39, 11)"
4430,4431,39, Up       ,4431, R   ,12,"(39, 12)"
4431,4432,39, Up       ,4432, R   ,13,"(39, 13)"
4432,4433,39, Up       ,4433, L   ,12,"(39, 12)"
4433,4434,39, Up       ,4434, L   ,13,"(39, 13)"
4434,4435,39, Up       ,4435, R   ,14,"(39, 14)"
4435,4436,39, Up       ,4436, R   ,15,"(39, 15)"
4436,4437,39, Up       ,4437, L   ,14,"(39, 14)"
4437,4438,39, Up       ,4438, L   ,15,"(39, 15)"
4438,4439,39, Up       ,4439, R   ,16,"(39, 16)"
4439,4440,39, Up       ,4440, R   ,17,"(39, 17)"
4440,4441,39, Up       ,4441, L   ,16,"(39, 16)"
4441,4442,39, Up       ,4442, L   ,17,"(39, 17)"
4442,4443,39, Up       ,4443, R   ,18,"(39, 18)"
4443,4444,39, Up       ,4444, R   ,19,"(39, 19)"
4444,4445,39, Up       ,4445, L   ,18,"(39, 18)"
4445,4446,39, Up       ,4446, L   ,19,"(39, 19)"
4446,4447,39, Up       ,4447, R   ,20,"(39, 20)"
4447,4448,39, Up       ,4448, R   ,21,"(39, 21)"
4448,4449,39, Up       ,4449, L   ,20,"(39, 20)"
4449,4450,39, Up       ,4450, L   ,21,"(39, 21)"
4450,4451,39, Up       ,4451, R   ,22,"(39, 22)"
4451,4452,39, Up       ,4452, R   ,23,"(39, 23)"
4452,4453,39, Up       ,4453, L   ,22,"(39, 22)"
4453,4454,39, Up       ,4454, L   ,23,"(39, 23)"
4454,4455,39, Up       ,4455, R   ,24,"(39, 24)"
4455,4456,39, Up       ,4456, R   ,25,"(39, 25)"
4456,4457,39, Up       ,4457, L   ,24,"(39, 24)"
4457,4458,39, Up       ,4458, L   ,25,"(39, 25)"
4458,4459,39, Up       ,4459, R   ,26,"(39, 26)"
4459,4460,39, Up       ,4460, R   ,27,"(39, 27)"
4460,4461,39, Up       ,4461, L   ,26,"(39, 26)"
4461,4462,39, Up       ,4462, L   ,27,"(39, 27)"
4462,4463,39, Up       ,4463, R   ,31,"(39, 31)"
4463,4464,39, Up       ,4464, L   ,31,"(39, 31)"
4464,4465,39, Up       ,4465, R   ,32,"(39, 32)"
4465,4466,39, Up       ,4466, R   ,33,"(39, 33)"
4466,4467,39, Up       ,4467, L   ,32,"(39, 32)"
4467,4468,39, Up       ,4468, L   ,33,"(39, 33)"
4468,4469,39, Up       ,4469, R   ,34,"(39, 34)"
4469,4470,39, Up       ,4470, R   ,35,"(39, 35)"
4470,4471,39, Up       ,4471, L   ,34,"(39, 34)"
4471,4472,39, Up       ,4472, L   ,35,"(39, 35)"
4472,4473,39, Up       ,4473, R   ,36,"(39, 36)"
4473,4474,39, Up       ,4474, R   ,37,"(39, 37)"
4474,4475,39, Up       ,4475, L   ,36,"(39, 36)"
4475,4476,39, Up       ,4476, L   ,37,"(39, 37)"
4476,4477,39, Up       ,4477, R   ,38,"(39, 38)"
4477,4478,39, Up       ,4478, R   ,39,"(39, 39)"
4478,4479,39, Up       ,4479, L   ,38,"(39, 38)"
4479,4480,39, Up       ,4480, L   ,39,"(39, 39)"
4480,4481,39, Up       ,4481, R   ,40,"(39, 40)"
4481,4482,39, Up       ,4482, R   ,41,"(39, 41)"
4482,4483,39, Up       ,4483, L   ,40,"(39, 40)"
4483,4484,39, Up       ,4484, L   ,41,"(39, 41)"
4484,4485,39, Up       ,4485, R   ,42,"(39, 42)"
4485,4486,39, Up       ,4486, R   ,43,"(39, 43)"
4486,4487,39, Up       ,4487, L   ,42,"(39, 42)"
4487,4488,39, Up       ,4488, L   ,43,"(39, 43)"
4488,4489,39, Up       ,4489, R   ,44,"(39, 44)"
4489,4490,39, Up       ,4490, R   ,45,"(39, 45)"
4490,4491,39, Up       ,4491, L   ,44,"(39, 44)"
4491,4492,39, Up       ,4492, L   ,45,"(39, 45)"
4492,4493,39, Up       ,4493, R   ,46,"(39, 46)"
4493,4494,39, Up       ,4494, R   ,47,"(39, 47)"
4494,4495,39, Up       ,4495, L   ,46,"(39, 46)"
4495,4496,39, Up       ,4496, L   ,47,"(39, 47)"
4496,4497,39, Up       ,4497, R   ,48,"(39, 48)"
4497,4498,39, Up       ,4498, R   ,49,"(39, 49)"
4498,4499,39, Up       ,4499, L   ,48,"(39, 48)"
4499,4500,39, Up       ,4500, L   ,49,"(39, 49)"
4500,4501,39, Up       ,4501, R   ,50,"(39, 50)"
4501,4502,39, Up       ,4502, R   ,51,"(39, 51)"
4502,4503,39, Up       ,4503, L   ,50,"(39, 50)"
4503,4504,39, Up       ,4504, L   ,51,"(39, 51)"
4504,4505,39, Up       ,4505, R   ,52,"(39, 52)"
4505,4506,39, Up       ,4506, R   ,53,"(39, 53)"
4506,4507,39, Up       ,4507, L   ,52,"(39, 52)"
4507,4508,39, Up       ,4508, L   ,53,"(39, 53)"
4508,4509,39, Up       ,4509, R   ,54,"(39, 54)"
4509,4510,39, Up       ,4510, R   ,55,"(39, 55)"
4510,4511,39, Up       ,4511, L   ,54,"(39, 54)"
4511,4512,39, Up       ,4512, L   ,55,"(39, 55)"
4512,4513,39, Up       ,4513, R   ,56,"(39, 56)"
4513,4514,39, Up       ,4514, R   ,57,"(39, 57)"
4514,4515,39, Up       ,4515, L   ,56,"(39, 56)"
4515,4516,39, Up       ,4516, L   ,57,"(39, 57)"
4516,4517,39, Up       ,4517, R   ,58,"(39, 58)"
4517,4518,39, Up       ,4518, R   ,59,"(39, 59)"
4518,4519,39, Up       ,4519, L   ,58,"(39, 58)"
4519,4520,39, Up       ,4520, L   ,59,"(39, 59)"
4520,4521,39, Up       ,4521, R   ,60,"(39, 60)"
4521,4522,39, Up       ,4522, R   ,61,"(39, 61)"
4522,4523,39, Up       ,4523, L   ,60,"(39, 60)"
4523,4524,39, Up       ,4524, L   ,61,"(39, 61)"
4524,4525,40, Down     ,4525, R   ,61,"(40, 61)"
4525,4526,40, Down     ,4526, R   ,60,"(40, 60)"
4526,4527,40, Down     ,4527, L   ,61,"(40, 61)"
4527,4528,40, Down     ,4528, L   ,60,"(40, 60)"
4528,4529,40, Down     ,4529, R   ,59,"(40, 59)"
4529,4530,40, Down     ,4530, R   ,58,"(40, 58)"
4530,4531,40, Down     ,4531, L   ,59,"(40, 59)"
4531,4532,40, Down     ,4532, L   ,58,"(40, 58)"
4532,4533,40, Down     ,4533, R   ,57,"(40, 57)"
4533,4534,40, Down     ,4534, R   ,56,"(40, 56)"
4534,4535,40, Down     ,4535, L   ,57,"(40, 57)"
4535,4536,40, Down     ,4536, L   ,56,"(40, 56)"
4536,4537,40, Down     ,4537, R   ,55,"(40, 55)"
4537,4538,40, Down     ,4538, R   ,54,"(40, 54)"
4538,4539,40, Down     ,4539, L   ,55,"(40, 55)"
4539,4540,40, Down     ,4540, L   ,54,"(40, 54)"
4540,4541,40, Down     ,4541, R   ,53,"(40, 53)"
4541,4542,40, Down     ,4542, R   ,52,"(40, 52)"
4542,4543,40, Down     ,4543, L   ,53,"(40, 53)"
4543,4544,40, Down     ,4544, L   ,52,"(40, 52)"
4544,4545,40, Down     ,4545, R   ,51,"(40, 51)"
4545,4546,40, Down     ,4546, R   ,50,"(40, 50)"
4546,4547,40, Down     ,4547, L   ,51,"(40, 51)"
4547,4548,40, Down     ,4548, L   ,50,"(40, 50)"
4548,4549,40, Down     ,4549, R   ,49,"(40, 49)"
4549,4550,40, Down     ,4550, R   ,48,"(40, 48)"
4550,4551,40, Down     ,4551, L   ,49,"(40, 49)"
4551,4552,40, Down     ,4552, L   ,48,"(40, 48)"
4552,4553,40, Down     ,4553, R   ,47,"(40, 47)"
4553,4554,40, Down     ,4554, R   ,46,"(40, 46)"
4554,4555,40, Down     ,4555, L   ,47,"(40, 47)"
4555,4556,40, Down     ,4556, L   ,46,"(40, 46)"
4556,4557,40, Down     ,4557, R   ,45,"(40, 45)"
4557,4558,40, Down     ,4558, R   ,44,"(40, 44)"
4558,4559,40, Down     ,4559, L   ,45,"(40, 45)"
4559,4560,40, Down     ,4560, L   ,44,"(40, 44)"
4560,4561,40, Down     ,4561, R   ,43,"(40, 43)"
4561,4562,40, Down     ,4562, R   ,42,"(40, 42)"
4562,4563,40, Down     ,4563, L   ,43,"(40, 43)"
4563,4564,40, Down     ,4564, L   ,42,"(40, 42)"
4564,4565,40, Down     ,4565, R   ,41,"(40, 41)"
4565,4566,40, Down     ,4566, R   ,40,"(40, 40)"
4566,4567,40, Down     ,4567, L   ,41,"(40, 41)"
4567,4568,40, Down     ,4568, L   ,40,"(40, 40)"
4568,4569,40, Down     ,4569, R   ,39,"(40, 39)"
4569,4570,40, Down     ,4570, R   ,38,"(40, 38)"
4570,4571,40, Down     ,4571, L   ,39,"(40, 39)"
4571,4572,40, Down     ,4572, L   ,38,"(40, 38)"
4572,4573,40, Down     ,4573, R   ,37,"(40, 37)"
4573,4574,40, Down     ,4574, R   ,36,"(40, 36)"
4574,4575,40, Down     ,4575, L   ,37,"(40, 37)"
4575,4576,40, Down     ,4576, L   ,36,"(40, 36)"
4576,4577,40, Down     ,4577, R   ,35,"(40, 35)"
4577,4578,40, Down     ,4578, R   ,34,"(40, 34)"
4578,4579,40, Down     ,4579, L   ,35,"(40, 35)"
4579,4580,40, Down     ,4580, L   ,34,"(40, 34)"
4580,4581,40, Down     ,4581, R   ,33,"(40, 33)"
4581,4582,40, Down     ,4582, R   ,32,"(40, 32)"
4582,4583,40, Down     ,4583, L   ,33,"(40, 33)"
4583,4584,40, Down     ,4584, L   ,32,"(40, 32)"
4584,4585,40, Down     ,4585, R   ,31,"(40, 31)"
4585,4586,40, Down     ,4586, L   ,31,"(40, 31)"
4586,4587,40, Down     ,4587, R   ,27,"(40, 27)"
4587,4588,40, Down     ,4588, R   ,26,"(40, 26)"
4588,4589,40, Down     ,4589, L   ,27,"(40, 27)"
4589,4590,40, Down     ,4590, L   ,26,"(40, 26)"
4590,4591,40, Down     ,4591, R   ,25,"(40, 25)"
4591,4592,40, Down     ,4592, R   ,24,"(40, 24)"
4592,4593,40, Down     ,4593, L   ,25,"(40, 25)"
4593,4594,40, Down     ,4594, L   ,24,"(40, 24)"
4594,4595,40, Down     ,4595, R   ,23,"(40, 23)"
4595,4596,40, Down     ,4596, R   ,22,"(40, 22)"
4596,4597,40, Down     ,4597, L   ,23,"(40, 23)"
4597,4598,40, Down     ,4598, L   ,22,"(40, 22)"
4598,4599,40, Down     ,4599, R   ,21,"(40, 21)"
4599,4600,40, Down     ,4600, R   ,20,"(40, 20)"
4600,4601,40, Down     ,4601, L   ,21,"(40, 21)"
4601,4602,40, Down     ,4602, L   ,20,"(40, 20)"
4602,4603,40, Down     ,4603, R   ,19,"(40, 19)"
4603,4604,40, Down     ,4604, R   ,18,"(40, 18)"
4604,4605,40, Down     ,4605, L   ,19,"(40, 19)"
4605,4606,40, Down     ,4606, L   ,18,"(40, 18)"
4606,4607,40, Down     ,4607, R   ,17,"(40, 17)"
4607,4608,40, Down     ,4608, R   ,16,"(40, 16)"
4608,4609,40, Down     ,4609, L   ,17,"(40, 17)"
4609,4610,40, Down     ,4610, L   ,16,"(40, 16)"
4610,4611,40, Down     ,4611, R   ,15,"(40, 15)"
4611,4612,40, Down     ,4612, R   ,14,"(40, 14)"
4612,4613,40, Down     ,4613, L   ,15,"(40, 15)"
4613,4614,40, Down     ,4614, L   ,14,"(40, 14)"
4614,4615,40, Down     ,4615, R   ,13,"(40, 13)"
4615,4616,40, Down     ,4616, R   ,12,"(40, 12)"
4616,4617,40, Down     ,4617, L   ,13,"(40, 13)"
4617,4618,40, Down     ,4618, L   ,12,"(40, 12)"
4618,4619,40, Down     ,4619, R   ,11,"(40, 11)"
4619,4620,40, Down     ,4620, R   ,10,"(40, 10)"
4620,4621,40, Down     ,4621, L   ,11,"(40, 11)"
4621,4622,40, Down     ,4622, L   ,10,"(40, 10)"
4622,4623,40, Down     ,4623, R   ,9,"(40, 9)"
4623,4624,40, Down     ,4624, R   ,8,"(40, 8)"
4624,4625,40, Down     ,4625, L   ,9,"(40, 9)"
4625,4626,40, Down     ,4626, L   ,8,"(40, 8)"
4626,4627,40, Down     ,4627, R   ,7,"(40, 7)"
4627,4628,40, Down     ,4628, R   ,6,"(40, 6)"
4628,4629,40, Down     ,4629, L   ,7,"(40, 7)"
4629,4630,40, Down     ,4630, L   ,6,"(40, 6)"
4630,4631,40, Down     ,4631, R   ,5,"(40, 5)"
4631,4632,40, Down     ,4632, R   ,4,"(40, 4)"
4632,4633,40, Down     ,4633, L   ,5,"(40, 5)"
4633,4634,40, Down     ,4634, L   ,4,"(40, 4)"
4634,4635,40, Down     ,4635, R   ,3,"(40, 3)"
4635,4636,40, Down     ,4636, R   ,2,"(40, 2)"
4636,4637,40, Down     ,4637, L   ,3,"(40, 3)"
4637,4638,40, Down     ,4638, L   ,2,"(40, 2)"
4638,4639,41, Up       ,4639, R   ,2,"(41, 2)"
4639,4640,41, Up       ,4640, R   ,3,"(41, 3)"
4640,4641,41, Up       ,4641, L   ,2,"(41, 2)"
4641,4642,41, Up       ,4642, L   ,3,"(41, 3)"
4642,4643,41, Up       ,4643, R   ,4,"(41, 4)"
4643,4644,41, Up       ,4644, R   ,5,"(41, 5)"
4644,4645,41, Up       ,4645, L   ,4,"(41, 4)"
4645,4646,41, Up       ,4646, L   ,5,"(41, 5)"
4646,4647,41, Up       ,4647, R   ,6,"(41, 6)"
4647,4648,41, Up       ,4648, R   ,7,"(41, 7)"
4648,4649,41, Up       ,4649, L   ,6,"(41, 6)"
4649,4650,41, Up       ,4650, L   ,7,"(41, 7)"
4650,4651,41, Up       ,4651, R   ,8,"(41, 8)"
4651,4652,41, Up       ,4652, R   ,9,"(41, 9)"
4652,4653,41, Up       ,4653, L   ,8,"(41, 8)"
4653,4654,41, Up       ,4654, L   ,9,"(41, 9)"
4654,4655,41, Up       ,4655, R   ,11,"(41, 11)"
4655,4656,41, Up       ,4656, L   ,10,"(41, 10)"
4656,4657,41, Up       ,4657, L   ,11,"(41, 11)"
4657,4658,41, Up       ,4658, R   ,12,"(41, 12)"
4658,4659,41, Up       ,4659, R   ,13,"(41, 13)"
4659,4660,41, Up       ,4660, L   ,12,"(41, 12)"
4660,4661,41, Up       ,4661, L   ,13,"(41, 13)"
4661,4662,41, Up       ,4662, R   ,14,"(41, 14)"
4662,4663,41, Up       ,4663, R   ,15,"(41, 15)"
4663,4664,41, Up       ,4664, L   ,14,"(41, 14)"
4664,4665,41, Up       ,4665, L   ,15,"(41, 15)"
4665,4666,41, Up       ,4666, R   ,16,"(41, 16)"
4666,4667,41, Up       ,4667, R   ,17,"(41, 17)"
4667,4668,41, Up       ,4668, L   ,16,"(41, 16)"
4668,4669,41, Up       ,4669, L   ,17,"(41, 17)"
4669,4670,41, Up       ,4670, R   ,18,"(41, 18)"
4670,4671,41, Up       ,4671, R   ,19,"(41, 19)"
4671,4672,41, Up       ,4672, L   ,18,"(41, 18)"
4672,4673,41, Up       ,4673, L   ,19,"(41, 19)"
4673,4674,41, Up       ,4674, R   ,20,"(41, 20)"
4674,4675,41, Up       ,4675, R   ,21,"(41, 21)"
4675,4676,41, Up       ,4676, L   ,20,"(41, 20)"
4676,4677,41, Up       ,4677, L   ,21,"(41, 21)"
4677,4678,41, Up       ,4678, R   ,22,"(41, 22)"
4678,4679,41, Up       ,4679, R   ,23,"(41, 23)"
4679,4680,41, Up       ,4680, L   ,22,"(41, 22)"
4680,4681,41, Up       ,4681, L   ,23,"(41, 23)"
4681,4682,41, Up       ,4682, R   ,24,"(41, 24)"
4682,4683,41, Up       ,4683, R   ,25,"(41, 25)"
4683,4684,41, Up       ,4684, L   ,24,"(41, 24)"
4684,4685,41, Up       ,4685, L   ,25,"(41, 25)"
4685,4686,41, Up       ,4686, R   ,26,"(41, 26)"
4686,4687,41, Up       ,4687, R   ,27,"(41, 27)"
4687,4688,41, Up       ,4688, L   ,26,"(41, 26)"
4688,4689,41, Up       ,4689, L   ,27,"(41, 27)"
4689,4690,41, Up       ,4690, R   ,31,"(41, 31)"
4690,4691,41, Up       ,4691, L   ,31,"(41, 31)"
4691,4692,41, Up       ,4692, R   ,33,"(41, 33)"
4692,4693,41, Up       ,4693, L   ,32,"(41, 32)"
4693,4694,41, Up       ,4694, L   ,33,"(41, 33)"
4694,4695,41, Up       ,4695, R   ,34,"(41, 34)"
4695,4696,41, Up       ,4696, R   ,35,"(41, 35)"
4696,4697,41, Up       ,4697, L   ,34,"(41, 34)"
4697,4698,41, Up       ,4698, L   ,35,"(41, 35)"
4698,4699,41, Up       ,4699, R   ,36,"(41, 36)"
4699,4700,41, Up       ,4700, R   ,37,"(41, 37)"
4700,4701,41, Up       ,4701, L   ,36,"(41, 36)"
4701,4702,41, Up       ,4702, L   ,37,"(41, 37)"
4702,4703,41, Up       ,4703, R   ,38,"(41, 38)"
4703,4704,41, Up       ,4704, R   ,39,"(41, 39)"
4704,4705,41, Up       ,4705, L   ,38,"(41, 38)"
4705,4706,41, Up       ,4706, L   ,39,"(41, 39)"
4706,4707,41, Up       ,4707, R   ,40,"(41, 40)"
4707,4708,41, Up       ,4708, R   ,41,"(41, 41)"
4708,4709,41, Up       ,4709, L   ,40,"(41, 40)"
4709,4710,41, Up       ,4710, L   ,41,"(41, 41)"
4710,4711,41, Up       ,4711, R   ,42,"(41, 42)"
4711,4712,41, Up       ,4712, R   ,43,"(41, 43)"
4712,4713,41, Up       ,4713, L   ,42,"(41, 42)"
4713,4714,41, Up       ,4714, L   ,43,"(41, 43)"
4714,4715,41, Up       ,4715, R   ,44,"(41, 44)"
4715,4716,41, Up       ,4716, R   ,45,"(41, 45)"
4716,4717,41, Up       ,4717, L   ,44,"(41, 44)"
4717,4718,41, Up       ,4718, L   ,45,"(41, 45)"
4718,4719,41, Up       ,4719, R   ,46,"(41, 46)"
4719,4720,41, Up       ,4720, R   ,47,"(41, 47)"
4720,4721,41, Up       ,4721, L   ,46,"(41, 46)"
4721,4722,41, Up       ,4722, L   ,47,"(41, 47)"
4722,4723,41, Up       ,4723, R   ,48,"(41, 48)"
4723,4724,41, Up       ,4724, R   ,49,"(41, 49)"
4724,4725,41, Up       ,4725, L   ,48,"(41, 48)"
4725,4726,41, Up       ,4726, L   ,49,"(41, 49)"
4726,4727,41, Up       ,4727, R   ,50,"(41, 50)"
4727,4728,41, Up       ,4728, R   ,51,"(41, 51)"
4728,4729,41, Up       ,4729, L   ,50,"(41, 50)"
4729,4730,41, Up       ,4730, L   ,51,"(41, 51)"
4730,4731,41, Up       ,4731, R   ,52,"(41, 52)"
4731,4732,41, Up       ,4732, R   ,53,"(41, 53)"
4732,4733,41, Up       ,4733, L   ,52,"(41, 52)"
4733,4734,41, Up       ,4734, L   ,53,"(41, 53)"
4734,4735,41, Up       ,4735, R   ,54,"(41, 54)"
4735,4736,41, Up       ,4736, L   ,54,"(41, 54)"
4736,4737,41, Up       ,4737, L   ,55,"(41, 55)"
4737,4738,41, Up       ,4738, R   ,56,"(41, 56)"
4738,4739,41, Up       ,4739, R   ,57,"(41, 57)"
4739,4740,41, Up       ,4740, L   ,56,"(41, 56)"
4740,4741,41, Up       ,4741, L   ,57,"(41, 57)"
4741,4742,41, Up       ,4742, R   ,58,"(41, 58)"
4742,4743,41, Up       ,4743, R   ,59,"(41, 59)"
4743,4744,41, Up       ,4744, L   ,58,"(41, 58)"
4744,4745,41, Up       ,4745, L   ,59,"(41, 59)"
4745,4746,41, Up       ,4746, R   ,60,"(41, 60)"
4746,4747,41, Up       ,4747, R   ,61,"(41, 61)"
4747,4748,41, Up       ,4748, L   ,60,"(41, 60)"
4748,4749,41, Up       ,4749, L   ,61,"(41, 61)"
4749,4750,42, Down     ,4750, R   ,61,"(42, 61)"
4750,4751,42, Down     ,4751, R   ,60,"(42, 60)"
4751,4752,42, Down     ,4752, L   ,61,"(42, 61)"
4752,4753,42, Down     ,4753, L   ,60,"(42, 60)"
4753,4754,42, Down     ,4754, R   ,59,"(42, 59)"
4754,4755,42, Down     ,4755, R   ,58,"(42, 58)"
4755,4756,42, Down     ,4756, L   ,59,"(42, 59)"
4756,4757,42, Down     ,4757, L   ,58,"(42, 58)"
4757,4758,42, Down     ,4758, R   ,57,"(42, 57)"
4758,4759,42, Down     ,4759, R   ,56,"(42, 56)"
4759,4760,42, Down     ,4760, L   ,57,"(42, 57)"
4760,4761,42, Down     ,4761, L   ,56,"(42, 56)"
4761,4762,42, Down     ,4762, R   ,55,"(42, 55)"
4762,4763,42, Down     ,4763, R   ,54,"(42, 54)"
4763,4764,42, Down     ,4764, L   ,55,"(42, 55)"
4764,4765,42, Down     ,4765, L   ,54,"(42, 54)"
4765,4766,42, Down     ,4766, R   ,53,"(42, 53)"
4766,4767,42, Down     ,4767, R   ,52,"(42, 52)"
4767,4768,42, Down     ,4768, L   ,53,"(42, 53)"
4768,4769,42, Down     ,4769, L   ,52,"(42, 52)"
4769,4770,42, Down     ,4770, R   ,51,"(42, 51)"
4770,4771,42, Down     ,4771, R   ,50,"(42, 50)"
4771,4772,42, Down     ,4772, L   ,51,"(42, 51)"
4772,4773,42, Down     ,4773, L   ,50,"(42, 50)"
4773,4774,42, Down     ,4774, R   ,49,"(42, 49)"
4774,4775,42, Down     ,4775, R   ,48,"(42, 48)"
4775,4776,42, Down     ,4776, L   ,49,"(42, 49)"
4776,4777,42, Down     ,4777, L   ,48,"(42, 48)"
4777,4778,42, Down     ,4778, R   ,47,"(42, 47)"
4778,4779,42, Down     ,4779, R   ,46,"(42, 46)"
4779,4780,42, Down     ,4780, L   ,47,"(42, 47)"
4780,4781,42, Down     ,4781, L   ,46,"(42, 46)"
4781,4782,42, Down     ,4782, R   ,45,"(42, 45)"
4782,4783,42, Down     ,4783, R   ,44,"(42, 44)"
4783,4784,42, Down     ,4784, L   ,45,"(42, 45)"
4784,4785,42, Down     ,4785, L   ,44,"(42, 44)"
4785,4786,42, Down     ,4786, R   ,43,"(42, 43)"
4786,4787,42, Down     ,4787, R   ,42,"(42, 42)"
4787,4788,42, Down     ,4788, L   ,43,"(42, 43)"
4788,4789,42, Down     ,4789, L   ,42,"(42, 42)"
4789,4790,42, Down     ,4790, R   ,41,"(42, 41)"
4790,4791,42, Down     ,4791, R   ,40,"(42, 40)"
4791,4792,42, Down     ,4792, L   ,41,"(42, 41)"
4792,4793,42, Down     ,4793, L   ,40,"(42, 40)"
4793,4794,42, Down     ,4794, R   ,39,"(42, 39)"
4794,4795,42, Down     ,4795, R   ,38,"(42, 38)"
4795,4796,42, Down     ,4796, L   ,39,"(42, 39)"
4796,4797,42, Down     ,4797, L   ,38,"(42, 38)"
4797,4798,42, Down     ,4798, R   ,37,"(42, 37)"
4798,4799,42, Down     ,4799, R   ,36,"(42, 36)"
4799,4800,42, Down     ,4800, L   ,37,"(42, 37)"
4800,4801,42, Down     ,4801, L   ,36,"(42, 36)"
4801,4802,42, Down     ,4802, R   ,35,"(42, 35)"
4802,4803,42, Down     ,4803, R   ,34,"(42, 34)"
4803,4804,42, Down     ,4804, L   ,35,"(42, 35)"
4804,4805,42, Down     ,4805, L   ,34,"(42, 34)"
4805,4806,42, Down     ,4806, R   ,33,"(42, 33)"
4806,4807,42, Down     ,4807, R   ,32,"(42, 32)"
4807,4808,42, Down     ,4808, L   ,33,"(42, 33)"
4808,4809,42, Down     ,4809, L   ,32,"(42, 32)"
4809,4810,42, Down     ,4810, R   ,31,"(42, 31)"
4810,4811,42, Down     ,4811, L   ,31,"(42, 31)"
4811,4812,42, Down     ,4812, R   ,27,"(42, 27)"
4812,4813,42, Down     ,4813, R   ,26,"(42, 26)"
4813,4814,42, Down     ,4814, L   ,27,"(42, 27)"
4814,4815,42, Down     ,4815, L   ,26,"(42, 26)"
4815,4816,42, Down     ,4816, R   ,25,"(42, 25)"
4816,4817,42, Down     ,4817, R   ,24,"(42, 24)"
4817,4818,42, Down     ,4818, L   ,25,"(42, 25)"
4818,4819,42, Down     ,4819, L   ,24,"(42, 24)"
4819,4820,42, Down     ,4820, R   ,23,"(42, 23)"
4820,4821,42, Down     ,4821, R   ,22,"(42, 22)"
4821,4822,42, Down     ,4822, L   ,23,"(42, 23)"
4822,4823,42, Down     ,4823, L   ,22,"(42, 22)"
4823,4824,42, Down     ,4824, R   ,21,"(42, 21)"
4824,4825,42, Down     ,4825, R   ,20,"(42, 20)"
4825,4826,42, Down     ,4826, L   ,21,"(42, 21)"
4826,4827,42, Down     ,4827, L   ,20,"(42, 20)"
4827,4828,42, Down     ,4828, R   ,19,"(42, 19)"
4828,4829,42, Down     ,4829, R   ,18,"(42, 18)"
4829,4830,42, Down     ,4830, L   ,19,"(42, 19)"
4830,4831,42, Down     ,4831, L   ,18,"(42, 18)"
4831,4832,42, Down     ,4832, R   ,17,"(42, 17)"
4832,4833,42, Down     ,4833, R   ,16,"(42, 16)"
4833,4834,42, Down     ,4834, L   ,17,"(42, 17)"
4834,4835,42, Down     ,4835, L   ,16,"(42, 16)"
4835,4836,42, Down     ,4836, R   ,15,"(42, 15)"
4836,4837,42, Down     ,4837, R   ,14,"(42, 14)"
4837,4838,42, Down     ,4838, L   ,15,"(42, 15)"
4838,4839,42, Down     ,4839, L   ,14,"(42, 14)"
4839,4840,42, Down     ,4840, R   ,13,"(42, 13)"
4840,4841,42, Down     ,4841, R   ,12,"(42, 12)"
4841,4842,42, Down     ,4842, L   ,13,"(42, 13)"
4842,4843,42, Down     ,4843, L   ,12,"(42, 12)"
4843,4844,42, Down     ,4844, R   ,11,"(42, 11)"
4844,4845,42, Down     ,4845, R   ,10,"(42, 10)"
4845,4846,42, Down     ,4846, L   ,11,"(42, 11)"
4846,4847,42, Down     ,4847, L   ,10,"(42, 10)"
4847,4848,42, Down     ,4848, R   ,9,"(42, 9)"
4848,4849,42, Down     ,4849, R   ,8,"(42, 8)"
4849,4850,42, Down     ,4850, L   ,9,"(42, 9)"
4850,4851,42, Down     ,4851, L   ,8,"(42, 8)"
4851,4852,42, Down     ,4852, R   ,7,"(42, 7)"
4852,4853,42, Down     ,4853, R   ,6,"(42, 6)"
4853,4854,42, Down     ,4854, L   ,7,"(42, 7)"
4854,4855,42, Down     ,4855, L   ,6,"(42, 6)"
4855,4856,42, Down     ,4856, R   ,5,"(42, 5)"
4856,4857,42, Down     ,4857, R   ,4,"(42, 4)"
4857,4858,42, Down     ,4858, L   ,5,"(42, 5)"
4858,4859,42, Down     ,4859, L   ,4,"(42, 4)"
4859,4860,42, Down     ,4860, R   ,3,"(42, 3)"
4860,4861,42, Down     ,4861, R   ,2,"(42, 2)"
4861,4862,42, Down     ,4862, L   ,3,"(42, 3)"
4862,4863,42, Down     ,4863, L   ,2,"(42, 2)"
4863,4864,43, Up       ,4864, R   ,2,"(43, 2)"
4864,4865,43, Up       ,4865, R   ,3,"(43, 3)"
4865,4866,43, Up       ,4866, L   ,2,"(43, 2)"
4866,4867,43, Up       ,4867, L   ,3,"(43, 3)"
4867,4868,43, Up       ,4868, R   ,4,"(43, 4)"
4868,4869,43, Up       ,4869, R   ,5,"(43, 5)"
4869,4870,43, Up       ,4870, L   ,4,"(43, 4)"
4870,4871,43, Up       ,4871, L   ,5,"(43, 5)"
4871,4872,43, Up       ,4872, R   ,6,"(43, 6)"
4872,4873,43, Up       ,4873, R   ,7,"(43, 7)"
4873,4874,43, Up       ,4874, L   ,6,"(43, 6)"
4874,4875,43, Up       ,4875, L   ,7,"(43, 7)"
4875,4876,43, Up       ,4876, R   ,8,"(43, 8)"
4876,4877,43, Up       ,4877, R   ,9,"(43, 9)"
4877,4878,43, Up       ,4878, L   ,8,"(43, 8)"
4878,4879,43, Up       ,4879, L   ,9,"(43, 9)"
4879,4880,43, Up       ,4880, R   ,10,"(43, 10)"
4880,4881,43, Up       ,4881, R   ,11,"(43, 11)"
4881,4882,43, Up       ,4882, L   ,10,"(43, 10)"
4882,4883,43, Up       ,4883, L   ,11,"(43, 11)"
4883,4884,43, Up       ,4884, R   ,12,"(43, 12)"
4884,4885,43, Up       ,4885, R   ,13,"(43, 13)"
4885,4886,43, Up       ,4886, L   ,12,"(43, 12)"
4886,4887,43, Up       ,4887, L   ,13,"(43, 13)"
4887,4888,43, Up       ,4888, R   ,14,"(43, 14)"
4888,4889,43, Up       ,4889, R   ,15,"(43, 15)"
4889,4890,43, Up       ,4890, L   ,14,"(43, 14)"
4890,4891,43, Up       ,4891, L   ,15,"(43, 15)"
4891,4892,43, Up       ,4892, R   ,16,"(43, 16)"
4892,4893,43, Up       ,4893, R   ,17,"(43, 17)"
4893,4894,43, Up       ,4894, L   ,16,"(43, 16)"
4894,4895,43, Up       ,4895, L   ,17,"(43, 17)"
4895,4896,43, Up       ,4896, R   ,18,"(43, 18)"
4896,4897,43, Up       ,4897, R   ,19,"(43, 19)"
4897,4898,43, Up       ,4898, L   ,18,"(43, 18)"
4898,4899,43, Up       ,4899, L   ,19,"(43, 19)"
4899,4900,43, Up       ,4900, R   ,20,"(43, 20)"
4900,4901,43, Up       ,4901, R   ,21,"(43, 21)"
4901,4902,43, Up       ,4902, L   ,20,"(43, 20)"
4902,4903,43, Up       ,4903, L   ,21,"(43, 21)"
4903,4904,43, Up       ,4904, R   ,22,"(43, 22)"
4904,4905,43, Up       ,4905, R   ,23,"(43, 23)"
4905,4906,43, Up       ,4906, L   ,22,"(43, 22)"
4906,4907,43, Up       ,4907, L   ,23,"(43, 23)"
4907,4908,43, Up       ,4908, R   ,24,"(43, 24)"
4908,4909,43, Up       ,4909, R   ,25,"(43, 25)"
4909,4910,43, Up       ,4910, L   ,24,"(43, 24)"
4910,4911,43, Up       ,4911, L   ,25,"(43, 25)"
4911,4912,43, Up       ,4912, R   ,26,"(43, 26)"
4912,4913,43, Up       ,4913, R   ,27,"(43, 27)"
4913,4914,43, Up       ,4914, L   ,26,"(43, 26)"
4914,4915,43, Up       ,4915, L   ,27,"(43, 27)"
4915,4916,43, Up       ,4916, R   ,31,"(43, 31)"
4916,4917,43, Up       ,4917, L   ,31,"(43, 31)"
4917,4918,43, Up       ,4918, R   ,32,"(43, 32)"
4918,4919,43, Up       ,4919, R   ,33,"(43, 33)"
4919,4920,43, Up       ,4920, L   ,32,"(43, 32)"
4920,4921,43, Up       ,4921, L   ,33,"(43, 33)"
4921,4922,43, Up       ,4922, R   ,34,"(43, 34)"
4922,4923,43, Up       ,4923, R   ,35,"(43, 35)"
4923,4924,43, Up       ,4924, L   ,34,"(43, 34)"
4924,4925,43, Up       ,4925, L   ,35,"(43, 35)"
4925,4926,43, Up       ,4926, R   ,36,"(43, 36)"
4926,4927,43, Up       ,4927, R   ,37,"(43, 37)"
4927,4928,43, Up       ,4928, L   ,36,"(43, 36)"
4928,4929,43, Up       ,4929, L   ,37,"(43, 37)"
4929,4930,43, Up       ,4930, R   ,38,"(43, 38)"
4930,4931,43, Up       ,4931, R   ,39,"(43, 39)"
4931,4932,43, Up       ,4932, L   ,38,"(43, 38)"
4932,4933,43, Up       ,4933, L   ,39,"(43, 39)"
4933,4934,43, Up       ,4934, R   ,40,"(43, 40)"
4934,4935,43, Up       ,4935, R   ,41,"(43, 41)"
4935,4936,43, Up       ,4936, L   ,40,"(43, 40)"
4936,4937,43, Up       ,4937, L   ,41,"(43, 41)"
4937,4938,43, Up       ,4938, R   ,42,"(43, 42)"
4938,4939,43, Up       ,4939, R   ,43,"(43, 43)"
4939,4940,43, Up       ,4940, L   ,42,"(43, 42)"
4940,4941,43, Up       ,4941, L   ,43,"(43, 43)"
4941,4942,43, Up       ,4942, R   ,44,"(43, 44)"
4942,4943,43, Up       ,4943, R   ,45,"(43, 45)"
4943,4944,43, Up       ,4944, L   ,44,"(43, 44)"
4944,4945,43, Up       ,4945, L   ,45,"(43, 45)"
4945,4946,43, Up       ,4946, R   ,46,"(43, 46)"
4946,4947,43, Up       ,4947, R   ,47,"(43, 47)"
4947,4948,43, Up       ,4948, L   ,46,"(43, 46)"
4948,4949,43, Up       ,4949, L   ,47,"(43, 47)"
4949,4950,43, Up       ,4950, R   ,48,"(43, 48)"
4950,4951,43, Up       ,4951, R   ,49,"(43, 49)"
4951,4952,43, Up       ,4952, L   ,48,"(43, 48)"
4952,4953,43, Up       ,4953, L   ,49,"(43, 49)"
4953,4954,43, Up       ,4954, R   ,50,"(43, 50)"
4954,4955,43, Up       ,4955, R   ,51,"(43, 51)"
4955,4956,43, Up       ,4956, L   ,50,"(43, 50)"
4956,4957,43, Up       ,4957, L   ,51,"(43, 51)"
4957,4958,43, Up       ,4958, R   ,52,"(43, 52)"
4958,4959,43, Up       ,4959, R   ,53,"(43, 53)"
4959,4960,43, Up       ,4960, L   ,52,"(43, 52)"
4960,4961,43, Up       ,4961, L   ,53,"(43, 53)"
4961,4962,43, Up       ,4962, R   ,54,"(43, 54)"
4962,4963,43, Up       ,4963, R   ,55,"(43, 55)"
4963,4964,43, Up       ,4964, L   ,54,"(43, 54)"
4964,4965,43, Up       ,4965, L   ,55,"(43, 55)"
4965,4966,43, Up       ,4966, R   ,56,"(43, 56)"
4966,4967,43, Up       ,4967, R   ,57,"(43, 57)"
4967,4968,43, Up       ,4968, L   ,56,"(43, 56)"
4968,4969,43, Up       ,4969, L   ,57,"(43, 57)"
4969,4970,43, Up       ,4970, R   ,58,"(43, 58)"
4970,4971,43, Up       ,4971, R   ,59,"(43, 59)"
4971,4972,43, Up       ,4972, L   ,58,"(43, 58)"
4972,4973,43, Up       ,4973, L   ,59,"(43, 59)"
4973,4974,43, Up       ,4974, R   ,60,"(43, 60)"
4974,4975,43, Up       ,4975, R   ,61,"(43, 61)"
4975,4976,43, Up       ,4976, L   ,60,"(43, 60)"
4976,4977,43, Up       ,4977, L   ,61,"(43, 61)"
4977,4978,44, Down     ,4978, R   ,61,"(44, 61)"
4978,4979,44, Down     ,4979, R   ,60,"(44, 60)"
4979,4980,44, Down     ,4980, L   ,61,"(44, 61)"
4980,4981,44, Down     ,4981, L   ,60,"(44, 60)"
4981,4982,44, Down     ,4982, R   ,59,"(44, 59)"
4982,4983,44, Down     ,4983, R   ,58,"(44, 58)"
4983,4984,44, Down     ,4984, L   ,59,"(44, 59)"
4984,4985,44, Down     ,4985, L   ,58,"(44, 58)"
4985,4986,44, Down     ,4986, R   ,57,"(44, 57)"
4986,4987,44, Down     ,4987, R   ,56,"(44, 56)"
4987,4988,44, Down     ,4988, L   ,57,"(44, 57)"
4988,4989,44, Down     ,4989, L   ,56,"(44, 56)"
4989,4990,44, Down     ,4990, R   ,55,"(44, 55)"
4990,4991,44, Down     ,4991, R   ,54,"(44, 54)"
4991,4992,44, Down     ,4992, L   ,54,"(44, 54)"
4992,4993,44, Down     ,4993, R   ,53,"(44, 53)"
4993,4994,44, Down     ,4994, R   ,52,"(44, 52)"
4994,4995,44, Down     ,4995, L   ,53,"(44, 53)"
4995,4996,44, Down     ,4996, L   ,52,"(44, 52)"
4996,4997,44, Down     ,4997, R   ,51,"(44, 51)"
4997,4998,44, Down     ,4998, R   ,50,"(44, 50)"
4998,4999,44, Down     ,4999, L   ,51,"(44, 51)"
4999,5000,44, Down     ,5000, L   ,50,"(44, 50)"
5000,5001,44, Down     ,5001, R   ,49,"(44, 49)"
5001,5002,44, Down     ,5002, R   ,48,"(44, 48)"
5002,5003,44, Down     ,5003, L   ,49,"(44, 49)"
5003,5004,44, Down     ,5004, L   ,48,"(44, 48)"
5004,5005,44, Down     ,5005, R   ,47,"(44, 47)"
5005,5006,44, Down     ,5006, R   ,46,"(44, 46)"
5006,5007,44, Down     ,5007, L   ,47,"(44, 47)"
5007,5008,44, Down     ,5008, L   ,46,"(44, 46)"
5008,5009,44, Down     ,5009, R   ,45,"(44, 45)"
5009,5010,44, Down     ,5010, R   ,44,"(44, 44)"
5010,5011,44, Down     ,5011, L   ,45,"(44, 45)"
5011,5012,44, Down     ,5012, L   ,44,"(44, 44)"
5012,5013,44, Down     ,5013, R   ,43,"(44, 43)"
5013,5014,44, Down     ,5014, R   ,42,"(44, 42)"
5014,5015,44, Down     ,5015, L   ,43,"(44, 43)"
5015,5016,44, Down     ,5016, L   ,42,"(44, 42)"
5016,5017,44, Down     ,5017, R   ,41,"(44, 41)"
5017,5018,44, Down     ,5018, R   ,40,"(44, 40)"
5018,5019,44, Down     ,5019, L   ,41,"(44, 41)"
5019,5020,44, Down     ,5020, L   ,40,"(44, 40)"
5020,5021,44, Down     ,5021, R   ,39,"(44, 39)"
5021,5022,44, Down     ,5022, R   ,38,"(44, 38)"
5022,5023,44, Down     ,5023, L   ,39,"(44, 39)"
5023,5024,44, Down     ,5024, L   ,38,"(44, 38)"
5024,5025,44, Down     ,5025, R   ,37,"(44, 37)"
5025,5026,44, Down     ,5026, R   ,36,"(44, 36)"
5026,5027,44, Down     ,5027, L   ,37,"(44, 37)"
5027,5028,44, Down     ,5028, L   ,36,"(44, 36)"
5028,5029,44, Down     ,5029, R   ,35,"(44, 35)"
5029,5030,44, Down     ,5030, R   ,34,"(44, 34)"
5030,5031,44, Down     ,5031, L   ,35,"(44, 35)"
5031,5032,44, Down     ,5032, L   ,34,"(44, 34)"
5032,5033,44, Down     ,5033, R   ,33,"(44, 33)"
5033,5034,44, Down     ,5034, R   ,32,"(44, 32)"
5034,5035,44, Down     ,5035, L   ,33,"(44, 33)"
5035,5036,44, Down     ,5036, R   ,31,"(44, 31)"
5036,5037,44, Down     ,5037, L   ,31,"(44, 31)"
5037,5038,44, Down     ,5038, R   ,27,"(44, 27)"
5038,5039,44, Down     ,5039, R   ,26,"(44, 26)"
5039,5040,44, Down     ,5040, L   ,27,"(44, 27)"
5040,5041,44, Down     ,5041, L   ,26,"(44, 26)"
5041,5042,44, Down     ,5042, R   ,25,"(44, 25)"
5042,5043,44, Down     ,5043, R   ,24,"(44, 24)"
5043,5044,44, Down     ,5044, L   ,25,"(44, 25)"
5044,5045,44, Down     ,5045, L   ,24,"(44, 24)"
5045,5046,44, Down     ,5046, R   ,23,"(44, 23)"
5046,5047,44, Down     ,5047, R   ,22,"(44, 22)"
5047,5048,44, Down     ,5048, L   ,23,"(44, 23)"
5048,5049,44, Down     ,5049, L   ,22,"(44, 22)"
5049,5050,44, Down     ,5050, R   ,21,"(44, 21)"
5050,5051,44, Down     ,5051, R   ,20,"(44, 20)"
5051,5052,44, Down     ,5052, L   ,21,"(44, 21)"
5052,5053,44, Down     ,5053, L   ,20,"(44, 20)"
5053,5054,44, Down     ,5054, R   ,19,"(44, 19)"
5054,5055,44, Down     ,5055, R   ,18,"(44, 18)"
5055,5056,44, Down     ,5056, L   ,19,"(44, 19)"
5056,5057,44, Down     ,5057, L   ,18,"(44, 18)"
5057,5058,44, Down     ,5058, R   ,17,"(44, 17)"
5058,5059,44, Down     ,5059, R   ,16,"(44, 16)"
5059,5060,44, Down     ,5060, L   ,17,"(44, 17)"
5060,5061,44, Down     ,5061, L   ,16,"(44, 16)"
5061,5062,44, Down     ,5062, R   ,15,"(44, 15)"
5062,5063,44, Down     ,5063, R   ,14,"(44, 14)"
5063,5064,44, Down     ,5064, L   ,15,"(44, 15)"
5064,5065,44, Down     ,5065, L   ,14,"(44, 14)"
5065,5066,44, Down     ,5066, R   ,13,"(44, 13)"
5066,5067,44, Down     ,5067, R   ,12,"(44, 12)"
5067,5068,44, Down     ,5068, L   ,13,"(44, 13)"
5068,5069,44, Down     ,5069, L   ,12,"(44, 12)"
5069,5070,44, Down     ,5070, R   ,11,"(44, 11)"
5070,5071,44, Down     ,5071, R   ,10,"(44, 10)"
5071,5072,44, Down     ,5072, L   ,11,"(44, 11)"
5072,5073,44, Down     ,5073, R   ,9,"(44, 9)"
5073,5074,44, Down     ,5074, R   ,8,"(44, 8)"
5074,5075,44, Down     ,5075, L   ,9,"(44, 9)"
5075,5076,44, Down     ,5076, L   ,8,"(44, 8)"
5076,5077,44, Down     ,5077, R   ,7,"(44, 7)"
5077,5078,44, Down     ,5078, R   ,6,"(44, 6)"
5078,5079,44, Down     ,5079, L   ,7,"(44, 7)"
5079,5080,44, Down     ,5080, L   ,6,"(44, 6)"
5080,5081,44, Down     ,5081, R   ,5,"(44, 5)"
5081,5082,44, Down     ,5082, R   ,4,"(44, 4)"
5082,5083,44, Down     ,5083, L   ,5,"(44, 5)"
5083,5084,44, Down     ,5084, L   ,4,"(44, 4)"
5084,5085,44, Down     ,5085, R   ,3,"(44, 3)"
5085,5086,44, Down     ,5086, R   ,2,"(44, 2)"
5086,5087,44, Down     ,5087, L   ,3,"(44, 3)"
5087,5088,44, Down     ,5088, L   ,2,"(44, 2)"
5088,5089,45, Up       ,5089, R   ,2,"(45, 2)"
5089,5090,45, Up       ,5090, R   ,3,"(45, 3)"
5090,5091,45, Up       ,5091, L   ,2,"(45, 2)"
5091,5092,45, Up       ,5092, L   ,3,"(45, 3)"
5092,5093,45, Up       ,5093, R   ,4,"(45, 4)"
5093,5094,45, Up       ,5094, R   ,5,"(45, 5)"
5094,5095,45, Up       ,5095, L   ,4,"(45, 4)"
5095,5096,45, Up       ,5096, L   ,5,"(45, 5)"
5096,5097,45, Up       ,5097, R   ,6,"(45, 6)"
5097,5098,45, Up       ,5098, R   ,7,"(45, 7)"
5098,5099,45, Up       ,5099, L   ,6,"(45, 6)"
5099,5100,45, Up       ,5100, L   ,7,"(45, 7)"
5100,5101,45, Up       ,5101, R   ,8,"(45, 8)"
5101,5102,45, Up       ,5102, R   ,9,"(45, 9)"
5102,5103,45, Up       ,5103, L   ,8,"(45, 8)"
5103,5104,45, Up       ,5104, L   ,9,"(45, 9)"
5104,5105,45, Up       ,5105, R   ,10,"(45, 10)"
5105,5106,45, Up       ,5106, R   ,11,"(45, 11)"
5106,5107,45, Up       ,5107, L   ,10,"(45, 10)"
5107,5108,45, Up       ,5108, L   ,11,"(45, 11)"
5108,5109,45, Up       ,5109, R   ,12,"(45, 12)"
5109,5110,45, Up       ,5110, R   ,13,"(45, 13)"
5110,5111,45, Up       ,5111, L   ,12,"(45, 12)"
5111,5112,45, Up       ,5112, L   ,13,"(45, 13)"
5112,5113,45, Up       ,5113, R   ,14,"(45, 14)"
5113,5114,45, Up       ,5114, R   ,15,"(45, 15)"
5114,5115,45, Up       ,5115, L   ,14,"(45, 14)"
5115,5116,45, Up       ,5116, L   ,15,"(45, 15)"
5116,5117,45, Up       ,5117, R   ,16,"(45, 16)"
5117,5118,45, Up       ,5118, R   ,17,"(45, 17)"
5118,5119,45, Up       ,5119, L   ,16,"(45, 16)"
5119,5120,45, Up       ,5120, L   ,17,"(45, 17)"
5120,5121,45, Up       ,5121, R   ,18,"(45, 18)"
5121,5122,45, Up       ,5122, R   ,19,"(45, 19)"
5122,5123,45, Up       ,5123, L   ,18,"(45, 18)"
5123,5124,45, Up       ,5124, L   ,19,"(45, 19)"
5124,5125,45, Up       ,5125, R   ,20,"(45, 20)"
5125,5126,45, Up       ,5126, R   ,21,"(45, 21)"
5126,5127,45, Up       ,5127, L   ,20,"(45, 20)"
5127,5128,45, Up       ,5128, L   ,21,"(45, 21)"
5128,5129,45, Up       ,5129, R   ,22,"(45, 22)"
5129,5130,45, Up       ,5130, R   ,23,"(45, 23)"
5130,5131,45, Up       ,5131, L   ,22,"(45, 22)"
5131,5132,45, Up       ,5132, L   ,23,"(45, 23)"
5132,5133,45, Up       ,5133, R   ,24,"(45, 24)"
5133,5134,45, Up       ,5134, R   ,25,"(45, 25)"
5134,5135,45, Up       ,5135, L   ,24,"(45, 24)"
5135,5136,45, Up       ,5136, L   ,25,"(45, 25)"
5136,5137,45, Up       ,5137, R   ,26,"(45, 26)"
5137,5138,45, Up       ,5138, R   ,27,"(45, 27)"
5138,5139,45, Up       ,5139, L   ,26,"(45, 26)"
5139,5140,45, Up       ,5140, L   ,27,"(45, 27)"
5140,5141,45, Up       ,5141, R   ,31,"(45, 31)"
5141,5142,45, Up       ,5142, L   ,31,"(45, 31)"
5142,5143,45, Up       ,5143, R   ,32,"(45, 32)"
5143,5144,45, Up       ,5144, R   ,33,"(45, 33)"
5144,5145,45, Up       ,5145, L   ,32,"(45, 32)"
5145,5146,45, Up       ,5146, L   ,33,"(45, 33)"
5146,5147,45, Up       ,5147, R   ,34,"(45, 34)"
5147,5148,45, Up       ,5148, R   ,35,"(45, 35)"
5148,5149,45, Up       ,5149, L   ,34,"(45, 34)"
5149,5150,45, Up       ,5150, L   ,35,"(45, 35)"
5150,5151,45, Up       ,5151, R   ,36,"(45, 36)"
5151,5152,45, Up       ,5152, R   ,37,"(45, 37)"
5152,5153,45, Up       ,5153, L   ,36,"(45, 36)"
5153,5154,45, Up       ,5154, L   ,37,"(45, 37)"
5154,5155,45, Up       ,5155, R   ,38,"(45, 38)"
5155,5156,45, Up       ,5156, R   ,39,"(45, 39)"
5156,5157,45, Up       ,5157, L   ,38,"(45, 38)"
5157,5158,45, Up       ,5158, L   ,39,"(45, 39)"
5158,5159,45, Up       ,5159, R   ,40,"(45, 40)"
5159,5160,45, Up       ,5160, R   ,41,"(45, 41)"
5160,5161,45, Up       ,5161, L   ,40,"(45, 40)"
5161,5162,45, Up       ,5162, L   ,41,"(45, 41)"
5162,5163,45, Up       ,5163, R   ,42,"(45, 42)"
5163,5164,45, Up       ,5164, R   ,43,"(45, 43)"
5164,5165,45, Up       ,5165, L   ,42,"(45, 42)"
5165,5166,45, Up       ,5166, L   ,43,"(45, 43)"
5166,5167,45, Up       ,5167, R   ,44,"(45, 44)"
5167,5168,45, Up       ,5168, R   ,45,"(45, 45)"
5168,5169,45, Up       ,5169, L   ,44,"(45, 44)"
5169,5170,45, Up       ,5170, L   ,45,"(45, 45)"
5170,5171,45, Up       ,5171, R   ,46,"(45, 46)"
5171,5172,45, Up       ,5172, R   ,47,"(45, 47)"
5172,5173,45, Up       ,5173, L   ,46,"(45, 46)"
5173,5174,45, Up       ,5174, L   ,47,"(45, 47)"
5174,5175,45, Up       ,5175, R   ,48,"(45, 48)"
5175,5176,45, Up       ,5176, R   ,49,"(45, 49)"
5176,5177,45, Up       ,5177, L   ,48,"(45, 48)"
5177,5178,45, Up       ,5178, L   ,49,"(45, 49)"
5178,5179,45, Up       ,5179, R   ,50,"(45, 50)"
5179,5180,45, Up       ,5180, R   ,51,"(45, 51)"
5180,5181,45, Up       ,5181, L   ,50,"(45, 50)"
5181,5182,45, Up       ,5182, L   ,51,"(45, 51)"
5182,5183,45, Up       ,5183, R   ,52,"(45, 52)"
5183,5184,45, Up       ,5184, R   ,53,"(45, 53)"
5184,5185,45, Up       ,5185, L   ,52,"(45, 52)"
5185,5186,45, Up       ,5186, L   ,53,"(45, 53)"
5186,5187,45, Up       ,5187, R   ,54,"(45, 54)"
5187,5188,45, Up       ,5188, R   ,55,"(45, 55)"
5188,5189,45, Up       ,5189, L   ,54,"(45, 54)"
5189,5190,45, Up       ,5190, L   ,55,"(45, 55)"
5190,5191,45, Up       ,5191, R   ,56,"(45, 56)"
5191,5192,45, Up       ,5192, R   ,57,"(45, 57)"
5192,5193,45, Up       ,5193, L   ,56,"(45, 56)"
5193,5194,45, Up       ,5194, L   ,57,"(45, 57)"
5194,5195,45, Up       ,5195, R   ,58,"(45, 58)"
5195,5196,45, Up       ,5196, R   ,59,"(45, 59)"
5196,5197,45, Up       ,5197, L   ,58,"(45, 58)"
5197,5198,45, Up       ,5198, L   ,59,"(45, 59)"
5198,5199,45, Up       ,5199, R   ,60,"(45, 60)"
5199,5200,45, Up       ,5200, R   ,61,"(45, 61)"
5200,5201,45, Up       ,5201, L   ,60,"(45, 60)"
5201,5202,45, Up       ,5202, L   ,61,"(45, 61)"
5202,5203,46, Down     ,5203, R   ,61,"(46, 61)"
5203,5204,46, Down     ,5204, R   ,60,"(46, 60)"
5204,5205,46, Down     ,5205, L   ,61,"(46, 61)"
5205,5206,46, Down     ,5206, L   ,60,"(46, 60)"
5206,5207,46, Down     ,5207, R   ,59,"(46, 59)"
5207,5208,46, Down     ,5208, R   ,58,"(46, 58)"
5208,5209,46, Down     ,5209, L   ,59,"(46, 59)"
5209,5210,46, Down     ,5210, L   ,58,"(46, 58)"
5210,5211,46, Down     ,5211, R   ,57,"(46, 57)"
5211,5212,46, Down     ,5212, R   ,56,"(46, 56)"
5212,5213,46, Down     ,5213, L   ,57,"(46, 57)"
5213,5214,46, Down     ,5214, L   ,56,"(46, 56)"
5214,5215,46, Down     ,5215, R   ,55,"(46, 55)"
5215,5216,46, Down     ,5216, R   ,54,"(46, 54)"
5216,5217,46, Down     ,5217, L   ,55,"(46, 55)"
5217,5218,46, Down     ,5218, L   ,54,"(46, 54)"
5218,5219,46, Down     ,5219, R   ,53,"(46, 53)"
5219,5220,46, Down     ,5220, R   ,52,"(46, 52)"
5220,5221,46, Down     ,5221, L   ,53,"(46, 53)"
5221,5222,46, Down     ,5222, L   ,52,"(46, 52)"
5222,5223,46, Down     ,5223, R   ,51,"(46, 51)"
5223,5224,46, Down     ,5224, R   ,50,"(46, 50)"
5224,5225,46, Down     ,5225, L   ,51,"(46, 51)"
5225,5226,46, Down     ,5226, L   ,50,"(46, 50)"
5226,5227,46, Down     ,5227, R   ,49,"(46, 49)"
5227,5228,46, Down     ,5228, R   ,48,"(46, 48)"
5228,5229,46, Down     ,5229, L   ,49,"(46, 49)"
5229,5230,46, Down     ,5230, L   ,48,"(46, 48)"
5230,5231,46, Down     ,5231, R   ,47,"(46, 47)"
5231,5232,46, Down     ,5232, R   ,46,"(46, 46)"
5232,5233,46, Down     ,5233, L   ,47,"(46, 47)"
5233,5234,46, Down     ,5234, L   ,46,"(46, 46)"
5234,5235,46, Down     ,5235, R   ,45,"(46, 45)"
5235,5236,46, Down     ,5236, R   ,44,"(46, 44)"
5236,5237,46, Down     ,5237, L   ,45,"(46, 45)"
5237,5238,46, Down     ,5238, L   ,44,"(46, 44)"
5238,5239,46, Down     ,5239, R   ,43,"(46, 43)"
5239,5240,46, Down     ,5240, R   ,42,"(46, 42)"
5240,5241,46, Down     ,5241, L   ,43,"(46, 43)"
5241,5242,46, Down     ,5242, L   ,42,"(46, 42)"
5242,5243,46, Down     ,5243, R   ,41,"(46, 41)"
5243,5244,46, Down     ,5244, R   ,40,"(46, 40)"
5244,5245,46, Down     ,5245, L   ,41,"(46, 41)"
5245,5246,46, Down     ,5246, L   ,40,"(46, 40)"
5246,5247,46, Down     ,5247, R   ,39,"(46, 39)"
5247,5248,46, Down     ,5248, R   ,38,"(46, 38)"
5248,5249,46, Down     ,5249, L   ,39,"(46, 39)"
5249,5250,46, Down     ,5250, L   ,38,"(46, 38)"
5250,5251,46, Down     ,5251, R   ,37,"(46, 37)"
5251,5252,46, Down     ,5252, R   ,36,"(46, 36)"
5252,5253,46, Down     ,5253, L   ,37,"(46, 37)"
5253,5254,46, Down     ,5254, L   ,36,"(46, 36)"
5254,5255,46, Down     ,5255, R   ,35,"(46, 35)"
5255,5256,46, Down     ,5256, R   ,34,"(46, 34)"
5256,5257,46, Down     ,5257, L   ,35,"(46, 35)"
5257,5258,46, Down     ,5258, L   ,34,"(46, 34)"
5258,5259,46, Down     ,5259, R   ,33,"(46, 33)"
5259,5260,46, Down     ,5260, R   ,32,"(46, 32)"
5260,5261,46, Down     ,5261, L   ,33,"(46, 33)"
5261,5262,46, Down     ,5262, L   ,32,"(46, 32)"
5262,5263,46, Down     ,5263, R   ,31,"(46, 31)"
5263,5264,46, Down     ,5264, L   ,31,"(46, 31)"
5264,5265,46, Down     ,5265, R   ,27,"(46, 27)"
5265,5266,46, Down     ,5266, R   ,26,"(46, 26)"
5266,5267,46, Down     ,5267, L   ,27,"(46, 27)"
5267,5268,46, Down     ,5268, L   ,26,"(46, 26)"
5268,5269,46, Down     ,5269, R   ,25,"(46, 25)"
5269,5270,46, Down     ,5270, R   ,24,"(46, 24)"
5270,5271,46, Down     ,5271, L   ,25,"(46, 25)"
5271,5272,46, Down     ,5272, L   ,24,"(46, 24)"
5272,5273,46, Down     ,5273, R   ,23,"(46, 23)"
5273,5274,46, Down     ,5274, R   ,22,"(46, 22)"
5274,5275,46, Down     ,5275, L   ,23,"(46, 23)"
5275,5276,46, Down     ,5276, L   ,22,"(46, 22)"
5276,5277,46, Down     ,5277, R   ,21,"(46, 21)"
5277,5278,46, Down     ,5278, R   ,20,"(46, 20)"
5278,5279,46, Down     ,5279, L   ,21,"(46, 21)"
5279,5280,46, Down     ,5280, L   ,20,"(46, 20)"
5280,5281,46, Down     ,5281, R   ,19,"(46, 19)"
5281,5282,46, Down     ,5282, R   ,18,"(46, 18)"
5282,5283,46, Down     ,5283, L   ,19,"(46, 19)"
5283,5284,46, Down     ,5284, L   ,18,"(46, 18)"
5284,5285,46, Down     ,5285, R   ,17,"(46, 17)"
5285,5286,46, Down     ,5286, R   ,16,"(46, 16)"
5286,5287,46, Down     ,5287, L   ,17,"(46, 17)"
5287,5288,46, Down     ,5288, L   ,16,"(46, 16)"
5288,5289,46, Down     ,5289, R   ,15,"(46, 15)"
5289,5290,46, Down     ,5290, R   ,14,"(46, 14)"
5290,5291,46, Down     ,5291, L   ,15,"(46, 15)"
5291,5292,46, Down     ,5292, L   ,14,"(46, 14)"
5292,5293,46, Down     ,5293, R   ,13,"(46, 13)"
5293,5294,46, Down     ,5294, R   ,12,"(46, 12)"
5294,5295,46, Down     ,5295, L   ,13,"(46, 13)"
5295,5296,46, Down     ,5296, L   ,12,"(46, 12)"
5296,5297,46, Down     ,5297, R   ,11,"(46, 11)"
5297,5298,46, Down     ,5298, R   ,10,"(46, 10)"
5298,5299,46, Down     ,5299, L   ,11,"(46, 11)"
5299,5300,46, Down     ,5300, L   ,10,"(46, 10)"
5300,5301,46, Down     ,5301, R   ,9,"(46, 9)"
5301,5302,46, Down     ,5302, R   ,8,"(46, 8)"
5302,5303,46, Down     ,5303, L   ,9,"(46, 9)"
5303,5304,46, Down     ,5304, L   ,8,"(46, 8)"
5304,5305,46, Down     ,5305, R   ,7,"(46, 7)"
5305,5306,46, Down     ,5306, R   ,6,"(46, 6)"
5306,5307,46, Down     ,5307, L   ,7,"(46, 7)"
5307,5308,46, Down     ,5308, L   ,6,"(46, 6)"
5308,5309,46, Down     ,5309, R   ,5,"(46, 5)"
5309,5310,46, Down     ,5310, R   ,4,"(46, 4)"
5310,5311,46, Down     ,5311, L   ,5,"(46, 5)"
5311,5312,46, Down     ,5312, L   ,4,"(46, 4)"
5312,5313,46, Down     ,5313, R   ,3,"(46, 3)"
5313,5314,46, Down     ,5314, R   ,2,"(46, 2)"
5314,5315,46, Down     ,5315, L   ,3,"(46, 3)"
5315,5316,46, Down     ,5316, L   ,2,"(46, 2)"
5316,5317,47, Up       ,5317, R   ,2,"(47, 2)"
5317,5318,47, Up       ,5318, R   ,3,"(47, 3)"
5318,5319,47, Up       ,5319, L   ,2,"(47, 2)"
5319,5320,47, Up       ,5320, L   ,3,"(47, 3)"
5320,5321,47, Up       ,5321, R   ,4,"(47, 4)"
5321,5322,47, Up       ,5322, R   ,5,"(47, 5)"
5322,5323,47, Up       ,5323, L   ,4,"(47, 4)"
5323,5324,47, Up       ,5324, L   ,5,"(47, 5)"
5324,5325,47, Up       ,5325, R   ,6,"(47, 6)"
5325,5326,47, Up       ,5326, R   ,7,"(47, 7)"
5326,5327,47, Up       ,5327, L   ,6,"(47, 6)"
5327,5328,47, Up       ,5328, L   ,7,"(47, 7)"
5328,5329,47, Up       ,5329, R   ,8,"(47, 8)"
5329,5330,47, Up       ,5330, R   ,9,"(47, 9)"
5330,5331,47, Up       ,5331, L   ,8,"(47, 8)"
5331,5332,47, Up       ,5332, L   ,9,"(47, 9)"
5332,5333,47, Up       ,5333, R   ,11,"(47, 11)"
5333,5334,47, Up       ,5334, L   ,10,"(47, 10)"
5334,5335,47, Up       ,5335, L   ,11,"(47, 11)"
5335,5336,47, Up       ,5336, R   ,12,"(47, 12)"
5336,5337,47, Up       ,5337, R   ,13,"(47, 13)"
5337,5338,47, Up       ,5338, L   ,12,"(47, 12)"
5338,5339,47, Up       ,5339, L   ,13,"(47, 13)"
5339,5340,47, Up       ,5340, R   ,14,"(47, 14)"
5340,5341,47, Up       ,5341, R   ,15,"(47, 15)"
5341,5342,47, Up       ,5342, L   ,14,"(47, 14)"
5342,5343,47, Up       ,5343, L   ,15,"(47, 15)"
5343,5344,47, Up       ,5344, R   ,16,"(47, 16)"
5344,5345,47, Up       ,5345, R   ,17,"(47, 17)"
5345,5346,47, Up       ,5346, L   ,16,"(47, 16)"
5346,5347,47, Up       ,5347, L   ,17,"(47, 17)"
5347,5348,47, Up       ,5348, R   ,18,"(47, 18)"
5348,5349,47, Up       ,5349, R   ,19,"(47, 19)"
5349,5350,47, Up       ,5350, L   ,18,"(47, 18)"
5350,5351,47, Up       ,5351, L   ,19,"(47, 19)"
5351,5352,47, Up       ,5352, R   ,20,"(47, 20)"
5352,5353,47, Up       ,5353, R   ,21,"(47, 21)"
5353,5354,47, Up       ,5354, L   ,20,"(47, 20)"
5354,5355,47, Up       ,5355, L   ,21,"(47, 21)"
5355,5356,47, Up       ,5356, R   ,22,"(47, 22)"
5356,5357,47, Up       ,5357, R   ,23,"(47, 23)"
5357,5358,47, Up       ,5358, L   ,22,"(47, 22)"
5358,5359,47, Up       ,5359, L   ,23,"(47, 23)"
5359,5360,47, Up       ,5360, R   ,24,"(47, 24)"
5360,5361,47, Up       ,5361, R   ,25,"(47, 25)"
5361,5362,47, Up       ,5362, L   ,24,"(47, 24)"
5362,5363,47, Up       ,5363, L   ,25,"(47, 25)"
5363,5364,47, Up       ,5364, R   ,26,"(47, 26)"
5364,5365,47, Up       ,5365, R   ,27,"(47, 27)"
5365,5366,47, Up       ,5366, L   ,26,"(47, 26)"
5366,5367,47, Up       ,5367, L   ,27,"(47, 27)"
5367,5368,47, Up       ,5368, R   ,31,"(47, 31)"
5368,5369,47, Up       ,5369, L   ,31,"(47, 31)"
5369,5370,47, Up       ,5370, R   ,33,"(47, 33)"
5370,5371,47, Up       ,5371, L   ,32,"(47, 32)"
5371,5372,47, Up       ,5372, L   ,33,"(47, 33)"
5372,5373,47, Up       ,5373, R   ,34,"(47, 34)"
5373,5374,47, Up       ,5374, R   ,35,"(47, 35)"
5374,5375,47, Up       ,5375, L   ,34,"(47, 34)"
5375,5376,47, Up       ,5376, L   ,35,"(47, 35)"
5376,5377,47, Up       ,5377, R   ,36,"(47, 36)"
5377,5378,47, Up       ,5378, R   ,37,"(47, 37)"
5378,5379,47, Up       ,5379, L   ,36,"(47, 36)"
5379,5380,47, Up       ,5380, L   ,37,"(47, 37)"
5380,5381,47, Up       ,5381, R   ,38,"(47, 38)"
5381,5382,47, Up       ,5382, R   ,39,"(47, 39)"
5382,5383,47, Up       ,5383, L   ,38,"(47, 38)"
5383,5384,47, Up       ,5384, L   ,39,"(47, 39)"
5384,5385,47, Up       ,5385, R   ,40,"(47, 40)"
5385,5386,47, Up       ,5386, R   ,41,"(47, 41)"
5386,5387,47, Up       ,5387, L   ,40,"(47, 40)"
5387,5388,47, Up       ,5388, L   ,41,"(47, 41)"
5388,5389,47, Up       ,5389, R   ,42,"(47, 42)"
5389,5390,47, Up       ,5390, R   ,43,"(47, 43)"
5390,5391,47, Up       ,5391, L   ,42,"(47, 42)"
5391,5392,47, Up       ,5392, L   ,43,"(47, 43)"
5392,5393,47, Up       ,5393, R   ,44,"(47, 44)"
5393,5394,47, Up       ,5394, R   ,45,"(47, 45)"
5394,5395,47, Up       ,5395, L   ,44,"(47, 44)"
5395,5396,47, Up       ,5396, L   ,45,"(47, 45)"
5396,5397,47, Up       ,5397, R   ,46,"(47, 46)"
5397,5398,47, Up       ,5398, R   ,47,"(47, 47)"
5398,5399,47, Up       ,5399, L   ,46,"(47, 46)"
5399,5400,47, Up       ,5400, L   ,47,"(47, 47)"
5400,5401,47, Up       ,5401, R   ,48,"(47, 48)"
5401,5402,47, Up       ,5402, R   ,49,"(47, 49)"
5402,5403,47, Up       ,5403, L   ,48,"(47, 48)"
5403,5404,47, Up       ,5404, L   ,49,"(47, 49)"
5404,5405,47, Up       ,5405, R   ,50,"(47, 50)"
5405,5406,47, Up       ,5406, R   ,51,"(47, 51)"
5406,5407,47, Up       ,5407, L   ,50,"(47, 50)"
5407,5408,47, Up       ,5408, L   ,51,"(47, 51)"
5408,5409,47, Up       ,5409, R   ,52,"(47, 52)"
5409,5410,47, Up       ,5410, R   ,53,"(47, 53)"
5410,5411,47, Up       ,5411, L   ,52,"(47, 52)"
5411,5412,47, Up       ,5412, L   ,53,"(47, 53)"
5412,5413,47, Up       ,5413, R   ,54,"(47, 54)"
5413,5414,47, Up       ,5414, L   ,54,"(47, 54)"
5414,5415,47, Up       ,5415, L   ,55,"(47, 55)"
5415,5416,47, Up       ,5416, R   ,56,"(47, 56)"
5416,5417,47, Up       ,5417, R   ,57,"(47, 57)"
5417,5418,47, Up       ,5418, L   ,56,"(47, 56)"
5418,5419,47, Up       ,5419, L   ,57,"(47, 57)"
5419,5420,47, Up       ,5420, R   ,58,"(47, 58)"
5420,5421,47, Up       ,5421, R   ,59,"(47, 59)"
5421,5422,47, Up       ,5422, L   ,58,"(47, 58)"
5422,5423,47, Up       ,5423, L   ,59,"(47, 59)"
5423,5424,47, Up       ,5424, R   ,60,"(47, 60)"
5424,5425,47, Up       ,5425, R   ,61,"(47, 61)"
5425,5426,47, Up       ,5426, L   ,60,"(47, 60)"
5426,5427,47, Up       ,5427, L   ,61,"(47, 61)"
5427,5428,48, Down     ,5428, R   ,61,"(48, 61)"
5428,5429,48, Down     ,5429, R   ,60,"(48, 60)"
5429,5430,48, Down     ,5430, L   ,61,"(48, 61)"
5430,5431,48, Down     ,5431, L   ,60,"(48, 60)"
5431,5432,48, Down     ,5432, R   ,59,"(48, 59)"
5432,5433,48, Down     ,5433, R   ,58,"(48, 58)"
5433,5434,48, Down     ,5434, L   ,59,"(48, 59)"
5434,5435,48, Down     ,5435, L   ,58,"(48, 58)"
5435,5436,48, Down     ,5436, R   ,57,"(48, 57)"
5436,5437,48, Down     ,5437, R   ,56,"(48, 56)"
5437,5438,48, Down     ,5438, L   ,57,"(48, 57)"
5438,5439,48, Down     ,5439, L   ,56,"(48, 56)"
5439,5440,48, Down     ,5440, R   ,55,"(48, 55)"
5440,5441,48, Down     ,5441, R   ,54,"(48, 54)"
5441,5442,48, Down     ,5442, L   ,55,"(48, 55)"
5442,5443,48, Down     ,5443, L   ,54,"(48, 54)"
5443,5444,48, Down     ,5444, R   ,53,"(48, 53)"
5444,5445,48, Down     ,5445, R   ,52,"(48, 52)"
5445,5446,48, Down     ,5446, L   ,53,"(48, 53)"
5446,5447,48, Down     ,5447, L   ,52,"(48, 52)"
5447,5448,48, Down     ,5448, R   ,51,"(48, 51)"
5448,5449,48, Down     ,5449, R   ,50,"(48, 50)"
5449,5450,48, Down     ,5450, L   ,51,"(48, 51)"
5450,5451,48, Down     ,5451, L   ,50,"(48, 50)"
5451,5452,48, Down     ,5452, R   ,49,"(48, 49)"
5452,5453,48, Down     ,5453, R   ,48,"(48, 48)"
5453,5454,48, Down     ,5454, L   ,49,"(48, 49)"
5454,5455,48, Down     ,5455, L   ,48,"(48, 48)"
5455,5456,48, Down     ,5456, R   ,47,"(48, 47)"
5456,5457,48, Down     ,5457, R   ,46,"(48, 46)"
5457,5458,48, Down     ,5458, L   ,47,"(48, 47)"
5458,5459,48, Down     ,5459, L   ,46,"(48, 46)"
5459,5460,48, Down     ,5460, R   ,45,"(48, 45)"
5460,5461,48, Down     ,5461, R   ,44,"(48, 44)"
5461,5462,48, Down     ,5462, L   ,45,"(48, 45)"
5462,5463,48, Down     ,5463, L   ,44,"(48, 44)"
5463,5464,48, Down     ,5464, R   ,43,"(48, 43)"
5464,5465,48, Down     ,5465, R   ,42,"(48, 42)"
5465,5466,48, Down     ,5466, L   ,43,"(48, 43)"
5466,5467,48, Down     ,5467, L   ,42,"(48, 42)"
5467,5468,48, Down     ,5468, R   ,41,"(48, 41)"
5468,5469,48, Down     ,5469, R   ,40,"(48, 40)"
5469,5470,48, Down     ,5470, L   ,41,"(48, 41)"
5470,5471,48, Down     ,5471, L   ,40,"(48, 40)"
5471,5472,48, Down     ,5472, R   ,39,"(48, 39)"
5472,5473,48, Down     ,5473, R   ,38,"(48, 38)"
5473,5474,48, Down     ,5474, L   ,39,"(48, 39)"
5474,5475,48, Down     ,5475, L   ,38,"(48, 38)"
5475,5476,48, Down     ,5476, R   ,37,"(48, 37)"
5476,5477,48, Down     ,5477, R   ,36,"(48, 36)"
5477,5478,48, Down     ,5478, L   ,37,"(48, 37)"
5478,5479,48, Down     ,5479, L   ,36,"(48, 36)"
5479,5480,48, Down     ,5480, R   ,35,"(48, 35)"
5480,5481,48, Down     ,5481, R   ,34,"(48, 34)"
5481,5482,48, Down     ,5482, L   ,35,"(48, 35)"
5482,5483,48, Down     ,5483, L   ,34,"(48, 34)"
5483,5484,48, Down     ,5484, R   ,33,"(48, 33)"
5484,5485,48, Down     ,5485, R   ,32,"(48, 32)"
5485,5486,48, Down     ,5486, L   ,33,"(48, 33)"
5486,5487,48, Down     ,5487, L   ,32,"(48, 32)"
5487,5488,48, Down     ,5488, R   ,31,"(48, 31)"
5488,5489,48, Down     ,5489, L   ,31,"(48, 31)"
5489,5490,48, Down     ,5490, R   ,27,"(48, 27)"
5490,5491,48, Down     ,5491, R   ,26,"(48, 26)"
5491,5492,48, Down     ,5492, L   ,27,"(48, 27)"
5492,5493,48, Down     ,5493, L   ,26,"(48, 26)"
5493,5494,48, Down     ,5494, R   ,25,"(48, 25)"
5494,5495,48, Down     ,5495, R   ,24,"(48, 24)"
5495,5496,48, Down     ,5496, L   ,25,"(48, 25)"
5496,5497,48, Down     ,5497, L   ,24,"(48, 24)"
5497,5498,48, Down     ,5498, R   ,23,"(48, 23)"
5498,5499,48, Down     ,5499, R   ,22,"(48, 22)"
5499,5500,48, Down     ,5500, L   ,23,"(48, 23)"
5500,5501,48, Down     ,5501, L   ,22,"(48, 22)"
5501,5502,48, Down     ,5502, R   ,21,"(48, 21)"
5502,5503,48, Down     ,5503, R   ,20,"(48, 20)"
5503,5504,48, Down     ,5504, L   ,21,"(48, 21)"
5504,5505,48, Down     ,5505, L   ,20,"(48, 20)"
5505,5506,48, Down     ,5506, R   ,19,"(48, 19)"
5506,5507,48, Down     ,5507, R   ,18,"(48, 18)"
5507,5508,48, Down     ,5508, L   ,19,"(48, 19)"
5508,5509,48, Down     ,5509, L   ,18,"(48, 18)"
5509,5510,48, Down     ,5510, R   ,17,"(48, 17)"
5510,5511,48, Down     ,5511, R   ,16,"(48, 16)"
5511,5512,48, Down     ,5512, L   ,17,"(48, 17)"
5512,5513,48, Down     ,5513, L   ,16,"(48, 16)"
5513,5514,48, Down     ,5514, R   ,15,"(48, 15)"
5514,5515,48, Down     ,5515, R   ,14,"(48, 14)"
5515,5516,48, Down     ,5516, L   ,15,"(48, 15)"
5516,5517,48, Down     ,5517, L   ,14,"(48, 14)"
5517,5518,48, Down     ,5518, R   ,13,"(48, 13)"
5518,5519,48, Down     ,5519, R   ,12,"(48, 12)"
5519,5520,48, Down     ,5520, L   ,13,"(48, 13)"
5520,5521,48, Down     ,5521, L   ,12,"(48, 12)"
5521,5522,48, Down     ,5522, R   ,11,"(48, 11)"
5522,5523,48, Down     ,5523, R   ,10,"(48, 10)"
5523,5524,48, Down     ,5524, L   ,11,"(48, 11)"
5524,5525,48, Down     ,5525, L   ,10,"(48, 10)"
5525,5526,48, Down     ,5526, R   ,9,"(48, 9)"
5526,5527,48, Down     ,5527, R   ,8,"(48, 8)"
5527,5528,48, Down     ,5528, L   ,9,"(48, 9)"
5528,5529,48, Down     ,5529, L   ,8,"(48, 8)"
5529,5530,48, Down     ,5530, R   ,7,"(48, 7)"
5530,5531,48, Down     ,5531, R   ,6,"(48, 6)"
5531,5532,48, Down     ,5532, L   ,7,"(48, 7)"
5532,5533,48, Down     ,5533, L   ,6,"(48, 6)"
5533,5534,48, Down     ,5534, R   ,5,"(48, 5)"
5534,5535,48, Down     ,5535, R   ,4,"(48, 4)"
5535,5536,48, Down     ,5536, L   ,5,"(48, 5)"
5536,5537,48, Down     ,5537, L   ,4,"(48, 4)"
5537,5538,48, Down     ,5538, R   ,3,"(48, 3)"
5538,5539,48, Down     ,5539, R   ,2,"(48, 2)"
5539,5540,48, Down     ,5540, L   ,3,"(48, 3)"
5540,5541,48, Down     ,5541, L   ,2,"(48, 2)"
5541,5542,49, Up       ,5542, R   ,2,"(49, 2)"
5542,5543,49, Up       ,5543, R   ,3,"(49, 3)"
5543,5544,49, Up       ,5544, L   ,2,"(49, 2)"
5544,5545,49, Up       ,5545, L   ,3,"(49, 3)"
5545,5546,49, Up       ,5546, R   ,4,"(49, 4)"
5546,5547,49, Up       ,5547, R   ,5,"(49, 5)"
5547,5548,49, Up       ,5548, L   ,4,"(49, 4)"
5548,5549,49, Up       ,5549, L   ,5,"(49, 5)"
5549,5550,49, Up       ,5550, R   ,6,"(49, 6)"
5550,5551,49, Up       ,5551, R   ,7,"(49, 7)"
5551,5552,49, Up       ,5552, L   ,6,"(49, 6)"
5552,5553,49, Up       ,5553, L   ,7,"(49, 7)"
5553,5554,49, Up       ,5554, R   ,8,"(49, 8)"
5554,5555,49, Up       ,5555, R   ,9,"(49, 9)"
5555,5556,49, Up       ,5556, L   ,8,"(49, 8)"
5556,5557,49, Up       ,5557, L   ,9,"(49, 9)"
5557,5558,49, Up       ,5558, R   ,10,"(49, 10)"
5558,5559,49, Up       ,5559, R   ,11,"(49, 11)"
5559,5560,49, Up       ,5560, L   ,10,"(49, 10)"
5560,5561,49, Up       ,5561, L   ,11,"(49, 11)"
5561,5562,49, Up       ,5562, R   ,12,"(49, 12)"
5562,5563,49, Up       ,5563, R   ,13,"(49, 13)"
5563,5564,49, Up       ,5564, L   ,12,"(49, 12)"
5564,5565,49, Up       ,5565, L   ,13,"(49, 13)"
5565,5566,49, Up       ,5566, R   ,14,"(49, 14)"
5566,5567,49, Up       ,5567, R   ,15,"(49, 15)"
5567,5568,49, Up       ,5568, L   ,14,"(49, 14)"
5568,5569,49, Up       ,5569, L   ,15,"(49, 15)"
5569,5570,49, Up       ,5570, R   ,16,"(49, 16)"
5570,5571,49, Up       ,5571, R   ,17,"(49, 17)"
5571,5572,49, Up       ,5572, L   ,16,"(49, 16)"
5572,5573,49, Up       ,5573, L   ,17,"(49, 17)"
5573,5574,49, Up       ,5574, R   ,18,"(49, 18)"
5574,5575,49, Up       ,5575, R   ,19,"(49, 19)"
5575,5576,49, Up       ,5576, L   ,18,"(49, 18)"
5576,5577,49, Up       ,5577, L   ,19,"(49, 19)"
5577,5578,49, Up       ,5578, R   ,20,"(49, 20)"
5578,5579,49, Up       ,5579, R   ,21,"(49, 21)"
5579,5580,49, Up       ,5580, L   ,20,"(49, 20)"
5580,5581,49, Up       ,5581, L   ,21,"(49, 21)"
5581,5582,49, Up       ,5582, R   ,22,"(49, 22)"
5582,5583,49, Up       ,5583, R   ,23,"(49, 23)"
5583,5584,49, Up       ,5584, L   ,22,"(49, 22)"
5584,5585,49, Up       ,5585, L   ,23,"(49, 23)"
5585,5586,49, Up       ,5586, R   ,24,"(49, 24)"
5586,5587,49, Up       ,5587, R   ,25,"(49, 25)"
5587,5588,49, Up       ,5588, L   ,24,"(49, 24)"
5588,5589,49, Up       ,5589, L   ,25,"(49, 25)"
5589,5590,49, Up       ,5590, R   ,26,"(49, 26)"
5590,5591,49, Up       ,5591, R   ,27,"(49, 27)"
5591,5592,49, Up       ,5592, L   ,26,"(49, 26)"
5592,5593,49, Up       ,5593, L   ,27,"(49, 27)"
5593,5594,49, Up       ,5594, R   ,31,"(49, 31)"
5594,5595,49, Up       ,5595, L   ,31,"(49, 31)"
5595,5596,49, Up       ,5596, R   ,32,"(49, 32)"
5596,5597,49, Up       ,5597, R   ,33,"(49, 33)"
5597,5598,49, Up       ,5598, L   ,32,"(49, 32)"
5598,5599,49, Up       ,5599, L   ,33,"(49, 33)"
5599,5600,49, Up       ,5600, R   ,34,"(49, 34)"
5600,5601,49, Up       ,5601, R   ,35,"(49, 35)"
5601,5602,49, Up       ,5602, L   ,34,"(49, 34)"
5602,5603,49, Up       ,5603, L   ,35,"(49, 35)"
5603,5604,49, Up       ,5604, R   ,36,"(49, 36)"
5604,5605,49, Up       ,5605, R   ,37,"(49, 37)"
5605,5606,49, Up       ,5606, L   ,36,"(49, 36)"
5606,5607,49, Up       ,5607, L   ,37,"(49, 37)"
5607,5608,49, Up       ,5608, R   ,38,"(49, 38)"
5608,5609,49, Up       ,5609, R   ,39,"(49, 39)"
5609,5610,49, Up       ,5610, L   ,38,"(49, 38)"
5610,5611,49, Up       ,5611, L   ,39,"(49, 39)"
5611,5612,49, Up       ,5612, R   ,40,"(49, 40)"
5612,5613,49, Up       ,5613, R   ,41,"(49, 41)"
5613,5614,49, Up       ,5614, L   ,40,"(49, 40)"
5614,5615,49, Up       ,5615, L   ,41,"(49, 41)"
5615,5616,49, Up       ,5616, R   ,42,"(49, 42)"
5616,5617,49, Up       ,5617, R   ,43,"(49, 43)"
5617,5618,49, Up       ,5618, L   ,42,"(49, 42)"
5618,5619,49, Up       ,5619, L   ,43,"(49, 43)"
5619,5620,49, Up       ,5620, R   ,44,"(49, 44)"
5620,5621,49, Up       ,5621, R   ,45,"(49, 45)"
5621,5622,49, Up       ,5622, L   ,44,"(49, 44)"
5622,5623,49, Up       ,5623, L   ,45,"(49, 45)"
5623,5624,49, Up       ,5624, R   ,46,"(49, 46)"
5624,5625,49, Up       ,5625, R   ,47,"(49, 47)"
5625,5626,49, Up       ,5626, L   ,46,"(49, 46)"
5626,5627,49, Up       ,5627, L   ,47,"(49, 47)"
5627,5628,49, Up       ,5628, R   ,48,"(49, 48)"
5628,5629,49, Up       ,5629, R   ,49,"(49, 49)"
5629,5630,49, Up       ,5630, L   ,48,"(49, 48)"
5630,5631,49, Up       ,5631, L   ,49,"(49, 49)"
5631,5632,49, Up       ,5632, R   ,50,"(49, 50)"
5632,5633,49, Up       ,5633, R   ,51,"(49, 51)"
5633,5634,49, Up       ,5634, L   ,50,"(49, 50)"
5634,5635,49, Up       ,5635, L   ,51,"(49, 51)"
5635,5636,49, Up       ,5636, R   ,52,"(49, 52)"
5636,5637,49, Up       ,5637, R   ,53,"(49, 53)"
5637,5638,49, Up       ,5638, L   ,52,"(49, 52)"
5638,5639,49, Up       ,5639, L   ,53,"(49, 53)"
5639,5640,49, Up       ,5640, R   ,54,"(49, 54)"
5640,5641,49, Up       ,5641, R   ,55,"(49, 55)"
5641,5642,49, Up       ,5642, L   ,54,"(49, 54)"
5642,5643,49, Up       ,5643, L   ,55,"(49, 55)"
5643,5644,49, Up       ,5644, R   ,56,"(49, 56)"
5644,5645,49, Up       ,5645, R   ,57,"(49, 57)"
5645,5646,49, Up       ,5646, L   ,56,"(49, 56)"
5646,5647,49, Up       ,5647, L   ,57,"(49, 57)"
5647,5648,49, Up       ,5648, R   ,58,"(49, 58)"
5648,5649,49, Up       ,5649, R   ,59,"(49, 59)"
5649,5650,49, Up       ,5650, L   ,58,"(49, 58)"
5650,5651,49, Up       ,5651, L   ,59,"(49, 59)"
5651,5652,49, Up       ,5652, R   ,60,"(49, 60)"
5652,5653,49, Up       ,5653, R   ,61,"(49, 61)"
5653,5654,49, Up       ,5654, L   ,60,"(49, 60)"
5654,5655,49, Up       ,5655, L   ,61,"(49, 61)"
5655,5656,50, Down     ,5656, R   ,61,"(50, 61)"
5656,5657,50, Down     ,5657, R   ,60,"(50, 60)"
5657,5658,50, Down     ,5658, L   ,61,"(50, 61)"
5658,5659,50, Down     ,5659, L   ,60,"(50, 60)"
5659,5660,50, Down     ,5660, R   ,59,"(50, 59)"
5660,5661,50, Down     ,5661, R   ,58,"(50, 58)"
5661,5662,50, Down     ,5662, L   ,59,"(50, 59)"
5662,5663,50, Down     ,5663, L   ,58,"(50, 58)"
5663,5664,50, Down     ,5664, R   ,57,"(50, 57)"
5664,5665,50, Down     ,5665, R   ,56,"(50, 56)"
5665,5666,50, Down     ,5666, L   ,57,"(50, 57)"
5666,5667,50, Down     ,5667, L   ,56,"(50, 56)"
5667,5668,50, Down     ,5668, R   ,55,"(50, 55)"
5668,5669,50, Down     ,5669, R   ,54,"(50, 54)"
5669,5670,50, Down     ,5670, L   ,54,"(50, 54)"
5670,5671,50, Down     ,5671, R   ,53,"(50, 53)"
5671,5672,50, Down     ,5672, R   ,52,"(50, 52)"
5672,5673,50, Down     ,5673, L   ,53,"(50, 53)"
5673,5674,50, Down     ,5674, L   ,52,"(50, 52)"
5674,5675,50, Down     ,5675, R   ,51,"(50, 51)"
5675,5676,50, Down     ,5676, R   ,50,"(50, 50)"
5676,5677,50, Down     ,5677, L   ,51,"(50, 51)"
5677,5678,50, Down     ,5678, L   ,50,"(50, 50)"
5678,5679,50, Down     ,5679, R   ,49,"(50, 49)"
5679,5680,50, Down     ,5680, R   ,48,"(50, 48)"
5680,5681,50, Down     ,5681, L   ,49,"(50, 49)"
5681,5682,50, Down     ,5682, L   ,48,"(50, 48)"
5682,5683,50, Down     ,5683, R   ,47,"(50, 47)"
5683,5684,50, Down     ,5684, R   ,46,"(50, 46)"
5684,5685,50, Down     ,5685, L   ,47,"(50, 47)"
5685,5686,50, Down     ,5686, L   ,46,"(50, 46)"
5686,5687,50, Down     ,5687, R   ,45,"(50, 45)"
5687,5688,50, Down     ,5688, R   ,44,"(50, 44)"
5688,5689,50, Down     ,5689, L   ,45,"(50, 45)"
5689,5690,50, Down     ,5690, L   ,44,"(50, 44)"
5690,5691,50, Down     ,5691, R   ,43,"(50, 43)"
5691,5692,50, Down     ,5692, R   ,42,"(50, 42)"
5692,5693,50, Down     ,5693, L   ,43,"(50, 43)"
5693,5694,50, Down     ,5694, L   ,42,"(50, 42)"
5694,5695,50, Down     ,5695, R   ,41,"(50, 41)"
5695,5696,50, Down     ,5696, R   ,40,"(50, 40)"
5696,5697,50, Down     ,5697, L   ,41,"(50, 41)"
5697,5698,50, Down     ,5698, L   ,40,"(50, 40)"
5698,5699,50, Down     ,5699, R   ,39,"(50, 39)"
5699,5700,50, Down     ,5700, R   ,38,"(50, 38)"
5700,5701,50, Down     ,5701, L   ,39,"(50, 39)"
5701,5702,50, Down     ,5702, L   ,38,"(50, 38)"
5702,5703,50, Down     ,5703, R   ,37,"(50, 37)"
5703,5704,50, Down     ,5704, R   ,36,"(50, 36)"
5704,5705,50, Down     ,5705, L   ,37,"(50, 37)"
5705,5706,50, Down     ,5706, L   ,36,"(50, 36)"
5706,5707,50, Down     ,5707, R   ,35,"(50, 35)"
5707,5708,50, Down     ,5708, R   ,34,"(50, 34)"
5708,5709,50, Down     ,5709, L   ,35,"(50, 35)"
5709,5710,50, Down     ,5710, L   ,34,"(50, 34)"
5710,5711,50, Down     ,5711, R   ,33,"(50, 33)"
5711,5712,50, Down     ,5712, R   ,32,"(50, 32)"
5712,5713,50, Down     ,5713, L   ,33,"(50, 33)"
5713,5714,50, Down     ,5714, R   ,31,"(50, 31)"
5714,5715,50, Down     ,5715, L   ,31,"(50, 31)"
5715,5716,50, Down     ,5716, R   ,27,"(50, 27)"
5716,5717,50, Down     ,5717, R   ,26,"(50, 26)"
5717,5718,50, Down     ,5718, L   ,27,"(50, 27)"
5718,5719,50, Down     ,5719, L   ,26,"(50, 26)"
5719,5720,50, Down     ,5720, R   ,25,"(50, 25)"
5720,5721,50, Down     ,5721, R   ,24,"(50, 24)"
5721,5722,50, Down     ,5722, L   ,25,"(50, 25)"
5722,5723,50, Down     ,5723, L   ,24,"(50, 24)"
5723,5724,50, Down     ,5724, R   ,23,"(50, 23)"
5724,5725,50, Down     ,5725, R   ,22,"(50, 22)"
5725,5726,50, Down     ,5726, L   ,23,"(50, 23)"
5726,5727,50, Down     ,5727, L   ,22,"(50, 22)"
5727,5728,50, Down     ,5728, R   ,21,"(50, 21)"
5728,5729,50, Down     ,5729, R   ,20,"(50, 20)"
5729,5730,50, Down     ,5730, L   ,21,"(50, 21)"
5730,5731,50, Down     ,5731, L   ,20,"(50, 20)"
5731,5732,50, Down     ,5732, R   ,19,"(50, 19)"
5732,5733,50, Down     ,5733, R   ,18,"(50, 18)"
5733,5734,50, Down     ,5734, L   ,19,"(50, 19)"
5734,5735,50, Down     ,5735, L   ,18,"(50, 18)"
5735,5736,50, Down     ,5736, R   ,17,"(50, 17)"
5736,5737,50, Down     ,5737, R   ,16,"(50, 16)"
5737,5738,50, Down     ,5738, L   ,17,"(50, 17)"
5738,5739,50, Down     ,5739, L   ,16,"(50, 16)"
5739,5740,50, Down     ,5740, R   ,15,"(50, 15)"
5740,5741,50, Down     ,5741, R   ,14,"(50, 14)"
5741,5742,50, Down     ,5742, L   ,15,"(50, 15)"
5742,5743,50, Down     ,5743, L   ,14,"(50, 14)"
5743,5744,50, Down     ,5744, R   ,13,"(50, 13)"
5744,5745,50, Down     ,5745, R   ,12,"(50, 12)"
5745,5746,50, Down     ,5746, L   ,13,"(50, 13)"
5746,5747,50, Down     ,5747, L   ,12,"(50, 12)"
5747,5748,50, Down     ,5748, R   ,11,"(50, 11)"
5748,5749,50, Down     ,5749, R   ,10,"(50, 10)"
5749,5750,50, Down     ,5750, L   ,11,"(50, 11)"
5750,5751,50, Down     ,5751, R   ,9,"(50, 9)"
5751,5752,50, Down     ,5752, R   ,8,"(50, 8)"
5752,5753,50, Down     ,5753, L   ,9,"(50, 9)"
5753,5754,50, Down     ,5754, L   ,8,"(50, 8)"
5754,5755,50, Down     ,5755, R   ,7,"(50, 7)"
5755,5756,50, Down     ,5756, R   ,6,"(50, 6)"
5756,5757,50, Down     ,5757, L   ,7,"(50, 7)"
5757,5758,50, Down     ,5758, L   ,6,"(50, 6)"
5758,5759,50, Down     ,5759, R   ,5,"(50, 5)"
5759,5760,50, Down     ,5760, R   ,4,"(50, 4)"
5760,5761,50, Down     ,5761, L   ,5,"(50, 5)"
5761,5762,50, Down     ,5762, L   ,4,"(50, 4)"
5762,5763,50, Down     ,5763, R   ,3,"(50, 3)"
5763,5764,50, Down     ,5764, R   ,2,"(50, 2)"
5764,5765,50, Down     ,5765, L   ,3,"(50, 3)"
5765,5766,50, Down     ,5766, L   ,2,"(50, 2)"
5766,5767,51, Up       ,5767, R   ,2,"(51, 2)"
5767,5768,51, Up       ,5768, R   ,3,"(51, 3)"
5768,5769,51, Up       ,5769, L   ,2,"(51, 2)"
5769,5770,51, Up       ,5770, L   ,3,"(51, 3)"
5770,5771,51, Up       ,5771, R   ,4,"(51, 4)"
5771,5772,51, Up       ,5772, R   ,5,"(51, 5)"
5772,5773,51, Up       ,5773, L   ,4,"(51, 4)"
5773,5774,51, Up       ,5774, L   ,5,"(51, 5)"
5774,5775,51, Up       ,5775, R   ,6,"(51, 6)"
5775,5776,51, Up       ,5776, R   ,7,"(51, 7)"
5776,5777,51, Up       ,5777, L   ,6,"(51, 6)"
5777,5778,51, Up       ,5778, L   ,7,"(51, 7)"
5778,5779,51, Up       ,5779, R   ,8,"(51, 8)"
5779,5780,51, Up       ,5780, R   ,9,"(51, 9)"
5780,5781,51, Up       ,5781, L   ,8,"(51, 8)"
5781,5782,51, Up       ,5782, L   ,9,"(51, 9)"
5782,5783,51, Up       ,5783, R   ,10,"(51, 10)"
5783,5784,51, Up       ,5784, R   ,11,"(51, 11)"
5784,5785,51, Up       ,5785, L   ,10,"(51, 10)"
5785,5786,51, Up       ,5786, L   ,11,"(51, 11)"
5786,5787,51, Up       ,5787, R   ,12,"(51, 12)"
5787,5788,51, Up       ,5788, R   ,13,"(51, 13)"
5788,5789,51, Up       ,5789, L   ,12,"(51, 12)"
5789,5790,51, Up       ,5790, L   ,13,"(51, 13)"
5790,5791,51, Up       ,5791, R   ,14,"(51, 14)"
5791,5792,51, Up       ,5792, R   ,15,"(51, 15)"
5792,5793,51, Up       ,5793, L   ,14,"(51, 14)"
5793,5794,51, Up       ,5794, L   ,15,"(51, 15)"
5794,5795,51, Up       ,5795, R   ,16,"(51, 16)"
5795,5796,51, Up       ,5796, R   ,17,"(51, 17)"
5796,5797,51, Up       ,5797, L   ,16,"(51, 16)"
5797,5798,51, Up       ,5798, L   ,17,"(51, 17)"
5798,5799,51, Up       ,5799, R   ,18,"(51, 18)"
5799,5800,51, Up       ,5800, R   ,19,"(51, 19)"
5800,5801,51, Up       ,5801, L   ,18,"(51, 18)"
5801,5802,51, Up       ,5802, L   ,19,"(51, 19)"
5802,5803,51, Up       ,5803, R   ,20,"(51, 20)"
5803,5804,51, Up       ,5804, R   ,21,"(51, 21)"
5804,5805,51, Up       ,5805, L   ,20,"(51, 20)"
5805,5806,51, Up       ,5806, L   ,21,"(51, 21)"
5806,5807,51, Up       ,5807, R   ,22,"(51, 22)"
5807,5808,51, Up       ,5808, R   ,23,"(51, 23)"
5808,5809,51, Up       ,5809, L   ,22,"(51, 22)"
5809,5810,51, Up       ,5810, L   ,23,"(51, 23)"
5810,5811,51, Up       ,5811, R   ,24,"(51, 24)"
5811,5812,51, Up       ,5812, R   ,25,"(51, 25)"
5812,5813,51, Up       ,5813, L   ,24,"(51, 24)"
5813,5814,51, Up       ,5814, L   ,25,"(51, 25)"
5814,5815,51, Up       ,5815, R   ,26,"(51, 26)"
5815,5816,51, Up       ,5816, R   ,27,"(51, 27)"
5816,5817,51, Up       ,5817, L   ,26,"(51, 26)"
5817,5818,51, Up       ,5818, L   ,27,"(51, 27)"
5818,5819,51, Up       ,5819, R   ,31,"(51, 31)"
5819,5820,51, Up       ,5820, L   ,31,"(51, 31)"
5820,5821,51, Up       ,5821, R   ,32,"(51, 32)"
5821,5822,51, Up       ,5822, R   ,33,"(51, 33)"
5822,5823,51, Up       ,5823, L   ,32,"(51, 32)"
5823,5824,51, Up       ,5824, L   ,33,"(51, 33)"
5824,5825,51, Up       ,5825, R   ,34,"(51, 34)"
5825,5826,51, Up       ,5826, R   ,35,"(51, 35)"
5826,5827,51, Up       ,5827, L   ,34,"(51, 34)"
5827,5828,51, Up       ,5828, L   ,35,"(51, 35)"
5828,5829,51, Up       ,5829, R   ,36,"(51, 36)"
5829,5830,51, Up       ,5830, R   ,37,"(51, 37)"
5830,5831,51, Up       ,5831, L   ,36,"(51, 36)"
5831,5832,51, Up       ,5832, L   ,37,"(51, 37)"
5832,5833,51, Up       ,5833, R   ,38,"(51, 38)"
5833,5834,51, Up       ,5834, R   ,39,"(51, 39)"
5834,5835,51, Up       ,5835, L   ,38,"(51, 38)"
5835,5836,51, Up       ,5836, L   ,39,"(51, 39)"
5836,5837,51, Up       ,5837, R   ,40,"(51, 40)"
5837,5838,51, Up       ,5838, R   ,41,"(51, 41)"
5838,5839,51, Up       ,5839, L   ,40,"(51, 40)"
5839,5840,51, Up       ,5840, L   ,41,"(51, 41)"
5840,5841,51, Up       ,5841, R   ,42,"(51, 42)"
5841,5842,51, Up       ,5842, R   ,43,"(51, 43)"
5842,5843,51, Up       ,5843, L   ,42,"(51, 42)"
5843,5844,51, Up       ,5844, L   ,43,"(51, 43)"
5844,5845,51, Up       ,5845, R   ,44,"(51, 44)"
5845,5846,51, Up       ,5846, R   ,45,"(51, 45)"
5846,5847,51, Up       ,5847, L   ,44,"(51, 44)"
5847,5848,51, Up       ,5848, L   ,45,"(51, 45)"
5848,5849,51, Up       ,5849, R   ,46,"(51, 46)"
5849,5850,51, Up       ,5850, R   ,47,"(51, 47)"
5850,5851,51, Up       ,5851, L   ,46,"(51, 46)"
5851,5852,51, Up       ,5852, L   ,47,"(51, 47)"
5852,5853,51, Up       ,5853, R   ,48,"(51, 48)"
5853,5854,51, Up       ,5854, R   ,49,"(51, 49)"
5854,5855,51, Up       ,5855, L   ,48,"(51, 48)"
5855,5856,51, Up       ,5856, L   ,49,"(51, 49)"
5856,5857,51, Up       ,5857, R   ,50,"(51, 50)"
5857,5858,51, Up       ,5858, R   ,51,"(51, 51)"
5858,5859,51, Up       ,5859, L   ,50,"(51, 50)"
5859,5860,51, Up       ,5860, L   ,51,"(51, 51)"
5860,5861,51, Up       ,5861, R   ,52,"(51, 52)"
5861,5862,51, Up       ,5862, R   ,53,"(51, 53)"
5862,5863,51, Up       ,5863, L   ,52,"(51, 52)"
5863,5864,51, Up       ,5864, L   ,53,"(51, 53)"
5864,5865,51, Up       ,5865, R   ,54,"(51, 54)"
5865,5866,51, Up       ,5866, R   ,55,"(51, 55)"
5866,5867,51, Up       ,5867, L   ,54,"(51, 54)"
5867,5868,51, Up       ,5868, L   ,55,"(51, 55)"
5868,5869,51, Up       ,5869, R   ,56,"(51, 56)"
5869,5870,51, Up       ,5870, R   ,57,"(51, 57)"
5870,5871,51, Up       ,5871, L   ,56,"(51, 56)"
5871,5872,51, Up       ,5872, L   ,57,"(51, 57)"
5872,5873,51, Up       ,5873, R   ,58,"(51, 58)"
5873,5874,51, Up       ,5874, R   ,59,"(51, 59)"
5874,5875,51, Up       ,5875, L   ,58,"(51, 58)"
5875,5876,51, Up       ,5876, L   ,59,"(51, 59)"
5876,5877,51, Up       ,5877, R   ,60,"(51, 60)"
5877,5878,51, Up       ,5878, R   ,61,"(51, 61)"
5878,5879,51, Up       ,5879, L   ,60,"(51, 60)"
5879,5880,51, Up       ,5880, L   ,61,"(51, 61)"
5880,5881,52, Down     ,5881, R   ,61,"(52, 61)"
5881,5882,52, Down     ,5882, R   ,60,"(52, 60)"
5882,5883,52, Down     ,5883, L   ,61,"(52, 61)"
5883,5884,52, Down     ,5884, L   ,60,"(52, 60)"
5884,5885,52, Down     ,5885, R   ,59,"(52, 59)"
5885,5886,52, Down     ,5886, R   ,58,"(52, 58)"
5886,5887,52, Down     ,5887, L   ,59,"(52, 59)"
5887,5888,52, Down     ,5888, L   ,58,"(52, 58)"
5888,5889,52, Down     ,5889, R   ,57,"(52, 57)"
5889,5890,52, Down     ,5890, R   ,56,"(52, 56)"
5890,5891,52, Down     ,5891, L   ,57,"(52, 57)"
5891,5892,52, Down     ,5892, L   ,56,"(52, 56)"
5892,5893,52, Down     ,5893, R   ,55,"(52, 55)"
5893,5894,52, Down     ,5894, R   ,54,"(52, 54)"
5894,5895,52, Down     ,5895, L   ,55,"(52, 55)"
5895,5896,52, Down     ,5896, L   ,54,"(52, 54)"
5896,5897,52, Down     ,5897, R   ,53,"(52, 53)"
5897,5898,52, Down     ,5898, R   ,52,"(52, 52)"
5898,5899,52, Down     ,5899, L   ,53,"(52, 53)"
5899,5900,52, Down     ,5900, L   ,52,"(52, 52)"
5900,5901,52, Down     ,5901, R   ,51,"(52, 51)"
5901,5902,52, Down     ,5902, R   ,50,"(52, 50)"
5902,5903,52, Down     ,5903, L   ,51,"(52, 51)"
5903,5904,52, Down     ,5904, L   ,50,"(52, 50)"
5904,5905,52, Down     ,5905, R   ,49,"(52, 49)"
5905,5906,52, Down     ,5906, R   ,48,"(52, 48)"
5906,5907,52, Down     ,5907, L   ,49,"(52, 49)"
5907,5908,52, Down     ,5908, L   ,48,"(52, 48)"
5908,5909,52, Down     ,5909, R   ,47,"(52, 47)"
5909,5910,52, Down     ,5910, R   ,46,"(52, 46)"
5910,5911,52, Down     ,5911, L   ,47,"(52, 47)"
5911,5912,52, Down     ,5912, L   ,46,"(52, 46)"
5912,5913,52, Down     ,5913, R   ,45,"(52, 45)"
5913,5914,52, Down     ,5914, R   ,44,"(52, 44)"
5914,5915,52, Down     ,5915, L   ,45,"(52, 45)"
5915,5916,52, Down     ,5916, L   ,44,"(52, 44)"
5916,5917,52, Down     ,5917, R   ,43,"(52, 43)"
5917,5918,52, Down     ,5918, R   ,42,"(52, 42)"
5918,5919,52, Down     ,5919, L   ,43,"(52, 43)"
5919,5920,52, Down     ,5920, L   ,42,"(52, 42)"
5920,5921,52, Down     ,5921, R   ,41,"(52, 41)"
5921,5922,52, Down     ,5922, R   ,40,"(52, 40)"
5922,5923,52, Down     ,5923, L   ,41,"(52, 41)"
5923,5924,52, Down     ,5924, L   ,40,"(52, 40)"
5924,5925,52, Down     ,5925, R   ,39,"(52, 39)"
5925,5926,52, Down     ,5926, R   ,38,"(52, 38)"
5926,5927,52, Down     ,5927, L   ,39,"(52, 39)"
5927,5928,52, Down     ,5928, L   ,38,"(52, 38)"
5928,5929,52, Down     ,5929, R   ,37,"(52, 37)"
5929,5930,52, Down     ,5930, R   ,36,"(52, 36)"
5930,5931,52, Down     ,5931, L   ,37,"(52, 37)"
5931,5932,52, Down     ,5932, L   ,36,"(52, 36)"
5932,5933,52, Down     ,5933, R   ,35,"(52, 35)"
5933,5934,52, Down     ,5934, R   ,34,"(52, 34)"
5934,5935,52, Down     ,5935, L   ,35,"(52, 35)"
5935,5936,52, Down     ,5936, L   ,34,"(52, 34)"
5936,5937,52, Down     ,5937, R   ,33,"(52, 33)"
5937,5938,52, Down     ,5938, R   ,32,"(52, 32)"
5938,5939,52, Down     ,5939, L   ,33,"(52, 33)"
5939,5940,52, Down     ,5940, L   ,32,"(52, 32)"
5940,5941,52, Down     ,5941, R   ,31,"(52, 31)"
5941,5942,52, Down     ,5942, L   ,31,"(52, 31)"
5942,5943,52, Down     ,5943, R   ,27,"(52, 27)"
5943,5944,52, Down     ,5944, R   ,26,"(52, 26)"
5944,5945,52, Down     ,5945, L   ,27,"(52, 27)"
5945,5946,52, Down     ,5946, L   ,26,"(52, 26)"
5946,5947,52, Down     ,5947, R   ,25,"(52, 25)"
5947,5948,52, Down     ,5948, R   ,24,"(52, 24)"
5948,5949,52, Down     ,5949, L   ,25,"(52, 25)"
5949,5950,52, Down     ,5950, L   ,24,"(52, 24)"
5950,5951,52, Down     ,5951, R   ,23,"(52, 23)"
5951,5952,52, Down     ,5952, R   ,22,"(52, 22)"
5952,5953,52, Down     ,5953, L   ,23,"(52, 23)"
5953,5954,52, Down     ,5954, L   ,22,"(52, 22)"
5954,5955,52, Down     ,5955, R   ,21,"(52, 21)"
5955,5956,52, Down     ,5956, R   ,20,"(52, 20)"
5956,5957,52, Down     ,5957, L   ,21,"(52, 21)"
5957,5958,52, Down     ,5958, L   ,20,"(52, 20)"
5958,5959,52, Down     ,5959, R   ,19,"(52, 19)"
5959,5960,52, Down     ,5960, R   ,18,"(52, 18)"
5960,5961,52, Down     ,5961, L   ,19,"(52, 19)"
5961,5962,52, Down     ,5962, L   ,18,"(52, 18)"
5962,5963,52, Down     ,5963, R   ,17,"(52, 17)"
5963,5964,52, Down     ,5964, R   ,16,"(52, 16)"
5964,5965,52, Down     ,5965, L   ,17,"(52, 17)"
5965,5966,52, Down     ,5966, L   ,16,"(52, 16)"
5966,5967,52, Down     ,5967, R   ,15,"(52, 15)"
5967,5968,52, Down     ,5968, R   ,14,"(52, 14)"
5968,5969,52, Down     ,5969, L   ,15,"(52, 15)"
5969,5970,52, Down     ,5970, L   ,14,"(52, 14)"
5970,5971,52, Down     ,5971, R   ,13,"(52, 13)"
5971,5972,52, Down     ,5972, R   ,12,"(52, 12)"
5972,5973,52, Down     ,5973, L   ,13,"(52, 13)"
5973,5974,52, Down     ,5974, L   ,12,"(52, 12)"
5974,5975,52, Down     ,5975, R   ,11,"(52, 11)"
5975,5976,52, Down     ,5976, R   ,10,"(52, 10)"
5976,5977,52, Down     ,5977, L   ,11,"(52, 11)"
5977,5978,52, Down     ,5978, L   ,10,"(52, 10)"
5978,5979,52, Down     ,5979, R   ,9,"(52, 9)"
5979,5980,52, Down     ,5980, R   ,8,"(52, 8)"
5980,5981,52, Down     ,5981, L   ,9,"(52, 9)"
5981,5982,52, Down     ,5982, L   ,8,"(52, 8)"
5982,5983,52, Down     ,5983, R   ,7,"(52, 7)"
5983,5984,52, Down     ,5984, R   ,6,"(52, 6)"
5984,5985,52, Down     ,5985, L   ,7,"(52, 7)"
5985,5986,52, Down     ,5986, L   ,6,"(52, 6)"
5986,5987,52, Down     ,5987, R   ,5,"(52, 5)"
5987,5988,52, Down     ,5988, R   ,4,"(52, 4)"
5988,5989,52, Down     ,5989, L   ,5,"(52, 5)"
5989,5990,52, Down     ,5990, L   ,4,"(52, 4)"
5990,5991,52, Down     ,5991, R   ,3,"(52, 3)"
5991,5992,52, Down     ,5992, R   ,2,"(52, 2)"
5992,5993,52, Down     ,5993, L   ,3,"(52, 3)"
5993,5994,52, Down     ,5994, L   ,2,"(52, 2)"
5994,5995,53, Up       ,5995, R   ,2,"(53, 2)"
5995,5996,53, Up       ,5996, R   ,3,"(53, 3)"
5996,5997,53, Up       ,5997, L   ,2,"(53, 2)"
5997,5998,53, Up       ,5998, L   ,3,"(53, 3)"
5998,5999,53, Up       ,5999, R   ,4,"(53, 4)"
5999,6000,53, Up       ,6000, R   ,5,"(53, 5)"
6000,6001,53, Up       ,6001, L   ,4,"(53, 4)"
6001,6002,53, Up       ,6002, L   ,5,"(53, 5)"
6002,6003,53, Up       ,6003, R   ,6,"(53, 6)"
6003,6004,53, Up       ,6004, R   ,7,"(53, 7)"
6004,6005,53, Up       ,6005, L   ,6,"(53, 6)"
6005,6006,53, Up       ,6006, L   ,7,"(53, 7)"
6006,6007,53, Up       ,6007, R   ,8,"(53, 8)"
6007,6008,53, Up       ,6008, R   ,9,"(53, 9)"
6008,6009,53, Up       ,6009, L   ,8,"(53, 8)"
6009,6010,53, Up       ,6010, L   ,9,"(53, 9)"
6010,6011,53, Up       ,6011, R   ,11,"(53, 11)"
6011,6012,53, Up       ,6012, L   ,10,"(53, 10)"
6012,6013,53, Up       ,6013, L   ,11,"(53, 11)"
6013,6014,53, Up       ,6014, R   ,12,"(53, 12)"
6014,6015,53, Up       ,6015, R   ,13,"(53, 13)"
6015,6016,53, Up       ,6016, L   ,12,"(53, 12)"
6016,6017,53, Up       ,6017, L   ,13,"(53, 13)"
6017,6018,53, Up       ,6018, R   ,14,"(53, 14)"
6018,6019,53, Up       ,6019, R   ,15,"(53, 15)"
6019,6020,53, Up       ,6020, L   ,14,"(53, 14)"
6020,6021,53, Up       ,6021, L   ,15,"(53, 15)"
6021,6022,53, Up       ,6022, R   ,16,"(53, 16)"
6022,6023,53, Up       ,6023, R   ,17,"(53, 17)"
6023,6024,53, Up       ,6024, L   ,16,"(53, 16)"
6024,6025,53, Up       ,6025, L   ,17,"(53, 17)"
6025,6026,53, Up       ,6026, R   ,18,"(53, 18)"
6026,6027,53, Up       ,6027, R   ,19,"(53, 19)"
6027,6028,53, Up       ,6028, L   ,18,"(53, 18)"
6028,6029,53, Up       ,6029, L   ,19,"(53, 19)"
6029,6030,53, Up       ,6030, R   ,20,"(53, 20)"
6030,6031,53, Up       ,6031, R   ,21,"(53, 21)"
6031,6032,53, Up       ,6032, L   ,20,"(53, 20)"
6032,6033,53, Up       ,6033, L   ,21,"(53, 21)"
6033,6034,53, Up       ,6034, R   ,22,"(53, 22)"
6034,6035,53, Up       ,6035, R   ,23,"(53, 23)"
6035,6036,53, Up       ,6036, L   ,22,"(53, 22)"
6036,6037,53, Up       ,6037, L   ,23,"(53, 23)"
6037,6038,53, Up       ,6038, R   ,24,"(53, 24)"
6038,6039,53, Up       ,6039, R   ,25,"(53, 25)"
6039,6040,53, Up       ,6040, L   ,24,"(53, 24)"
6040,6041,53, Up       ,6041, L   ,25,"(53, 25)"
6041,6042,53, Up       ,6042, R   ,26,"(53, 26)"
6042,6043,53, Up       ,6043, R   ,27,"(53, 27)"
6043,6044,53, Up       ,6044, L   ,26,"(53, 26)"
6044,6045,53, Up       ,6045, L   ,27,"(53, 27)"
6045,6046,53, Up       ,6046, R   ,31,"(53, 31)"
6046,6047,53, Up       ,6047, L   ,31,"(53, 31)"
6047,6048,53, Up       ,6048, R   ,33,"(53, 33)"
6048,6049,53, Up       ,6049, L   ,32,"(53, 32)"
6049,6050,53, Up       ,6050, L   ,33,"(53, 33)"
6050,6051,53, Up       ,6051, R   ,34,"(53, 34)"
6051,6052,53, Up       ,6052, R   ,35,"(53, 35)"
6052,6053,53, Up       ,6053, L   ,34,"(53, 34)"
6053,6054,53, Up       ,6054, L   ,35,"(53, 35)"
6054,6055,53, Up       ,6055, R   ,36,"(53, 36)"
6055,6056,53, Up       ,6056, R   ,37,"(53, 37)"
6056,6057,53, Up       ,6057, L   ,36,"(53, 36)"
6057,6058,53, Up       ,6058, L   ,37,"(53, 37)"
6058,6059,53, Up       ,6059, R   ,38,"(53, 38)"
6059,6060,53, Up       ,6060, R   ,39,"(53, 39)"
6060,6061,53, Up       ,6061, L   ,38,"(53, 38)"
6061,6062,53, Up       ,6062, L   ,39,"(53, 39)"
6062,6063,53, Up       ,6063, R   ,40,"(53, 40)"
6063,6064,53, Up       ,6064, R   ,41,"(53, 41)"
6064,6065,53, Up       ,6065, L   ,40,"(53, 40)"
6065,6066,53, Up       ,6066, L   ,41,"(53, 41)"
6066,6067,53, Up       ,6067, R   ,42,"(53, 42)"
6067,6068,53, Up       ,6068, R   ,43,"(53, 43)"
6068,6069,53, Up       ,6069, L   ,42,"(53, 42)"
6069,6070,53, Up       ,6070, L   ,43,"(53, 43)"
6070,6071,53, Up       ,6071, R   ,44,"(53, 44)"
6071,6072,53, Up       ,6072, R   ,45,"(53, 45)"
6072,6073,53, Up       ,6073, L   ,44,"(53, 44)"
6073,6074,53, Up       ,6074, L   ,45,"(53, 45)"
6074,6075,53, Up       ,6075, R   ,46,"(53, 46)"
6075,6076,53, Up       ,6076, R   ,47,"(53, 47)"
6076,6077,53, Up       ,6077, L   ,46,"(53, 46)"
6077,6078,53, Up       ,6078, L   ,47,"(53, 47)"
6078,6079,53, Up       ,6079, R   ,48,"(53, 48)"
6079,6080,53, Up       ,6080, R   ,49,"(53, 49)"
6080,6081,53, Up       ,6081, L   ,48,"(53, 48)"
6081,6082,53, Up       ,6082, L   ,49,"(53, 49)"
6082,6083,53, Up       ,6083, R   ,50,"(53, 50)"
6083,6084,53, Up       ,6084, R   ,51,"(53, 51)"
6084,6085,53, Up       ,6085, L   ,50,"(53, 50)"
6085,6086,53, Up       ,6086, L   ,51,"(53, 51)"
6086,6087,53, Up       ,6087, R   ,52,"(53, 52)"
6087,6088,53, Up       ,6088, R   ,53,"(53, 53)"
6088,6089,53, Up       ,6089, L   ,52,"(53, 52)"
6089,6090,53, Up       ,6090, L   ,53,"(53, 53)"
6090,6091,53, Up       ,6091, R   ,54,"(53, 54)"
6091,6092,53, Up       ,6092, L   ,54,"(53, 54)"
6092,6093,53, Up       ,6093, L   ,55,"(53, 55)"
6093,6094,53, Up       ,6094, R   ,56,"(53, 56)"
6094,6095,53, Up       ,6095, R   ,57,"(53, 57)"
6095,6096,53, Up       ,6096, L   ,56,"(53, 56)"
6096,6097,53, Up       ,6097, L   ,57,"(53, 57)"
6097,6098,53, Up       ,6098, R   ,58,"(53, 58)"
6098,6099,53, Up       ,6099, R   ,59,"(53, 59)"
6099,6100,53, Up       ,6100, L   ,58,"(53, 58)"
6100,6101,53, Up       ,6101, L   ,59,"(53, 59)"
6101,6102,53, Up       ,6102, R   ,60,"(53, 60)"
6102,6103,53, Up       ,6103, R   ,61,"(53, 61)"
6103,6104,53, Up       ,6104, L   ,60,"(53, 60)"
6104,6105,53, Up       ,6105, L   ,61,"(53, 61)"
6105,6106,54, Down     ,6106, R   ,61,"(54, 61)"
6106,6107,54, Down     ,6107, R   ,60,"(54, 60)"
6107,6108,54, Down     ,6108, L   ,61,"(54, 61)"
6108,6109,54, Down     ,6109, L   ,60,"(54, 60)"
6109,6110,54, Down     ,6110, R   ,59,"(54, 59)"
6110,6111,54, Down     ,6111, R   ,58,"(54, 58)"
6111,6112,54, Down     ,6112, L   ,59,"(54, 59)"
6112,6113,54, Down     ,6113, L   ,58,"(54, 58)"
6113,6114,54, Down     ,6114, R   ,57,"(54, 57)"
6114,6115,54, Down     ,6115, R   ,56,"(54, 56)"
6115,6116,54, Down     ,6116, L   ,57,"(54, 57)"
6116,6117,54, Down     ,6117, L   ,56,"(54, 56)"
6117,6118,54, Down     ,6118, R   ,55,"(54, 55)"
6118,6119,54, Down     ,6119, R   ,54,"(54, 54)"
6119,6120,54, Down     ,6120, L   ,55,"(54, 55)"
6120,6121,54, Down     ,6121, L   ,54,"(54, 54)"
6121,6122,54, Down     ,6122, R   ,53,"(54, 53)"
6122,6123,54, Down     ,6123, R   ,52,"(54, 52)"
6123,6124,54, Down     ,6124, L   ,53,"(54, 53)"
6124,6125,54, Down     ,6125, L   ,52,"(54, 52)"
6125,6126,54, Down     ,6126, R   ,51,"(54, 51)"
6126,6127,54, Down     ,6127, R   ,50,"(54, 50)"
6127,6128,54, Down     ,6128, L   ,51,"(54, 51)"
6128,6129,54, Down     ,6129, L   ,50,"(54, 50)"
6129,6130,54, Down     ,6130, R   ,49,"(54, 49)"
6130,6131,54, Down     ,6131, R   ,48,"(54, 48)"
6131,6132,54, Down     ,6132, L   ,49,"(54, 49)"
6132,6133,54, Down     ,6133, L   ,48,"(54, 48)"
6133,6134,54, Down     ,6134, R   ,47,"(54, 47)"
6134,6135,54, Down     ,6135, R   ,46,"(54, 46)"
6135,6136,54, Down     ,6136, L   ,47,"(54, 47)"
6136,6137,54, Down     ,6137, L   ,46,"(54, 46)"
6137,6138,54, Down     ,6138, R   ,45,"(54, 45)"
6138,6139,54, Down     ,6139, R   ,44,"(54, 44)"
6139,6140,54, Down     ,6140, L   ,45,"(54, 45)"
6140,6141,54, Down     ,6141, L   ,44,"(54, 44)"
6141,6142,54, Down     ,6142, R   ,43,"(54, 43)"
6142,6143,54, Down     ,6143, R   ,42,"(54, 42)"
6143,6144,54, Down     ,6144, L   ,43,"(54, 43)"
6144,6145,54, Down     ,6145, L   ,42,"(54, 42)"
6145,6146,54, Down     ,6146, R   ,41,"(54, 41)"
6146,6147,54, Down     ,6147, R   ,40,"(54, 40)"
6147,6148,54, Down     ,6148, L   ,41,"(54, 41)"
6148,6149,54, Down     ,6149, L   ,40,"(54, 40)"
6149,6150,54, Down     ,6150, R   ,39,"(54, 39)"
6150,6151,54, Down     ,6151, R   ,38,"(54, 38)"
6151,6152,54, Down     ,6152, L   ,39,"(54, 39)"
6152,6153,54, Down     ,6153, L   ,38,"(54, 38)"
6153,6154,54, Down     ,6154, R   ,37,"(54, 37)"
6154,6155,54, Down     ,6155, R   ,36,"(54, 36)"
6155,6156,54, Down     ,6156, L   ,37,"(54, 37)"
6156,6157,54, Down     ,6157, L   ,36,"(54, 36)"
6157,6158,54, Down     ,6158, R   ,35,"(54, 35)"
6158,6159,54, Down     ,6159, R   ,34,"(54, 34)"
6159,6160,54, Down     ,6160, L   ,35,"(54, 35)"
6160,6161,54, Down     ,6161, L   ,34,"(54, 34)"
6161,6162,54, Down     ,6162, R   ,33,"(54, 33)"
6162,6163,54, Down     ,6163, R   ,32,"(54, 32)"
6163,6164,54, Down     ,6164, L   ,33,"(54, 33)"
6164,6165,54, Down     ,6165, L   ,32,"(54, 32)"
6165,6166,54, Down     ,6166, R   ,31,"(54, 31)"
6166,6167,54, Down     ,6167, L   ,31,"(54, 31)"
6167,6168,54, Down     ,6168, R   ,27,"(54, 27)"
6168,6169,54, Down     ,6169, R   ,26,"(54, 26)"
6169,6170,54, Down     ,6170, L   ,27,"(54, 27)"
6170,6171,54, Down     ,6171, L   ,26,"(54, 26)"
6171,6172,54, Down     ,6172, R   ,25,"(54, 25)"
6172,6173,54, Down     ,6173, R   ,24,"(54, 24)"
6173,6174,54, Down     ,6174, L   ,25,"(54, 25)"
6174,6175,54, Down     ,6175, L   ,24,"(54, 24)"
6175,6176,54, Down     ,6176, R   ,23,"(54, 23)"
6176,6177,54, Down     ,6177, R   ,22,"(54, 22)"
6177,6178,54, Down     ,6178, L   ,23,"(54, 23)"
6178,6179,54, Down     ,6179, L   ,22,"(54, 22)"
6179,6180,54, Down     ,6180, R   ,21,"(54, 21)"
6180,6181,54, Down     ,6181, R   ,20,"(54, 20)"
6181,6182,54, Down     ,6182, L   ,21,"(54, 21)"
6182,6183,54, Down     ,6183, L   ,20,"(54, 20)"
6183,6184,54, Down     ,6184, R   ,19,"(54, 19)"
6184,6185,54, Down     ,6185, R   ,18,"(54, 18)"
6185,6186,54, Down     ,6186, L   ,19,"(54, 19)"
6186,6187,54, Down     ,6187, L   ,18,"(54, 18)"
6187,6188,54, Down     ,6188, R   ,17,"(54, 17)"
6188,6189,54, Down     ,6189, R   ,16,"(54, 16)"
6189,6190,54, Down     ,6190, L   ,17,"(54, 17)"
6190,6191,54, Down     ,6191, L   ,16,"(54, 16)"
6191,6192,54, Down     ,6192, R   ,15,"(54, 15)"
6192,6193,54, Down     ,6193, R   ,14,"(54, 14)"
6193,6194,54, Down     ,6194, L   ,15,"(54, 15)"
6194,6195,54, Down     ,6195, L   ,14,"(54, 14)"
6195,6196,54, Down     ,6196, R   ,13,"(54, 13)"
6196,6197,54, Down     ,6197, R   ,12,"(54, 12)"
6197,6198,54, Down     ,6198, L   ,13,"(54, 13)"
6198,6199,54, Down     ,6199, L   ,12,"(54, 12)"
6199,6200,54, Down     ,6200, R   ,11,"(54, 11)"
6200,6201,54, Down     ,6201, R   ,10,"(54, 10)"
6201,6202,54, Down     ,6202, L   ,11,"(54, 11)"
6202,6203,54, Down     ,6203, L   ,10,"(54, 10)"
6203,6204,54, Down     ,6204, R   ,9,"(54, 9)"
6204,6205,54, Down     ,6205, R   ,8,"(54, 8)"
6205,6206,54, Down     ,6206, L   ,9,"(54, 9)"
6206,6207,54, Down     ,6207, L   ,8,"(54, 8)"
6207,6208,54, Down     ,6208, R   ,7,"(54, 7)"
6208,6209,54, Down     ,6209, R   ,6,"(54, 6)"
6209,6210,54, Down     ,6210, L   ,7,"(54, 7)"
6210,6211,54, Down     ,6211, L   ,6,"(54, 6)"
6211,6212,54, Down     ,6212, R   ,5,"(54, 5)"
6212,6213,54, Down     ,6213, R   ,4,"(54, 4)"
6213,6214,54, Down     ,6214, L   ,5,"(54, 5)"
6214,6215,54, Down     ,6215, L   ,4,"(54, 4)"
6215,6216,54, Down     ,6216, R   ,3,"(54, 3)"
6216,6217,54, Down     ,6217, R   ,2,"(54, 2)"
6217,6218,54, Down     ,6218, L   ,3,"(54, 3)"
6218,6219,54, Down     ,6219, L   ,2,"(54, 2)"
6219,6220,55, Up       ,6220, R   ,2,"(55, 2)"
6220,6221,55, Up       ,6221, R   ,3,"(55, 3)"
6221,6222,55, Up       ,6222, L   ,2,"(55, 2)"
6222,6223,55, Up       ,6223, L   ,3,"(55, 3)"
6223,6224,55, Up       ,6224, R   ,4,"(55, 4)"
6224,6225,55, Up       ,6225, R   ,5,"(55, 5)"
6225,6226,55, Up       ,6226, L   ,4,"(55, 4)"
6226,6227,55, Up       ,6227, L   ,5,"(55, 5)"
6227,6228,55, Up       ,6228, R   ,6,"(55, 6)"
6228,6229,55, Up       ,6229, R   ,7,"(55, 7)"
6229,6230,55, Up       ,6230, L   ,6,"(55, 6)"
6230,6231,55, Up       ,6231, L   ,7,"(55, 7)"
6231,6232,55, Up       ,6232, R   ,8,"(55, 8)"
6232,6233,55, Up       ,6233, R   ,9,"(55, 9)"
6233,6234,55, Up       ,6234, L   ,8,"(55, 8)"
6234,6235,55, Up       ,6235, L   ,9,"(55, 9)"
6235,6236,55, Up       ,6236, R   ,10,"(55, 10)"
6236,6237,55, Up       ,6237, R   ,11,"(55, 11)"
6237,6238,55, Up       ,6238, L   ,10,"(55, 10)"
6238,6239,55, Up       ,6239, L   ,11,"(55, 11)"
6239,6240,55, Up       ,6240, R   ,12,"(55, 12)"
6240,6241,55, Up       ,6241, R   ,13,"(55, 13)"
6241,6242,55, Up       ,6242, L   ,12,"(55, 12)"
6242,6243,55, Up       ,6243, L   ,13,"(55, 13)"
6243,6244,55, Up       ,6244, R   ,14,"(55, 14)"
6244,6245,55, Up       ,6245, R   ,15,"(55, 15)"
6245,6246,55, Up       ,6246, L   ,14,"(55, 14)"
6246,6247,55, Up       ,6247, L   ,15,"(55, 15)"
6247,6248,55, Up       ,6248, R   ,16,"(55, 16)"
6248,6249,55, Up       ,6249, R   ,17,"(55, 17)"
6249,6250,55, Up       ,6250, L   ,16,"(55, 16)"
6250,6251,55, Up       ,6251, L   ,17,"(55, 17)"
6251,6252,55, Up       ,6252, R   ,18,"(55, 18)"
6252,6253,55, Up       ,6253, R   ,19,"(55, 19)"
6253,6254,55, Up       ,6254, L   ,18,"(55, 18)"
6254,6255,55, Up       ,6255, L   ,19,"(55, 19)"
6255,6256,55, Up       ,6256, R   ,20,"(55, 20)"
6256,6257,55, Up       ,6257, R   ,21,"(55, 21)"
6257,6258,55, Up       ,6258, L   ,20,"(55, 20)"
6258,6259,55, Up       ,6259, L   ,21,"(55, 21)"
6259,6260,55, Up       ,6260, R   ,22,"(55, 22)"
6260,6261,55, Up       ,6261, R   ,23,"(55, 23)"
6261,6262,55, Up       ,6262, L   ,22,"(55, 22)"
6262,6263,55, Up       ,6263, L   ,23,"(55, 23)"
6263,6264,55, Up       ,6264, R   ,24,"(55, 24)"
6264,6265,55, Up       ,6265, R   ,25,"(55, 25)"
6265,6266,55, Up       ,6266, L   ,24,"(55, 24)"
6266,6267,55, Up       ,6267, L   ,25,"(55, 25)"
6267,6268,55, Up       ,6268, R   ,26,"(55, 26)"
6268,6269,55, Up       ,6269, R   ,27,"(55, 27)"
6269,6270,55, Up       ,6270, L   ,26,"(55, 26)"
6270,6271,55, Up       ,6271, L   ,27,"(55, 27)"
6271,6272,55, Up       ,6272, R   ,31,"(55, 31)"
6272,6273,55, Up       ,6273, L   ,31,"(55, 31)"
6273,6274,55, Up       ,6274, R   ,32,"(55, 32)"
6274,6275,55, Up       ,6275, R   ,33,"(55, 33)"
6275,6276,55, Up       ,6276, L   ,32,"(55, 32)"
6276,6277,55, Up       ,6277, L   ,33,"(55, 33)"
6277,6278,55, Up       ,6278, R   ,34,"(55, 34)"
6278,6279,55, Up       ,6279, R   ,35,"(55, 35)"
6279,6280,55, Up       ,6280, L   ,34,"(55, 34)"
6280,6281,55, Up       ,6281, L   ,35,"(55, 35)"
6281,6282,55, Up       ,6282, R   ,36,"(55, 36)"
6282,6283,55, Up       ,6283, R   ,37,"(55, 37)"
6283,6284,55, Up       ,6284, L   ,36,"(55, 36)"
6284,6285,55, Up       ,6285, L   ,37,"(55, 37)"
6285,6286,55, Up       ,6286, R   ,38,"(55, 38)"
6286,6287,55, Up       ,6287, R   ,39,"(55, 39)"
6287,6288,55, Up       ,6288, L   ,38,"(55, 38)"
6288,6289,55, Up       ,6289, L   ,39,"(55, 39)"
6289,6290,55, Up       ,6290, R   ,40,"(55, 40)"
6290,6291,55, Up       ,6291, R   ,41,"(55, 41)"
6291,6292,55, Up       ,6292, L   ,40,"(55, 40)"
6292,6293,55, Up       ,6293, L   ,41,"(55, 41)"
6293,6294,55, Up       ,6294, R   ,42,"(55, 42)"
6294,6295,55, Up       ,6295, R   ,43,"(55, 43)"
6295,6296,55, Up       ,6296, L   ,42,"(55, 42)"
6296,6297,55, Up       ,6297, L   ,43,"(55, 43)"
6297,6298,55, Up       ,6298, R   ,44,"(55, 44)"
6298,6299,55, Up       ,6299, R   ,45,"(55, 45)"
6299,6300,55, Up       ,6300, L   ,44,"(55, 44)"
6300,6301,55, Up       ,6301, L   ,45,"(55, 45)"
6301,6302,55, Up       ,6302, R   ,46,"(55, 46)"
6302,6303,55, Up       ,6303, R   ,47,"(55, 47)"
6303,6304,55, Up       ,6304, L   ,46,"(55, 46)"
6304,6305,55, Up       ,6305, L   ,47,"(55, 47)"
6305,6306,55, Up       ,6306, R   ,48,"(55, 48)"
6306,6307,55, Up       ,6307, R   ,49,"(55, 49)"
6307,6308,55, Up       ,6308, L   ,48,"(55, 48)"
6308,6309,55, Up       ,6309, L   ,49,"(55, 49)"
6309,6310,55, Up       ,6310, R   ,50,"(55, 50)"
6310,6311,55, Up       ,6311, R   ,51,"(55, 51)"
6311,6312,55, Up       ,6312, L   ,50,"(55, 50)"
6312,6313,55, Up       ,6313, L   ,51,"(55, 51)"
6313,6314,55, Up       ,6314, R   ,52,"(55, 52)"
6314,6315,55, Up       ,6315, R   ,53,"(55, 53)"
6315,6316,55, Up       ,6316, L   ,52,"(55, 52)"
6316,6317,55, Up       ,6317, L   ,53,"(55, 53)"
6317,6318,55, Up       ,6318, R   ,54,"(55, 54)"
6318,6319,55, Up       ,6319, R   ,55,"(55, 55)"
6319,6320,55, Up       ,6320, L   ,54,"(55, 54)"
6320,6321,55, Up       ,6321, L   ,55,"(55, 55)"
6321,6322,55, Up       ,6322, R   ,56,"(55, 56)"
6322,6323,55, Up       ,6323, R   ,57,"(55, 57)"
6323,6324,55, Up       ,6324, L   ,56,"(55, 56)"
6324,6325,55, Up       ,6325, L   ,57,"(55, 57)"
6325,6326,55, Up       ,6326, R   ,58,"(55, 58)"
6326,6327,55, Up       ,6327, R   ,59,"(55, 59)"
6327,6328,55, Up       ,6328, L   ,58,"(55, 58)"
6328,6329,55, Up       ,6329, L   ,59,"(55, 59)"
6329,6330,55, Up       ,6330, R   ,60,"(55, 60)"
6330,6331,55, Up       ,6331, R   ,61,"(55, 61)"
6331,6332,55, Up       ,6332, L   ,60,"(55, 60)"
6332,6333,55, Up       ,6333, L   ,61,"(55, 61)"
6333,6334,56, Down     ,6334, R   ,61,"(56, 61)"
6334,6335,56, Down     ,6335, R   ,60,"(56, 60)"
6335,6336,56, Down     ,6336, L   ,61,"(56, 61)"
6336,6337,56, Down     ,6337, L   ,60,"(56, 60)"
6337,6338,56, Down     ,6338, R   ,59,"(56, 59)"
6338,6339,56, Down     ,6339, R   ,58,"(56, 58)"
6339,6340,56, Down     ,6340, L   ,59,"(56, 59)"
6340,6341,56, Down     ,6341, L   ,58,"(56, 58)"
6341,6342,56, Down     ,6342, R   ,57,"(56, 57)"
6342,6343,56, Down     ,6343, R   ,56,"(56, 56)"
6343,6344,56, Down     ,6344, L   ,57,"(56, 57)"
6344,6345,56, Down     ,6345, L   ,56,"(56, 56)"
6345,6346,56, Down     ,6346, R   ,55,"(56, 55)"
6346,6347,56, Down     ,6347, R   ,54,"(56, 54)"
6347,6348,56, Down     ,6348, L   ,54,"(56, 54)"
6348,6349,56, Down     ,6349, R   ,53,"(56, 53)"
6349,6350,56, Down     ,6350, R   ,52,"(56, 52)"
6350,6351,56, Down     ,6351, L   ,53,"(56, 53)"
6351,6352,56, Down     ,6352, L   ,52,"(56, 52)"
6352,6353,56, Down     ,6353, R   ,51,"(56, 51)"
6353,6354,56, Down     ,6354, R   ,50,"(56, 50)"
6354,6355,56, Down     ,6355, L   ,51,"(56, 51)"
6355,6356,56, Down     ,6356, L   ,50,"(56, 50)"
6356,6357,56, Down     ,6357, R   ,49,"(56, 49)"
6357,6358,56, Down     ,6358, R   ,48,"(56, 48)"
6358,6359,56, Down     ,6359, L   ,49,"(56, 49)"
6359,6360,56, Down     ,6360, L   ,48,"(56, 48)"
6360,6361,56, Down     ,6361, R   ,47,"(56, 47)"
6361,6362,56, Down     ,6362, R   ,46,"(56, 46)"
6362,6363,56, Down     ,6363, L   ,47,"(56, 47)"
6363,6364,56, Down     ,6364, L   ,46,"(56, 46)"
6364,6365,56, Down     ,6365, R   ,45,"(56, 45)"
6365,6366,56, Down     ,6366, R   ,44,"(56, 44)"
6366,6367,56, Down     ,6367, L   ,45,"(56, 45)"
6367,6368,56, Down     ,6368, L   ,44,"(56, 44)"
6368,6369,56, Down     ,6369, R   ,43,"(56, 43)"
6369,6370,56, Down     ,6370, R   ,42,"(56, 42)"
6370,6371,56, Down     ,6371, L   ,43,"(56, 43)"
6371,6372,56, Down     ,6372, L   ,42,"(56, 42)"
6372,6373,56, Down     ,6373, R   ,41,"(56, 41)"
6373,6374,56, Down     ,6374, R   ,40,"(56, 40)"
6374,6375,56, Down     ,6375, L   ,41,"(56, 41)"
6375,6376,56, Down     ,6376, L   ,40,"(56, 40)"
6376,6377,56, Down     ,6377, R   ,39,"(56, 39)"
6377,6378,56, Down     ,6378, R   ,38,"(56, 38)"
6378,6379,56, Down     ,6379, L   ,39,"(56, 39)"
6379,6380,56, Down     ,6380, L   ,38,"(56, 38)"
6380,6381,56, Down     ,6381, R   ,37,"(56, 37)"
6381,6382,56, Down     ,6382, R   ,36,"(56, 36)"
6382,6383,56, Down     ,6383, L   ,37,"(56, 37)"
6383,6384,56, Down     ,6384, L   ,36,"(56, 36)"
6384,6385,56, Down     ,6385, R   ,35,"(56, 35)"
6385,6386,56, Down     ,6386, R   ,34,"(56, 34)"
6386,6387,56, Down     ,6387, L   ,35,"(56, 35)"
6387,6388,56, Down     ,6388, L   ,34,"(56, 34)"
6388,6389,56, Down     ,6389, R   ,33,"(56, 33)"
6389,6390,56, Down     ,6390, R   ,32,"(56, 32)"
6390,6391,56, Down     ,6391, L   ,33,"(56, 33)"
6391,6392,56, Down     ,6392, R   ,31,"(56, 31)"
6392,6393,56, Down     ,6393, L   ,31,"(56, 31)"
6393,6394,56, Down     ,6394, R   ,27,"(56, 27)"
6394,6395,56, Down     ,6395, R   ,26,"(56, 26)"
6395,6396,56, Down     ,6396, L   ,27,"(56, 27)"
6396,6397,56, Down     ,6397, L   ,26,"(56, 26)"
6397,6398,56, Down     ,6398, R   ,25,"(56, 25)"
6398,6399,56, Down     ,6399, R   ,24,"(56, 24)"
6399,6400,56, Down     ,6400, L   ,25,"(56, 25)"
6400,6401,56, Down     ,6401, L   ,24,"(56, 24)"
6401,6402,56, Down     ,6402, R   ,23,"(56, 23)"
6402,6403,56, Down     ,6403, R   ,22,"(56, 22)"
6403,6404,56, Down     ,6404, L   ,23,"(56, 23)"
6404,6405,56, Down     ,6405, L   ,22,"(56, 22)"
6405,6406,56, Down     ,6406, R   ,21,"(56, 21)"
6406,6407,56, Down     ,6407, R   ,20,"(56, 20)"
6407,6408,56, Down     ,6408, L   ,21,"(56, 21)"
6408,6409,56, Down     ,6409, L   ,20,"(56, 20)"
6409,6410,56, Down     ,6410, R   ,19,"(56, 19)"
6410,6411,56, Down     ,6411, R   ,18,"(56, 18)"
6411,6412,56, Down     ,6412, L   ,19,"(56, 19)"
6412,6413,56, Down     ,6413, L   ,18,"(56, 18)"
6413,6414,56, Down     ,6414, R   ,17,"(56, 17)"
6414,6415,56, Down     ,6415, R   ,16,"(56, 16)"
6415,6416,56, Down     ,6416, L   ,17,"(56, 17)"
6416,6417,56, Down     ,6417, L   ,16,"(56, 16)"
6417,6418,56, Down     ,6418, R   ,15,"(56, 15)"
6418,6419,56, Down     ,6419, R   ,14,"(56, 14)"
6419,6420,56, Down     ,6420, L   ,15,"(56, 15)"
6420,6421,56, Down     ,6421, L   ,14,"(56, 14)"
6421,6422,56, Down     ,6422, R   ,13,"(56, 13)"
6422,6423,56, Down     ,6423, R   ,12,"(56, 12)"
6423,6424,56, Down     ,6424, L   ,13,"(56, 13)"
6424,6425,56, Down     ,6425, L   ,12,"(56, 12)"
6425,6426,56, Down     ,6426, R   ,11,"(56, 11)"
6426,6427,56, Down     ,6427, R   ,10,"(56, 10)"
6427,6428,56, Down     ,6428, L   ,11,"(56, 11)"
6428,6429,56, Down     ,6429, R   ,9,"(56, 9)"
6429,6430,56, Down     ,6430, R   ,8,"(56, 8)"
6430,6431,56, Down     ,6431, L   ,9,"(56, 9)"
6431,6432,56, Down     ,6432, L   ,8,"(56, 8)"
6432,6433,56, Down     ,6433, R   ,7,"(56, 7)"
6433,6434,56, Down     ,6434, R   ,6,"(56, 6)"
6434,6435,56, Down     ,6435, L   ,7,"(56, 7)"
6435,6436,56, Down     ,6436, L   ,6,"(56, 6)"
6436,6437,56, Down     ,6437, R   ,5,"(56, 5)"
6437,6438,56, Down     ,6438, R   ,4,"(56, 4)"
6438,6439,56, Down     ,6439, L   ,5,"(56, 5)"
6439,6440,56, Down     ,6440, L   ,4,"(56, 4)"
6440,6441,56, Down     ,6441, R   ,3,"(56, 3)"
6441,6442,56, Down     ,6442, R   ,2,"(56, 2)"
6442,6443,56, Down     ,6443, L   ,3,"(56, 3)"
6443,6444,56, Down     ,6444, L   ,2,"(56, 2)"
6444,6445,57, Up       ,6445, R   ,2,"(57, 2)"
6445,6446,57, Up       ,6446, R   ,3,"(57, 3)"
6446,6447,57, Up       ,6447, L   ,2,"(57, 2)"
6447,6448,57, Up       ,6448, L   ,3,"(57, 3)"
6448,6449,57, Up       ,6449, R   ,4,"(57, 4)"
6449,6450,57, Up       ,6450, R   ,5,"(57, 5)"
6450,6451,57, Up       ,6451, L   ,4,"(57, 4)"
6451,6452,57, Up       ,6452, L   ,5,"(57, 5)"
6452,6453,57, Up       ,6453, R   ,6,"(57, 6)"
6453,6454,57, Up       ,6454, R   ,7,"(57, 7)"
6454,6455,57, Up       ,6455, L   ,6,"(57, 6)"
6455,6456,57, Up       ,6456, L   ,7,"(57, 7)"
6456,6457,57, Up       ,6457, R   ,8,"(57, 8)"
6457,6458,57, Up       ,6458, R   ,9,"(57, 9)"
6458,6459,57, Up       ,6459, L   ,8,"(57, 8)"
6459,6460,57, Up       ,6460, L   ,9,"(57, 9)"
6460,6461,57, Up       ,6461, R   ,10,"(57, 10)"
6461,6462,57, Up       ,6462, R   ,11,"(57, 11)"
6462,6463,57, Up       ,6463, L   ,10,"(57, 10)"
6463,6464,57, Up       ,6464, L   ,11,"(57, 11)"
6464,6465,57, Up       ,6465, R   ,12,"(57, 12)"
6465,6466,57, Up       ,6466, R   ,13,"(57, 13)"
6466,6467,57, Up       ,6467, L   ,12,"(57, 12)"
6467,6468,57, Up       ,6468, L   ,13,"(57, 13)"
6468,6469,57, Up       ,6469, R   ,14,"(57, 14)"
6469,6470,57, Up       ,6470, R   ,15,"(57, 15)"
6470,6471,57, Up       ,6471, L   ,14,"(57, 14)"
6471,6472,57, Up       ,6472, L   ,15,"(57, 15)"
6472,6473,57, Up       ,6473, R   ,16,"(57, 16)"
6473,6474,57, Up       ,6474, R   ,17,"(57, 17)"
6474,6475,57, Up       ,6475, L   ,16,"(57, 16)"
6475,6476,57, Up       ,6476, L   ,17,"(57, 17)"
6476,6477,57, Up       ,6477, R   ,18,"(57, 18)"
6477,6478,57, Up       ,6478, R   ,19,"(57, 19)"
6478,6479,57, Up       ,6479, L   ,18,"(57, 18)"
6479,6480,57, Up       ,6480, L   ,19,"(57, 19)"
6480,6481,57, Up       ,6481, R   ,20,"(57, 20)"
6481,6482,57, Up       ,6482, R   ,21,"(57, 21)"
6482,6483,57, Up       ,6483, L   ,20,"(57, 20)"
6483,6484,57, Up       ,6484, L   ,21,"(57, 21)"
6484,6485,57, Up       ,6485, R   ,22,"(57, 22)"
6485,6486,57, Up       ,6486, R   ,23,"(57, 23)"
6486,6487,57, Up       ,6487, L   ,22,"(57, 22)"
6487,6488,57, Up       ,6488, L   ,23,"(57, 23)"
6488,6489,57, Up       ,6489, R   ,24,"(57, 24)"
6489,6490,57, Up       ,6490, R   ,25,"(57, 25)"
6490,6491,57, Up       ,6491, L   ,24,"(57, 24)"
6491,6492,57, Up       ,6492, L   ,25,"(57, 25)"
6492,6493,57, Up       ,6493, R   ,26,"(57, 26)"
6493,6494,57, Up       ,6494, R   ,27,"(57, 27)"
6494,6495,57, Up       ,6495, L   ,26,"(57, 26)"
6495,6496,57, Up       ,6496, L   ,27,"(57, 27)"
6496,6497,57, Up       ,6497, R   ,31,"(57, 31)"
6497,6498,57, Up       ,6498, L   ,31,"(57, 31)"
6498,6499,57, Up       ,6499, R   ,32,"(57, 32)"
6499,6500,57, Up       ,6500, R   ,33,"(57, 33)"
6500,6501,57, Up       ,6501, L   ,32,"(57, 32)"
6501,6502,57, Up       ,6502, L   ,33,"(57, 33)"
6502,6503,57, Up       ,6503, R   ,34,"(57, 34)"
6503,6504,57, Up       ,6504, R   ,35,"(57, 35)"
6504,6505,57, Up       ,6505, L   ,34,"(57, 34)"
6505,6506,57, Up       ,6506, L   ,35,"(57, 35)"
6506,6507,57, Up       ,6507, R   ,36,"(57, 36)"
6507,6508,57, Up       ,6508, R   ,37,"(57, 37)"
6508,6509,57, Up       ,6509, L   ,36,"(57, 36)"
6509,6510,57, Up       ,6510, L   ,37,"(57, 37)"
6510,6511,57, Up       ,6511, R   ,38,"(57, 38)"
6511,6512,57, Up       ,6512, R   ,39,"(57, 39)"
6512,6513,57, Up       ,6513, L   ,38,"(57, 38)"
6513,6514,57, Up       ,6514, L   ,39,"(57, 39)"
6514,6515,57, Up       ,6515, R   ,40,"(57, 40)"
6515,6516,57, Up       ,6516, R   ,41,"(57, 41)"
6516,6517,57, Up       ,6517, L   ,40,"(57, 40)"
6517,6518,57, Up       ,6518, L   ,41,"(57, 41)"
6518,6519,57, Up       ,6519, R   ,42,"(57, 42)"
6519,6520,57, Up       ,6520, R   ,43,"(57, 43)"
6520,6521,57, Up       ,6521, L   ,42,"(57, 42)"
6521,6522,57, Up       ,6522, L   ,43,"(57, 43)"
6522,6523,57, Up       ,6523, R   ,44,"(57, 44)"
6523,6524,57, Up       ,6524, R   ,45,"(57, 45)"
6524,6525,57, Up       ,6525, L   ,44,"(57, 44)"
6525,6526,57, Up       ,6526, L   ,45,"(57, 45)"
6526,6527,57, Up       ,6527, R   ,46,"(57, 46)"
6527,6528,57, Up       ,6528, R   ,47,"(57, 47)"
6528,6529,57, Up       ,6529, L   ,46,"(57, 46)"
6529,6530,57, Up       ,6530, L   ,47,"(57, 47)"
6530,6531,57, Up       ,6531, R   ,48,"(57, 48)"
6531,6532,57, Up       ,6532, R   ,49,"(57, 49)"
6532,6533,57, Up       ,6533, L   ,48,"(57, 48)"
6533,6534,57, Up       ,6534, L   ,49,"(57, 49)"
6534,6535,57, Up       ,6535, R   ,50,"(57, 50)"
6535,6536,57, Up       ,6536, R   ,51,"(57, 51)"
6536,6537,57, Up       ,6537, L   ,50,"(57, 50)"
6537,6538,57, Up       ,6538, L   ,51,"(57, 51)"
6538,6539,57, Up       ,6539, R   ,52,"(57, 52)"
6539,6540,57, Up       ,6540, R   ,53,"(57, 53)"
6540,6541,57, Up       ,6541, L   ,52,"(57, 52)"
6541,6542,57, Up       ,6542, L   ,53,"(57, 53)"
6542,6543,57, Up       ,6543, R   ,54,"(57, 54)"
6543,6544,57, Up       ,6544, R   ,55,"(57, 55)"
6544,6545,57, Up       ,6545, L   ,54,"(57, 54)"
6545,6546,57, Up       ,6546, L   ,55,"(57, 55)"
6546,6547,57, Up       ,6547, R   ,56,"(57, 56)"
6547,6548,57, Up       ,6548, R   ,57,"(57, 57)"
6548,6549,57, Up       ,6549, L   ,56,"(57, 56)"
6549,6550,57, Up       ,6550, L   ,57,"(57, 57)"
6550,6551,57, Up       ,6551, R   ,58,"(57, 58)"
6551,6552,57, Up       ,6552, R   ,59,"(57, 59)"
6552,6553,57, Up       ,6553, L   ,58,"(57, 58)"
6553,6554,57, Up       ,6554, L   ,59,"(57, 59)"
6554,6555,57, Up       ,6555, R   ,60,"(57, 60)"
6555,6556,57, Up       ,6556, R   ,61,"(57, 61)"
6556,6557,57, Up       ,6557, L   ,60,"(57, 60)"
6557,6558,57, Up       ,6558, L   ,61,"(57, 61)"
6558,6559,58, Down     ,6559, R   ,61,"(58, 61)"
6559,6560,58, Down     ,6560, R   ,60,"(58, 60)"
6560,6561,58, Down     ,6561, L   ,61,"(58, 61)"
6561,6562,58, Down     ,6562, L   ,60,"(58, 60)"
6562,6563,58, Down     ,6563, R   ,59,"(58, 59)"
6563,6564,58, Down     ,6564, R   ,58,"(58, 58)"
6564,6565,58, Down     ,6565, L   ,59,"(58, 59)"
6565,6566,58, Down     ,6566, L   ,58,"(58, 58)"
6566,6567,58, Down     ,6567, R   ,57,"(58, 57)"
6567,6568,58, Down     ,6568, R   ,56,"(58, 56)"
6568,6569,58, Down     ,6569, L   ,57,"(58, 57)"
6569,6570,58, Down     ,6570, L   ,56,"(58, 56)"
6570,6571,58, Down     ,6571, R   ,55,"(58, 55)"
6571,6572,58, Down     ,6572, R   ,54,"(58, 54)"
6572,6573,58, Down     ,6573, L   ,55,"(58, 55)"
6573,6574,58, Down     ,6574, L   ,54,"(58, 54)"
6574,6575,58, Down     ,6575, R   ,53,"(58, 53)"
6575,6576,58, Down     ,6576, R   ,52,"(58, 52)"
6576,6577,58, Down     ,6577, L   ,53,"(58, 53)"
6577,6578,58, Down     ,6578, L   ,52,"(58, 52)"
6578,6579,58, Down     ,6579, R   ,51,"(58, 51)"
6579,6580,58, Down     ,6580, R   ,50,"(58, 50)"
6580,6581,58, Down     ,6581, L   ,51,"(58, 51)"
6581,6582,58, Down     ,6582, L   ,50,"(58, 50)"
6582,6583,58, Down     ,6583, R   ,49,"(58, 49)"
6583,6584,58, Down     ,6584, R   ,48,"(58, 48)"
6584,6585,58, Down     ,6585, L   ,49,"(58, 49)"
6585,6586,58, Down     ,6586, L   ,48,"(58, 48)"
6586,6587,58, Down     ,6587, R   ,47,"(58, 47)"
6587,6588,58, Down     ,6588, R   ,46,"(58, 46)"
6588,6589,58, Down     ,6589, L   ,47,"(58, 47)"
6589,6590,58, Down     ,6590, L   ,46,"(58, 46)"
6590,6591,58, Down     ,6591, R   ,45,"(58, 45)"
6591,6592,58, Down     ,6592, R   ,44,"(58, 44)"
6592,6593,58, Down     ,6593, L   ,45,"(58, 45)"
6593,6594,58, Down     ,6594, L   ,44,"(58, 44)"
6594,6595,58, Down     ,6595, R   ,43,"(58, 43)"
6595,6596,58, Down     ,6596, R   ,42,"(58, 42)"
6596,6597,58, Down     ,6597, L   ,43,"(58, 43)"
6597,6598,58, Down     ,6598, L   ,42,"(58, 42)"
6598,6599,58, Down     ,6599, R   ,41,"(58, 41)"
6599,6600,58, Down     ,6600, R   ,40,"(58, 40)"
6600,6601,58, Down     ,6601, L   ,41,"(58, 41)"
6601,6602,58, Down     ,6602, L   ,40,"(58, 40)"
6602,6603,58, Down     ,6603, R   ,39,"(58, 39)"
6603,6604,58, Down     ,6604, R   ,38,"(58, 38)"
6604,6605,58, Down     ,6605, L   ,39,"(58, 39)"
6605,6606,58, Down     ,6606, L   ,38,"(58, 38)"
6606,6607,58, Down     ,6607, R   ,37,"(58, 37)"
6607,6608,58, Down     ,6608, R   ,36,"(58, 36)"
6608,6609,58, Down     ,6609, L   ,37,"(58, 37)"
6609,6610,58, Down     ,6610, L   ,36,"(58, 36)"
6610,6611,58, Down     ,6611, R   ,35,"(58, 35)"
6611,6612,58, Down     ,6612, R   ,34,"(58, 34)"
6612,6613,58, Down     ,6613, L   ,35,"(58, 35)"
6613,6614,58, Down     ,6614, L   ,34,"(58, 34)"
6614,6615,58, Down     ,6615, R   ,33,"(58, 33)"
6615,6616,58, Down     ,6616, R   ,32,"(58, 32)"
6616,6617,58, Down     ,6617, L   ,33,"(58, 33)"
6617,6618,58, Down     ,6618, L   ,32,"(58, 32)"
6618,6619,58, Down     ,6619, R   ,31,"(58, 31)"
6619,6620,58, Down     ,6620, L   ,31,"(58, 31)"
6620,6621,58, Down     ,6621, R   ,27,"(58, 27)"
6621,6622,58, Down     ,6622, R   ,26,"(58, 26)"
6622,6623,58, Down     ,6623, L   ,27,"(58, 27)"
6623,6624,58, Down     ,6624, L   ,26,"(58, 26)"
6624,6625,58, Down     ,6625, R   ,25,"(58, 25)"
6625,6626,58, Down     ,6626, R   ,24,"(58, 24)"
6626,6627,58, Down     ,6627, L   ,25,"(58, 25)"
6627,6628,58, Down     ,6628, L   ,24,"(58, 24)"
6628,6629,58, Down     ,6629, R   ,23,"(58, 23)"
6629,6630,58, Down     ,6630, R   ,22,"(58, 22)"
6630,6631,58, Down     ,6631, L   ,23,"(58, 23)"
6631,6632,58, Down     ,6632, L   ,22,"(58, 22)"
6632,6633,58, Down     ,6633, R   ,21,"(58, 21)"
6633,6634,58, Down     ,6634, R   ,20,"(58, 20)"
6634,6635,58, Down     ,6635, L   ,21,"(58, 21)"
6635,6636,58, Down     ,6636, L   ,20,"(58, 20)"
6636,6637,58, Down     ,6637, R   ,19,"(58, 19)"
6637,6638,58, Down     ,6638, R   ,18,"(58, 18)"
6638,6639,58, Down     ,6639, L   ,19,"(58, 19)"
6639,6640,58, Down     ,6640, L   ,18,"(58, 18)"
6640,6641,58, Down     ,6641, R   ,17,"(58, 17)"
6641,6642,58, Down     ,6642, R   ,16,"(58, 16)"
6642,6643,58, Down     ,6643, L   ,17,"(58, 17)"
6643,6644,58, Down     ,6644, L   ,16,"(58, 16)"
6644,6645,58, Down     ,6645, R   ,15,"(58, 15)"
6645,6646,58, Down     ,6646, R   ,14,"(58, 14)"
6646,6647,58, Down     ,6647, L   ,15,"(58, 15)"
6647,6648,58, Down     ,6648, L   ,14,"(58, 14)"
6648,6649,58, Down     ,6649, R   ,13,"(58, 13)"
6649,6650,58, Down     ,6650, R   ,12,"(58, 12)"
6650,6651,58, Down     ,6651, L   ,13,"(58, 13)"
6651,6652,58, Down     ,6652, L   ,12,"(58, 12)"
6652,6653,58, Down     ,6653, R   ,11,"(58, 11)"
6653,6654,58, Down     ,6654, R   ,10,"(58, 10)"
6654,6655,58, Down     ,6655, L   ,11,"(58, 11)"
6655,6656,58, Down     ,6656, L   ,10,"(58, 10)"
6656,6657,58, Down     ,6657, R   ,9,"(58, 9)"
6657,6658,58, Down     ,6658, R   ,8,"(58, 8)"
6658,6659,58, Down     ,6659, L   ,9,"(58, 9)"
6659,6660,58, Down     ,6660, L   ,8,"(58, 8)"
6660,6661,58, Down     ,6661, R   ,7,"(58, 7)"
6661,6662,58, Down     ,6662, R   ,6,"(58, 6)"
6662,6663,58, Down     ,6663, L   ,7,"(58, 7)"
6663,6664,58, Down     ,6664, L   ,6,"(58, 6)"
6664,6665,58, Down     ,6665, R   ,5,"(58, 5)"
6665,6666,58, Down     ,6666, R   ,4,"(58, 4)"
6666,6667,58, Down     ,6667, L   ,5,"(58, 5)"
6667,6668,58, Down     ,6668, L   ,4,"(58, 4)"
6668,6669,58, Down     ,6669, R   ,3,"(58, 3)"
6669,6670,58, Down     ,6670, R   ,2,"(58, 2)"
6670,6671,58, Down     ,6671, L   ,3,"(58, 3)"
6671,6672,58, Down     ,6672, L   ,2,"(58, 2)"
6672,6673,59, Up       ,6673, R   ,2,"(59, 2)"
6673,6674,59, Up       ,6674, R   ,3,"(59, 3)"
6674,6675,59, Up       ,6675, L   ,2,"(59, 2)"
6675,6676,59, Up       ,6676, L   ,3,"(59, 3)"
6676,6677,59, Up       ,6677, R   ,4,"(59, 4)"
6677,6678,59, Up       ,6678, R   ,5,"(59, 5)"
6678,6679,59, Up       ,6679, L   ,4,"(59, 4)"
6679,6680,59, Up       ,6680, L   ,5,"(59, 5)"
6680,6681,59, Up       ,6681, R   ,6,"(59, 6)"
6681,6682,59, Up       ,6682, R   ,7,"(59, 7)"
6682,6683,59, Up       ,6683, L   ,6,"(59, 6)"
6683,6684,59, Up       ,6684, L   ,7,"(59, 7)"
6684,6685,59, Up       ,6685, R   ,8,"(59, 8)"
6685,6686,59, Up       ,6686, R   ,9,"(59, 9)"
6686,6687,59, Up       ,6687, L   ,8,"(59, 8)"
6687,6688,59, Up       ,6688, L   ,9,"(59, 9)"
6688,6689,59, Up       ,6689, R   ,11,"(59, 11)"
6689,6690,59, Up       ,6690, L   ,10,"(59, 10)"
6690,6691,59, Up       ,6691, L   ,11,"(59, 11)"
6691,6692,59, Up       ,6692, R   ,12,"(59, 12)"
6692,6693,59, Up       ,6693, R   ,13,"(59, 13)"
6693,6694,59, Up       ,6694, L   ,12,"(59, 12)"
6694,6695,59, Up       ,6695, L   ,13,"(59, 13)"
6695,6696,59, Up       ,6696, R   ,14,"(59, 14)"
6696,6697,59, Up       ,6697, R   ,15,"(59, 15)"
6697,6698,59, Up       ,6698, L   ,14,"(59, 14)"
6698,6699,59, Up       ,6699, L   ,15,"(59, 15)"
6699,6700,59, Up       ,6700, R   ,16,"(59, 16)"
6700,6701,59, Up       ,6701, R   ,17,"(59, 17)"
6701,6702,59, Up       ,6702, L   ,16,"(59, 16)"
6702,6703,59, Up       ,6703, L   ,17,"(59, 17)"
6703,6704,59, Up       ,6704, R   ,18,"(59, 18)"
6704,6705,59, Up       ,6705, R   ,19,"(59, 19)"
6705,6706,59, Up       ,6706, L   ,18,"(59, 18)"
6706,6707,59, Up       ,6707, L   ,19,"(59, 19)"
6707,6708,59, Up       ,6708, R   ,20,"(59, 20)"
6708,6709,59, Up       ,6709, R   ,21,"(59, 21)"
6709,6710,59, Up       ,6710, L   ,20,"(59, 20)"
6710,6711,59, Up       ,6711, L   ,21,"(59, 21)"
6711,6712,59, Up       ,6712, R   ,22,"(59, 22)"
6712,6713,59, Up       ,6713, R   ,23,"(59, 23)"
6713,6714,59, Up       ,6714, L   ,22,"(59, 22)"
6714,6715,59, Up       ,6715, L   ,23,"(59, 23)"
6715,6716,59, Up       ,6716, R   ,24,"(59, 24)"
6716,6717,59, Up       ,6717, R   ,25,"(59, 25)"
6717,6718,59, Up       ,6718, L   ,24,"(59, 24)"
6718,6719,59, Up       ,6719, L   ,25,"(59, 25)"
6719,6720,59, Up       ,6720, R   ,26,"(59, 26)"
6720,6721,59, Up       ,6721, R   ,27,"(59, 27)"
6721,6722,59, Up       ,6722, L   ,26,"(59, 26)"
6722,6723,59, Up       ,6723, L   ,27,"(59, 27)"
6723,6724,59, Up       ,6724, R   ,31,"(59, 31)"
6724,6725,59, Up       ,6725, L   ,31,"(59, 31)"
6725,6726,59, Up       ,6726, R   ,33,"(59, 33)"
6726,6727,59, Up       ,6727, L   ,32,"(59, 32)"
6727,6728,59, Up       ,6728, L   ,33,"(59, 33)"
6728,6729,59, Up       ,6729, R   ,34,"(59, 34)"
6729,6730,59, Up       ,6730, R   ,35,"(59, 35)"
6730,6731,59, Up       ,6731, L   ,34,"(59, 34)"
6731,6732,59, Up       ,6732, L   ,35,"(59, 35)"
6732,6733,59, Up       ,6733, R   ,36,"(59, 36)"
6733,6734,59, Up       ,6734, R   ,37,"(59, 37)"
6734,6735,59, Up       ,6735, L   ,36,"(59, 36)"
6735,6736,59, Up       ,6736, L   ,37,"(59, 37)"
6736,6737,59, Up       ,6737, R   ,38,"(59, 38)"
6737,6738,59, Up       ,6738, R   ,39,"(59, 39)"
6738,6739,59, Up       ,6739, L   ,38,"(59, 38)"
6739,6740,59, Up       ,6740, L   ,39,"(59, 39)"
6740,6741,59, Up       ,6741, R   ,40,"(59, 40)"
6741,6742,59, Up       ,6742, R   ,41,"(59, 41)"
6742,6743,59, Up       ,6743, L   ,40,"(59, 40)"
6743,6744,59, Up       ,6744, L   ,41,"(59, 41)"
6744,6745,59, Up       ,6745, R   ,42,"(59, 42)"
6745,6746,59, Up       ,6746, R   ,43,"(59, 43)"
6746,6747,59, Up       ,6747, L   ,42,"(59, 42)"
6747,6748,59, Up       ,6748, L   ,43,"(59, 43)"
6748,6749,59, Up       ,6749, R   ,44,"(59, 44)"
6749,6750,59, Up       ,6750, R   ,45,"(59, 45)"
6750,6751,59, Up       ,6751, L   ,44,"(59, 44)"
6751,6752,59, Up       ,6752, L   ,45,"(59, 45)"
6752,6753,59, Up       ,6753, R   ,46,"(59, 46)"
6753,6754,59, Up       ,6754, R   ,47,"(59, 47)"
6754,6755,59, Up       ,6755, L   ,46,"(59, 46)"
6755,6756,59, Up       ,6756, L   ,47,"(59, 47)"
6756,6757,59, Up       ,6757, R   ,48,"(59, 48)"
6757,6758,59, Up       ,6758, R   ,49,"(59, 49)"
6758,6759,59, Up       ,6759, L   ,48,"(59, 48)"
6759,6760,59, Up       ,6760, L   ,49,"(59, 49)"
6760,6761,59, Up       ,6761, R   ,50,"(59, 50)"
6761,6762,59, Up       ,6762, R   ,51,"(59, 51)"
6762,6763,59, Up       ,6763, L   ,50,"(59, 50)"
6763,6764,59, Up       ,6764, L   ,51,"(59, 51)"
6764,6765,59, Up       ,6765, R   ,52,"(59, 52)"
6765,6766,59, Up       ,6766, R   ,53,"(59, 53)"
6766,6767,59, Up       ,6767, L   ,52,"(59, 52)"
6767,6768,59, Up       ,6768, L   ,53,"(59, 53)"
6768,6769,59, Up       ,6769, R   ,54,"(59, 54)"
6769,6770,59, Up       ,6770, L   ,54,"(59, 54)"
6770,6771,59, Up       ,6771, L   ,55,"(59, 55)"
6771,6772,59, Up       ,6772, R   ,56,"(59, 56)"
6772,6773,59, Up       ,6773, R   ,57,"(59, 57)"
6773,6774,59, Up       ,6774, L   ,56,"(59, 56)"
6774,6775,59, Up       ,6775, L   ,57,"(59, 57)"
6775,6776,59, Up       ,6776, R   ,58,"(59, 58)"
6776,6777,59, Up       ,6777, R   ,59,"(59, 59)"
6777,6778,59, Up       ,6778, L   ,58,"(59, 58)"
6778,6779,59, Up       ,6779, L   ,59,"(59, 59)"
6779,6780,59, Up       ,6780, R   ,60,"(59, 60)"
6780,6781,59, Up       ,6781, R   ,61,"(59, 61)"
6781,6782,59, Up       ,6782, L   ,60,"(59, 60)"
6782,6783,59, Up       ,6783, L   ,61,"(59, 61)"
6783,6784,60, Down     ,6784, R   ,61,"(60, 61)"
6784,6785,60, Down     ,6785, R   ,60,"(60, 60)"
6785,6786,60, Down     ,6786, L   ,61,"(60, 61)"
6786,6787,60, Down     ,6787, L   ,60,"(60, 60)"
6787,6788,60, Down     ,6788, R   ,59,"(60, 59)"
6788,6789,60, Down     ,6789, R   ,58,"(60, 58)"
6789,6790,60, Down     ,6790, L   ,59,"(60, 59)"
6790,6791,60, Down     ,6791, L   ,58,"(60, 58)"
6791,6792,60, Down     ,6792, R   ,57,"(60, 57)"
6792,6793,60, Down     ,6793, R   ,56,"(60, 56)"
6793,6794,60, Down     ,6794, L   ,57,"(60, 57)"
6794,6795,60, Down     ,6795, L   ,56,"(60, 56)"
6795,6796,60, Down     ,6796, R   ,55,"(60, 55)"
6796,6797,60, Down     ,6797, R   ,54,"(60, 54)"
6797,6798,60, Down     ,6798, L   ,55,"(60, 55)"
6798,6799,60, Down     ,6799, L   ,54,"(60, 54)"
6799,6800,60, Down     ,6800, R   ,53,"(60, 53)"
6800,6801,60, Down     ,6801, R   ,52,"(60, 52)"
6801,6802,60, Down     ,6802, L   ,53,"(60, 53)"
6802,6803,60, Down     ,6803, L   ,52,"(60, 52)"
6803,6804,60, Down     ,6804, R   ,51,"(60, 51)"
6804,6805,60, Down     ,6805, R   ,50,"(60, 50)"
6805,6806,60, Down     ,6806, L   ,51,"(60, 51)"
6806,6807,60, Down     ,6807, L   ,50,"(60, 50)"
6807,6808,60, Down     ,6808, R   ,49,"(60, 49)"
6808,6809,60, Down     ,6809, R   ,48,"(60, 48)"
6809,6810,60, Down     ,6810, L   ,49,"(60, 49)"
6810,6811,60, Down     ,6811, L   ,48,"(60, 48)"
6811,6812,60, Down     ,6812, R   ,47,"(60, 47)"
6812,6813,60, Down     ,6813, R   ,46,"(60, 46)"
6813,6814,60, Down     ,6814, L   ,47,"(60, 47)"
6814,6815,60, Down     ,6815, L   ,46,"(60, 46)"
6815,6816,60, Down     ,6816, R   ,45,"(60, 45)"
6816,6817,60, Down     ,6817, R   ,44,"(60, 44)"
6817,6818,60, Down     ,6818, L   ,45,"(60, 45)"
6818,6819,60, Down     ,6819, L   ,44,"(60, 44)"
6819,6820,60, Down     ,6820, R   ,43,"(60, 43)"
6820,6821,60, Down     ,6821, R   ,42,"(60, 42)"
6821,6822,60, Down     ,6822, L   ,43,"(60, 43)"
6822,6823,60, Down     ,6823, L   ,42,"(60, 42)"
6823,6824,60, Down     ,6824, R   ,41,"(60, 41)"
6824,6825,60, Down     ,6825, R   ,40,"(60, 40)"
6825,6826,60, Down     ,6826, L   ,41,"(60, 41)"
6826,6827,60, Down     ,6827, L   ,40,"(60, 40)"
6827,6828,60, Down     ,6828, R   ,39,"(60, 39)"
6828,6829,60, Down     ,6829, R   ,38,"(60, 38)"
6829,6830,60, Down     ,6830, L   ,39,"(60, 39)"
6830,6831,60, Down     ,6831, L   ,38,"(60, 38)"
6831,6832,60, Down     ,6832, R   ,37,"(60, 37)"
6832,6833,60, Down     ,6833, R   ,36,"(60, 36)"
6833,6834,60, Down     ,6834, L   ,37,"(60, 37)"
6834,6835,60, Down     ,6835, L   ,36,"(60, 36)"
6835,6836,60, Down     ,6836, R   ,35,"(60, 35)"
6836,6837,60, Down     ,6837, R   ,34,"(60, 34)"
6837,6838,60, Down     ,6838, L   ,35,"(60, 35)"
6838,6839,60, Down     ,6839, L   ,34,"(60, 34)"
6839,6840,60, Down     ,6840, R   ,33,"(60, 33)"
6840,6841,60, Down     ,6841, R   ,32,"(60, 32)"
6841,6842,60, Down     ,6842, L   ,33,"(60, 33)"
6842,6843,60, Down     ,6843, L   ,32,"(60, 32)"
6843,6844,60, Down     ,6844, R   ,31,"(60, 31)"
6844,6845,60, Down     ,6845, L   ,31,"(60, 31)"
6845,6846,60, Down     ,6846, R   ,27,"(60, 27)"
6846,6847,60, Down     ,6847, R   ,26,"(60, 26)"
6847,6848,60, Down     ,6848, L   ,27,"(60, 27)"
6848,6849,60, Down     ,6849, L   ,26,"(60, 26)"
6849,6850,60, Down     ,6850, R   ,25,"(60, 25)"
6850,6851,60, Down     ,6851, R   ,24,"(60, 24)"
6851,6852,60, Down     ,6852, L   ,25,"(60, 25)"
6852,6853,60, Down     ,6853, L   ,24,"(60, 24)"
6853,6854,60, Down     ,6854, R   ,23,"(60, 23)"
6854,6855,60, Down     ,6855, R   ,22,"(60, 22)"
6855,6856,60, Down     ,6856, L   ,23,"(60, 23)"
6856,6857,60, Down     ,6857, L   ,22,"(60, 22)"
6857,6858,60, Down     ,6858, R   ,21,"(60, 21)"
6858,6859,60, Down     ,6859, R   ,20,"(60, 20)"
6859,6860,60, Down     ,6860, L   ,21,"(60, 21)"
6860,6861,60, Down     ,6861, L   ,20,"(60, 20)"
6861,6862,60, Down     ,6862, R   ,19,"(60, 19)"
6862,6863,60, Down     ,6863, R   ,18,"(60, 18)"
6863,6864,60, Down     ,6864, L   ,19,"(60, 19)"
6864,6865,60, Down     ,6865, L   ,18,"(60, 18)"
6865,6866,60, Down     ,6866, R   ,17,"(60, 17)"
6866,6867,60, Down     ,6867, R   ,16,"(60, 16)"
6867,6868,60, Down     ,6868, L   ,17,"(60, 17)"
6868,6869,60, Down     ,6869, L   ,16,"(60, 16)"
6869,6870,60, Down     ,6870, R   ,15,"(60, 15)"
6870,6871,60, Down     ,6871, R   ,14,"(60, 14)"
6871,6872,60, Down     ,6872, L   ,15,"(60, 15)"
6872,6873,60, Down     ,6873, L   ,14,"(60, 14)"
6873,6874,60, Down     ,6874, R   ,13,"(60, 13)"
6874,6875,60, Down     ,6875, R   ,12,"(60, 12)"
6875,6876,60, Down     ,6876, L   ,13,"(60, 13)"
6876,6877,60, Down     ,6877, L   ,12,"(60, 12)"
6877,6878,60, Down     ,6878, R   ,11,"(60, 11)"
6878,6879,60, Down     ,6879, R   ,10,"(60, 10)"
6879,6880,60, Down     ,6880, L   ,11,"(60, 11)"
6880,6881,60, Down     ,6881, L   ,10,"(60, 10)"
6881,6882,60, Down     ,6882, R   ,9,"(60, 9)"
6882,6883,60, Down     ,6883, R   ,8,"(60, 8)"
6883,6884,60, Down     ,6884, L   ,9,"(60, 9)"
6884,6885,60, Down     ,6885, L   ,8,"(60, 8)"
6885,6886,60, Down     ,6886, R   ,7,"(60, 7)"
6886,6887,60, Down     ,6887, R   ,6,"(60, 6)"
6887,6888,60, Down     ,6888, L   ,7,"(60, 7)"
6888,6889,60, Down     ,6889, L   ,6,"(60, 6)"
6889,6890,60, Down     ,6890, R   ,5,"(60, 5)"
6890,6891,60, Down     ,6891, R   ,4,"(60, 4)"
6891,6892,60, Down     ,6892, L   ,5,"(60, 5)"
6892,6893,60, Down     ,6893, L   ,4,"(60, 4)"
6893,6894,60, Down     ,6894, R   ,3,"(60, 3)"
6894,6895,60, Down     ,6895, R   ,2,"(60, 2)"
6895,6896,60, Down     ,6896, L   ,3,"(60, 3)"
6896,6897,60, Down     ,6897, L   ,2,"(60, 2)"
6897,6898,61, Up       ,6898, R   ,2,"(61, 2)"
6898,6899,61, Up       ,6899, R   ,3,"(61, 3)"
6899,6900,61, Up       ,6900, L   ,2,"(61, 2)"
6900,6901,61, Up       ,6901, L   ,3,"(61, 3)"
6901,6902,61, Up       ,6902, R   ,4,"(61, 4)"
6902,6903,61, Up       ,6903, R   ,5,"(61, 5)"
6903,6904,61, Up       ,6904, L   ,4,"(61, 4)"
6904,6905,61, Up       ,6905, L   ,5,"(61, 5)"
6905,6906,61, Up       ,6906, R   ,6,"(61, 6)"
6906,6907,61, Up       ,6907, R   ,7,"(61, 7)"
6907,6908,61, Up       ,6908, L   ,6,"(61, 6)"
6908,6909,61, Up       ,6909, L   ,7,"(61, 7)"
6909,6910,61, Up       ,6910, R   ,8,"(61, 8)"
6910,6911,61, Up       ,6911, R   ,9,"(61, 9)"
6911,6912,61, Up       ,6912, L   ,8,"(61, 8)"
6912,6913,61, Up       ,6913, L   ,9,"(61, 9)"
6913,6914,61, Up       ,6914, R   ,10,"(61, 10)"
6914,6915,61, Up       ,6915, R   ,11,"(61, 11)"
6915,6916,61, Up       ,6916, L   ,10,"(61, 10)"
6916,6917,61, Up       ,6917, L   ,11,"(61, 11)"
6917,6918,61, Up       ,6918, R   ,12,"(61, 12)"
6918,6919,61, Up       ,6919, R   ,13,"(61, 13)"
6919,6920,61, Up       ,6920, L   ,12,"(61, 12)"
6920,6921,61, Up       ,6921, L   ,13,"(61, 13)"
6921,6922,61, Up       ,6922, R   ,14,"(61, 14)"
6922,6923,61, Up       ,6923, R   ,15,"(61, 15)"
6923,6924,61, Up       ,6924, L   ,14,"(61, 14)"
6924,6925,61, Up       ,6925, L   ,15,"(61, 15)"
6925,6926,61, Up       ,6926, R   ,16,"(61, 16)"
6926,6927,61, Up       ,6927, R   ,17,"(61, 17)"
6927,6928,61, Up       ,6928, L   ,16,"(61, 16)"
6928,6929,61, Up       ,6929, L   ,17,"(61, 17)"
6929,6930,61, Up       ,6930, R   ,18,"(61, 18)"
6930,6931,61, Up       ,6931, R   ,19,"(61, 19)"
6931,6932,61, Up       ,6932, L   ,18,"(61, 18)"
6932,6933,61, Up       ,6933, L   ,19,"(61, 19)"
6933,6934,61, Up       ,6934, R   ,20,"(61, 20)"
6934,6935,61, Up       ,6935, R   ,21,"(61, 21)"
6935,6936,61, Up       ,6936, L   ,20,"(61, 20)"
6936,6937,61, Up       ,6937, L   ,21,"(61, 21)"
6937,6938,61, Up       ,6938, R   ,22,"(61, 22)"
6938,6939,61, Up       ,6939, R   ,23,"(61, 23)"
6939,6940,61, Up       ,6940, L   ,22,"(61, 22)"
6940,6941,61, Up       ,6941, L   ,23,"(61, 23)"
6941,6942,61, Up       ,6942, R   ,24,"(61, 24)"
6942,6943,61, Up       ,6943, R   ,25,"(61, 25)"
6943,6944,61, Up       ,6944, L   ,24,"(61, 24)"
6944,6945,61, Up       ,6945, L   ,25,"(61, 25)"
6945,6946,61, Up       ,6946, R   ,26,"(61, 26)"
6946,6947,61, Up       ,6947, R   ,27,"(61, 27)"
6947,6948,61, Up       ,6948, L   ,26,"(61, 26)"
6948,6949,61, Up       ,6949, L   ,27,"(61, 27)"
6949,6950,61, Up       ,6950, R   ,31,"(61, 31)"
6950,6951,61, Up       ,6951, L   ,31,"(61, 31)"
6951,6952,61, Up       ,6952, R   ,32,"(61, 32)"
6952,6953,61, Up       ,6953, R   ,33,"(61, 33)"
6953,6954,61, Up       ,6954, L   ,32,"(61, 32)"
6954,6955,61, Up       ,6955, L   ,33,"(61, 33)"
6955,6956,61, Up       ,6956, R   ,34,"(61, 34)"
6956,6957,61, Up       ,6957, R   ,35,"(61, 35)"
6957,6958,61, Up       ,6958, L   ,34,"(61, 34)"
6958,6959,61, Up       ,6959, L   ,35,"(61, 35)"
6959,6960,61, Up       ,6960, R   ,36,"(61, 36)"
6960,6961,61, Up       ,6961, R   ,37,"(61, 37)"
6961,6962,61, Up       ,6962, L   ,36,"(61, 36)"
6962,6963,61, Up       ,6963, L   ,37,"(61, 37)"
6963,6964,61, Up       ,6964, R   ,38,"(61, 38)"
6964,6965,61, Up       ,6965, R   ,39,"(61, 39)"
6965,6966,61, Up       ,6966, L   ,38,"(61, 38)"
6966,6967,61, Up       ,6967, L   ,39,"(61, 39)"
6967,6968,61, Up       ,6968, R   ,40,"(61, 40)"
6968,6969,61, Up       ,6969, R   ,41,"(61, 41)"
6969,6970,61, Up       ,6970, L   ,40,"(61, 40)"
6970,6971,61, Up       ,6971, L   ,41,"(61, 41)"
6971,6972,61, Up       ,6972, R   ,42,"(61, 42)"
6972,6973,61, Up       ,6973, R   ,43,"(61, 43)"
6973,6974,61, Up       ,6974, L   ,42,"(61, 42)"
6974,6975,61, Up       ,6975, L   ,43,"(61, 43)"
6975,6976,61, Up       ,6976, R   ,44,"(61, 44)"
6976,6977,61, Up       ,6977, R   ,45,"(61, 45)"
6977,6978,61, Up       ,6978, L   ,44,"(61, 44)"
6978,6979,61, Up       ,6979, L   ,45,"(61, 45)"
6979,6980,61, Up       ,6980, R   ,46,"(61, 46)"
6980,6981,61, Up       ,6981, R   ,47,"(61, 47)"
6981,6982,61, Up       ,6982, L   ,46,"(61, 46)"
6982,6983,61, Up       ,6983, L   ,47,"(61, 47)"
6983,6984,61, Up       ,6984, R   ,48,"(61, 48)"
6984,6985,61, Up       ,6985, R   ,49,"(61, 49)"
6985,6986,61, Up       ,6986, L   ,48,"(61, 48)"
6986,6987,61, Up       ,6987, L   ,49,"(61, 49)"
6987,6988,61, Up       ,6988, R   ,50,"(61, 50)"
6988,6989,61, Up       ,6989, R   ,51,"(61, 51)"
6989,6990,61, Up       ,6990, L   ,50,"(61, 50)"
6990,6991,61, Up       ,6991, L   ,51,"(61, 51)"
6991,6992,61, Up       ,6992, R   ,52,"(61, 52)"
6992,6993,61, Up       ,6993, R   ,53,"(61, 53)"
6993,6994,61, Up       ,6994, L   ,52,"(61, 52)"
6994,6995,61, Up       ,6995, L   ,53,"(61, 53)"
6995,6996,61, Up       ,6996, R   ,54,"(61, 54)"
6996,6997,61, Up       ,6997, R   ,55,"(61, 55)"
6997,6998,61, Up       ,6998, L   ,54,"(61, 54)"
6998,6999,61, Up       ,6999, L   ,55,"(61, 55)"
6999,7000,61, Up       ,7000, R   ,56,"(61, 56)"
7000,7001,61, Up       ,7001, R   ,57,"(61, 57)"
7001,7002,61, Up       ,7002, L   ,56,"(61, 56)"
7002,7003,61, Up       ,7003, L   ,57,"(61, 57)"
7003,7004,61, Up       ,7004, R   ,58,"(61, 58)"
7004,7005,61, Up       ,7005, R   ,59,"(61, 59)"
7005,7006,61, Up       ,7006, L   ,58,"(61, 58)"
7006,7007,61, Up       ,7007, L   ,59,"(61, 59)"
7007,7008,61, Up       ,7008, R   ,60,"(61, 60)"
7008,7009,61, Up       ,7009, R   ,61,"(61, 61)"
7009,7010,61, Up       ,7010, L   ,60,"(61, 60)"
7010,7011,61, Up       ,7011, L   ,61,"(61, 61)"
7011,7012,62, Down     ,7012, R   ,61,"(62, 61)"
7012,7013,62, Down     ,7013, R   ,60,"(62, 60)"
7013,7014,62, Down     ,7014, L   ,61,"(62, 61)"
7014,7015,62, Down     ,7015, L   ,60,"(62, 60)"
7015,7016,62, Down     ,7016, R   ,59,"(62, 59)"
7016,7017,62, Down     ,7017, R   ,58,"(62, 58)"
7017,7018,62, Down     ,7018, L   ,59,"(62, 59)"
7018,7019,62, Down     ,7019, L   ,58,"(62, 58)"
7019,7020,62, Down     ,7020, R   ,57,"(62, 57)"
7020,7021,62, Down     ,7021, R   ,56,"(62, 56)"
7021,7022,62, Down     ,7022, L   ,57,"(62, 57)"
7022,7023,62, Down     ,7023, L   ,56,"(62, 56)"
7023,7024,62, Down     ,7024, R   ,55,"(62, 55)"
7024,7025,62, Down     ,7025, R   ,54,"(62, 54)"
7025,7026,62, Down     ,7026, L   ,54,"(62, 54)"
7026,7027,62, Down     ,7027, R   ,53,"(62, 53)"
7027,7028,62, Down     ,7028, R   ,52,"(62, 52)"
7028,7029,62, Down     ,7029, L   ,53,"(62, 53)"
7029,7030,62, Down     ,7030, L   ,52,"(62, 52)"
7030,7031,62, Down     ,7031, R   ,51,"(62, 51)"
7031,7032,62, Down     ,7032, R   ,50,"(62, 50)"
7032,7033,62, Down     ,7033, L   ,51,"(62, 51)"
7033,7034,62, Down     ,7034, L   ,50,"(62, 50)"
7034,7035,62, Down     ,7035, R   ,49,"(62, 49)"
7035,7036,62, Down     ,7036, R   ,48,"(62, 48)"
7036,7037,62, Down     ,7037, L   ,49,"(62, 49)"
7037,7038,62, Down     ,7038, L   ,48,"(62, 48)"
7038,7039,62, Down     ,7039, R   ,47,"(62, 47)"
7039,7040,62, Down     ,7040, R   ,46,"(62, 46)"
7040,7041,62, Down     ,7041, L   ,47,"(62, 47)"
7041,7042,62, Down     ,7042, L   ,46,"(62, 46)"
7042,7043,62, Down     ,7043, R   ,45,"(62, 45)"
7043,7044,62, Down     ,7044, R   ,44,"(62, 44)"
7044,7045,62, Down     ,7045, L   ,45,"(62, 45)"
7045,7046,62, Down     ,7046, L   ,44,"(62, 44)"
7046,7047,62, Down     ,7047, R   ,43,"(62, 43)"
7047,7048,62, Down     ,7048, R   ,42,"(62, 42)"
7048,7049,62, Down     ,7049, L   ,43,"(62, 43)"
7049,7050,62, Down     ,7050, L   ,42,"(62, 42)"
7050,7051,62, Down     ,7051, R   ,41,"(62, 41)"
7051,7052,62, Down     ,7052, R   ,40,"(62, 40)"
7052,7053,62, Down     ,7053, L   ,41,"(62, 41)"
7053,7054,62, Down     ,7054, L   ,40,"(62, 40)"
7054,7055,62, Down     ,7055, R   ,39,"(62, 39)"
7055,7056,62, Down     ,7056, R   ,38,"(62, 38)"
7056,7057,62, Down     ,7057, L   ,39,"(62, 39)"
7057,7058,62, Down     ,7058, L   ,38,"(62, 38)"
7058,7059,62, Down     ,7059, R   ,37,"(62, 37)"
7059,7060,62, Down     ,7060, R   ,36,"(62, 36)"
7060,7061,62, Down     ,7061, L   ,37,"(62, 37)"
7061,7062,62, Down     ,7062, L   ,36,"(62, 36)"
7062,7063,62, Down     ,7063, R   ,35,"(62, 35)"
7063,7064,62, Down     ,7064, R   ,34,"(62, 34)"
7064,7065,62, Down     ,7065, L   ,35,"(62, 35)"
7065,7066,62, Down     ,7066, L   ,34,"(62, 34)"
7066,7067,62, Down     ,7067, R   ,33,"(62, 33)"
7067,7068,62, Down     ,7068, R   ,32,"(62, 32)"
7068,7069,62, Down     ,7069, L   ,33,"(62, 33)"
7069,7070,62, Down     ,7070, R   ,31,"(62, 31)"
7070,7071,62, Down     ,7071, L   ,31,"(62, 31)"
7071,7072,62, Down     ,7072, R   ,27,"(62, 27)"
7072,7073,62, Down     ,7073, R   ,26,"(62, 26)"
7073,7074,62, Down     ,7074, L   ,27,"(62, 27)"
7074,7075,62, Down     ,7075, L   ,26,"(62, 26)"
7075,7076,62, Down     ,7076, R   ,25,"(62, 25)"
7076,7077,62, Down     ,7077, R   ,24,"(62, 24)"
7077,7078,62, Down     ,7078, L   ,25,"(62, 25)"
7078,7079,62, Down     ,7079, L   ,24,"(62, 24)"
7079,7080,62, Down     ,7080, R   ,23,"(62, 23)"
7080,7081,62, Down     ,7081, R   ,22,"(62, 22)"
7081,7082,62, Down     ,7082, L   ,23,"(62, 23)"
7082,7083,62, Down     ,7083, L   ,22,"(62, 22)"
7083,7084,62, Down     ,7084, R   ,21,"(62, 21)"
7084,7085,62, Down     ,7085, R   ,20,"(62, 20)"
7085,7086,62, Down     ,7086, L   ,21,"(62, 21)"
7086,7087,62, Down     ,7087, L   ,20,"(62, 20)"
7087,7088,62, Down     ,7088, R   ,19,"(62, 19)"
7088,7089,62, Down     ,7089, R   ,18,"(62, 18)"
7089,7090,62, Down     ,7090, L   ,19,"(62, 19)"
7090,7091,62, Down     ,7091, L   ,18,"(62, 18)"
7091,7092,62, Down     ,7092, R   ,17,"(62, 17)"
7092,7093,62, Down     ,7093, R   ,16,"(62, 16)"
7093,7094,62, Down     ,7094, L   ,17,"(62, 17)"
7094,7095,62, Down     ,7095, L   ,16,"(62, 16)"
7095,7096,62, Down     ,7096, R   ,15,"(62, 15)"
7096,7097,62, Down     ,7097, R   ,14,"(62, 14)"
7097,7098,62, Down     ,7098, L   ,15,"(62, 15)"
7098,7099,62, Down     ,7099, L   ,14,"(62, 14)"
7099,7100,62, Down     ,7100, R   ,13,"(62, 13)"
7100,7101,62, Down     ,7101, R   ,12,"(62, 12)"
7101,7102,62, Down     ,7102, L   ,13,"(62, 13)"
7102,7103,62, Down     ,7103, L   ,12,"(62, 12)"
7103,7104,62, Down     ,7104, R   ,11,"(62, 11)"
7104,7105,62, Down     ,7105, R   ,10,"(62, 10)"
7105,7106,62, Down     ,7106, L   ,11,"(62, 11)"
7106,7107,62, Down     ,7107, R   ,9,"(62, 9)"
7107,7108,62, Down     ,7108, R   ,8,"(62, 8)"
7108,7109,62, Down     ,7109, L   ,9,"(62, 9)"
7109,7110,62, Down     ,7110, L   ,8,"(62, 8)"
7110,7111,62, Down     ,7111, R   ,7,"(62, 7)"
7111,7112,62, Down     ,7112, R   ,6,"(62, 6)"
7112,7113,62, Down     ,7113, L   ,7,"(62, 7)"
7113,7114,62, Down     ,7114, L   ,6,"(62, 6)"
7114,7115,62, Down     ,7115, R   ,5,"(62, 5)"
7115,7116,62, Down     ,7116, R   ,4,"(62, 4)"
7116,7117,62, Down     ,7117, L   ,5,"(62, 5)"
7117,7118,62, Down     ,7118, L   ,4,"(62, 4)"
7118,7119,62, Down     ,7119, R   ,3,"(62, 3)"
7119,7120,62, Down     ,7120, R   ,2,"(62, 2)"
7120,7121,62, Down     ,7121, L   ,3,"(62, 3)"
7121,7122,62, Down     ,7122, L   ,2,"(62, 2)"
7122,7123,63, Up       ,7123, R   ,2,"(63, 2)"
7123,7124,63, Up       ,7124, R   ,3,"(63, 3)"
7124,7125,63, Up       ,7125, L   ,2,"(63, 2)"
7125,7126,63, Up       ,7126, L   ,3,"(63, 3)"
7126,7127,63, Up       ,7127, R   ,4,"(63, 4)"
7127,7128,63, Up       ,7128, R   ,5,"(63, 5)"
7128,7129,63, Up       ,7129, L   ,4,"(63, 4)"
7129,7130,63, Up       ,7130, L   ,5,"(63, 5)"
7130,7131,63, Up       ,7131, R   ,6,"(63, 6)"
7131,7132,63, Up       ,7132, R   ,7,"(63, 7)"
7132,7133,63, Up       ,7133, L   ,6,"(63, 6)"
7133,7134,63, Up       ,7134, L   ,7,"(63, 7)"
7134,7135,63, Up       ,7135, R   ,8,"(63, 8)"
7135,7136,63, Up       ,7136, R   ,9,"(63, 9)"
7136,7137,63, Up       ,7137, L   ,8,"(63, 8)"
7137,7138,63, Up       ,7138, L   ,9,"(63, 9)"
7138,7139,63, Up       ,7139, R   ,10,"(63, 10)"
7139,7140,63, Up       ,7140, R   ,11,"(63, 11)"
7140,7141,63, Up       ,7141, L   ,10,"(63, 10)"
7141,7142,63, Up       ,7142, L   ,11,"(63, 11)"
7142,7143,63, Up       ,7143, R   ,12,"(63, 12)"
7143,7144,63, Up       ,7144, R   ,13,"(63, 13)"
7144,7145,63, Up       ,7145, L   ,12,"(63, 12)"
7145,7146,63, Up       ,7146, L   ,13,"(63, 13)"
7146,7147,63, Up       ,7147, R   ,14,"(63, 14)"
7147,7148,63, Up       ,7148, R   ,15,"(63, 15)"
7148,7149,63, Up       ,7149, L   ,14,"(63, 14)"
7149,7150,63, Up       ,7150, L   ,15,"(63, 15)"
7150,7151,63, Up       ,7151, R   ,16,"(63, 16)"
7151,7152,63, Up       ,7152, R   ,17,"(63, 17)"
7152,7153,63, Up       ,7153, L   ,16,"(63, 16)"
7153,7154,63, Up       ,7154, L   ,17,"(63, 17)"
7154,7155,63, Up       ,7155, R   ,18,"(63, 18)"
7155,7156,63, Up       ,7156, R   ,19,"(63, 19)"
7156,7157,63, Up       ,7157, L   ,18,"(63, 18)"
7157,7158,63, Up       ,7158, L   ,19,"(63, 19)"
7158,7159,63, Up       ,7159, R   ,20,"(63, 20)"
7159,7160,63, Up       ,7160, R   ,21,"(63, 21)"
7160,7161,63, Up       ,7161, L   ,20,"(63, 20)"
7161,7162,63, Up       ,7162, L   ,21,"(63, 21)"
7162,7163,63, Up       ,7163, R   ,22,"(63, 22)"
7163,7164,63, Up       ,7164, R   ,23,"(63, 23)"
7164,7165,63, Up       ,7165, L   ,22,"(63, 22)"
7165,7166,63, Up       ,7166, L   ,23,"(63, 23)"
7166,7167,63, Up       ,7167, R   ,24,"(63, 24)"
7167,7168,63, Up       ,7168, R   ,25,"(63, 25)"
7168,7169,63, Up       ,7169, L   ,24,"(63, 24)"
7169,7170,63, Up       ,7170, L   ,25,"(63, 25)"
7170,7171,63, Up       ,7171, R   ,26,"(63, 26)"
7171,7172,63, Up       ,7172, R   ,27,"(63, 27)"
7172,7173,63, Up       ,7173, L   ,26,"(63, 26)"
7173,7174,63, Up       ,7174, L   ,27,"(63, 27)"
7174,7175,63, Up       ,7175, R   ,31,"(63, 31)"
7175,7176,63, Up       ,7176, L   ,31,"(63, 31)"
7176,7177,63, Up       ,7177, R   ,32,"(63, 32)"
7177,7178,63, Up       ,7178, R   ,33,"(63, 33)"
7178,7179,63, Up       ,7179, L   ,32,"(63, 32)"
7179,7180,63, Up       ,7180, L   ,33,"(63, 33)"
7180,7181,63, Up       ,7181, R   ,34,"(63, 34)"
7181,7182,63, Up       ,7182, R   ,35,"(63, 35)"
7182,7183,63, Up       ,7183, L   ,34,"(63, 34)"
7183,7184,63, Up       ,7184, L   ,35,"(63, 35)"
7184,7185,63, Up       ,7185, R   ,36,"(63, 36)"
7185,7186,63, Up       ,7186, R   ,37,"(63, 37)"
7186,7187,63, Up       ,7187, L   ,36,"(63, 36)"
7187,7188,63, Up       ,7188, L   ,37,"(63, 37)"
7188,7189,63, Up       ,7189, R   ,38,"(63, 38)"
7189,7190,63, Up       ,7190, R   ,39,"(63, 39)"
7190,7191,63, Up       ,7191, L   ,38,"(63, 38)"
7191,7192,63, Up       ,7192, L   ,39,"(63, 39)"
7192,7193,63, Up       ,7193, R   ,40,"(63, 40)"
7193,7194,63, Up       ,7194, R   ,41,"(63, 41)"
7194,7195,63, Up       ,7195, L   ,40,"(63, 40)"
7195,7196,63, Up       ,7196, L   ,41,"(63, 41)"
7196,7197,63, Up       ,7197, R   ,42,"(63, 42)"
7197,7198,63, Up       ,7198, R   ,43,"(63, 43)"
7198,7199,63, Up       ,7199, L   ,42,"(63, 42)"
7199,7200,63, Up       ,7200, L   ,43,"(63, 43)"
7200,7201,63, Up       ,7201, R   ,44,"(63, 44)"
7201,7202,63, Up       ,7202, R   ,45,"(63, 45)"
7202,7203,63, Up       ,7203, L   ,44,"(63, 44)"
7203,7204,63, Up       ,7204, L   ,45,"(63, 45)"
7204,7205,63, Up       ,7205, R   ,46,"(63, 46)"
7205,7206,63, Up       ,7206, R   ,47,"(63, 47)"
7206,7207,63, Up       ,7207, L   ,46,"(63, 46)"
7207,7208,63, Up       ,7208, L   ,47,"(63, 47)"
7208,7209,63, Up       ,7209, R   ,48,"(63, 48)"
7209,7210,63, Up       ,7210, R   ,49,"(63, 49)"
7210,7211,63, Up       ,7211, L   ,48,"(63, 48)"
7211,7212,63, Up       ,7212, L   ,49,"(63, 49)"
7212,7213,63, Up       ,7213, R   ,50,"(63, 50)"
7213,7214,63, Up       ,7214, R   ,51,"(63, 51)"
7214,7215,63, Up       ,7215, L   ,50,"(63, 50)"
7215,7216,63, Up       ,7216, L   ,51,"(63, 51)"
7216,7217,63, Up       ,7217, R   ,52,"(63, 52)"
7217,7218,63, Up       ,7218, R   ,53,"(63, 53)"
7218,7219,63, Up       ,7219, L   ,52,"(63, 52)"
7219,7220,63, Up       ,7220, L   ,53,"(63, 53)"
7220,7221,63, Up       ,7221, R   ,54,"(63, 54)"
7221,7222,63, Up       ,7222, R   ,55,"(63, 55)"
7222,7223,63, Up       ,7223, L   ,54,"(63, 54)"
7223,7224,63, Up       ,7224, L   ,55,"(63, 55)"
7224,7225,63, Up       ,7225, R   ,56,"(63, 56)"
7225,7226,63, Up       ,7226, R   ,57,"(63, 57)"
7226,7227,63, Up       ,7227, L   ,56,"(63, 56)"
7227,7228,63, Up       ,7228, L   ,57,"(63, 57)"
7228,7229,63, Up       ,7229, R   ,58,"(63, 58)"
7229,7230,63, Up       ,7230, R   ,59,"(63, 59)"
7230,7231,63, Up       ,7231, L   ,58,"(63, 58)"
7231,7232,63, Up       ,7232, L   ,59,"(63, 59)"
7232,7233,63, Up       ,7233, R   ,60,"(63, 60)"
7233,7234,63, Up       ,7234, R   ,61,"(63, 61)"
7234,7235,63, Up       ,7235, L   ,60,"(63, 60)"
7235,7236,63, Up       ,7236, L   ,61,"(63, 61)"
7236,7237,64, Down     ,7237, R   ,61,"(64, 61)"
7237,7238,64, Down     ,7238, R   ,60,"(64, 60)"
7238,7239,64, Down     ,7239, L   ,61,"(64, 61)"
7239,7240,64, Down     ,7240, L   ,60,"(64, 60)"
7240,7241,64, Down     ,7241, R   ,59,"(64, 59)"
7241,7242,64, Down     ,7242, R   ,58,"(64, 58)"
7242,7243,64, Down     ,7243, L   ,59,"(64, 59)"
7243,7244,64, Down     ,7244, L   ,58,"(64, 58)"
7244,7245,64, Down     ,7245, R   ,57,"(64, 57)"
7245,7246,64, Down     ,7246, R   ,56,"(64, 56)"
7246,7247,64, Down     ,7247, L   ,57,"(64, 57)"
7247,7248,64, Down     ,7248, L   ,56,"(64, 56)"
7248,7249,64, Down     ,7249, R   ,55,"(64, 55)"
7249,7250,64, Down     ,7250, R   ,54,"(64, 54)"
7250,7251,64, Down     ,7251, L   ,55,"(64, 55)"
7251,7252,64, Down     ,7252, L   ,54,"(64, 54)"
7252,7253,64, Down     ,7253, R   ,53,"(64, 53)"
7253,7254,64, Down     ,7254, R   ,52,"(64, 52)"
7254,7255,64, Down     ,7255, L   ,53,"(64, 53)"
7255,7256,64, Down     ,7256, L   ,52,"(64, 52)"
7256,7257,64, Down     ,7257, R   ,51,"(64, 51)"
7257,7258,64, Down     ,7258, R   ,50,"(64, 50)"
7258,7259,64, Down     ,7259, L   ,51,"(64, 51)"
7259,7260,64, Down     ,7260, L   ,50,"(64, 50)"
7260,7261,64, Down     ,7261, R   ,49,"(64, 49)"
7261,7262,64, Down     ,7262, R   ,48,"(64, 48)"
7262,7263,64, Down     ,7263, L   ,49,"(64, 49)"
7263,7264,64, Down     ,7264, L   ,48,"(64, 48)"
7264,7265,64, Down     ,7265, R   ,47,"(64, 47)"
7265,7266,64, Down     ,7266, R   ,46,"(64, 46)"
7266,7267,64, Down     ,7267, L   ,47,"(64, 47)"
7267,7268,64, Down     ,7268, L   ,46,"(64, 46)"
7268,7269,64, Down     ,7269, R   ,45,"(64, 45)"
7269,7270,64, Down     ,7270, R   ,44,"(64, 44)"
7270,7271,64, Down     ,7271, L   ,45,"(64, 45)"
7271,7272,64, Down     ,7272, L   ,44,"(64, 44)"
7272,7273,64, Down     ,7273, R   ,43,"(64, 43)"
7273,7274,64, Down     ,7274, R   ,42,"(64, 42)"
7274,7275,64, Down     ,7275, L   ,43,"(64, 43)"
7275,7276,64, Down     ,7276, L   ,42,"(64, 42)"
7276,7277,64, Down     ,7277, R   ,41,"(64, 41)"
7277,7278,64, Down     ,7278, R   ,40,"(64, 40)"
7278,7279,64, Down     ,7279, L   ,41,"(64, 41)"
7279,7280,64, Down     ,7280, L   ,40,"(64, 40)"
7280,7281,64, Down     ,7281, R   ,39,"(64, 39)"
7281,7282,64, Down     ,7282, R   ,38,"(64, 38)"
7282,7283,64, Down     ,7283, L   ,39,"(64, 39)"
7283,7284,64, Down     ,7284, L   ,38,"(64, 38)"
7284,7285,64, Down     ,7285, R   ,37,"(64, 37)"
7285,7286,64, Down     ,7286, R   ,36,"(64, 36)"
7286,7287,64, Down     ,7287, L   ,37,"(64, 37)"
7287,7288,64, Down     ,7288, L   ,36,"(64, 36)"
7288,7289,64, Down     ,7289, R   ,35,"(64, 35)"
7289,7290,64, Down     ,7290, R   ,34,"(64, 34)"
7290,7291,64, Down     ,7291, L   ,35,"(64, 35)"
7291,7292,64, Down     ,7292, L   ,34,"(64, 34)"
7292,7293,64, Down     ,7293, R   ,33,"(64, 33)"
7293,7294,64, Down     ,7294, R   ,32,"(64, 32)"
7294,7295,64, Down     ,7295, L   ,33,"(64, 33)"
7295,7296,64, Down     ,7296, L   ,32,"(64, 32)"
7296,7297,64, Down     ,7297, R   ,31,"(64, 31)"
7297,7298,64, Down     ,7298, L   ,31,"(64, 31)"
7298,7299,64, Down     ,7299, R   ,27,"(64, 27)"
7299,7300,64, Down     ,7300, R   ,26,"(64, 26)"
7300,7301,64, Down     ,7301, L   ,27,"(64, 27)"
7301,7302,64, Down     ,7302, L   ,26,"(64, 26)"
7302,7303,64, Down     ,7303, R   ,25,"(64, 25)"
7303,7304,64, Down     ,7304, R   ,24,"(64, 24)"
7304,7305,64, Down     ,7305, L   ,25,"(64, 25)"
7305,7306,64, Down     ,7306, L   ,24,"(64, 24)"
7306,7307,64, Down     ,7307, R   ,23,"(64, 23)"
7307,7308,64, Down     ,7308, R   ,22,"(64, 22)"
7308,7309,64, Down     ,7309, L   ,23,"(64, 23)"
7309,7310,64, Down     ,7310, L   ,22,"(64, 22)"
7310,7311,64, Down     ,7311, R   ,21,"(64, 21)"
7311,7312,64, Down     ,7312, R   ,20,"(64, 20)"
7312,7313,64, Down     ,7313, L   ,21,"(64, 21)"
7313,7314,64, Down     ,7314, L   ,20,"(64, 20)"
7314,7315,64, Down     ,7315, R   ,19,"(64, 19)"
7315,7316,64, Down     ,7316, R   ,18,"(64, 18)"
7316,7317,64, Down     ,7317, L   ,19,"(64, 19)"
7317,7318,64, Down     ,7318, L   ,18,"(64, 18)"
7318,7319,64, Down     ,7319, R   ,17,"(64, 17)"
7319,7320,64, Down     ,7320, R   ,16,"(64, 16)"
7320,7321,64, Down     ,7321, L   ,17,"(64, 17)"
7321,7322,64, Down     ,7322, L   ,16,"(64, 16)"
7322,7323,64, Down     ,7323, R   ,15,"(64, 15)"
7323,7324,64, Down     ,7324, R   ,14,"(64, 14)"
7324,7325,64, Down     ,7325, L   ,15,"(64, 15)"
7325,7326,64, Down     ,7326, L   ,14,"(64, 14)"
7326,7327,64, Down     ,7327, R   ,13,"(64, 13)"
7327,7328,64, Down     ,7328, R   ,12,"(64, 12)"
7328,7329,64, Down     ,7329, L   ,13,"(64, 13)"
7329,7330,64, Down     ,7330, L   ,12,"(64, 12)"
7330,7331,64, Down     ,7331, R   ,11,"(64, 11)"
7331,7332,64, Down     ,7332, R   ,10,"(64, 10)"
7332,7333,64, Down     ,7333, L   ,11,"(64, 11)"
7333,7334,64, Down     ,7334, L   ,10,"(64, 10)"
7334,7335,64, Down     ,7335, R   ,9,"(64, 9)"
7335,7336,64, Down     ,7336, R   ,8,"(64, 8)"
7336,7337,64, Down     ,7337, L   ,9,"(64, 9)"
7337,7338,64, Down     ,7338, L   ,8,"(64, 8)"
7338,7339,64, Down     ,7339, R   ,7,"(64, 7)"
7339,7340,64, Down     ,7340, R   ,6,"(64, 6)"
7340,7341,64, Down     ,7341, L   ,7,"(64, 7)"
7341,7342,64, Down     ,7342, L   ,6,"(64, 6)"
7342,7343,64, Down     ,7343, R   ,5,"(64, 5)"
7343,7344,64, Down     ,7344, R   ,4,"(64, 4)"
7344,7345,64, Down     ,7345, L   ,5,"(64, 5)"
7345,7346,64, Down     ,7346, L   ,4,"(64, 4)"
7346,7347,64, Down     ,7347, R   ,3,"(64, 3)"
7347,7348,64, Down     ,7348, R   ,2,"(64, 2)"
7348,7349,64, Down     ,7349, L   ,3,"(64, 3)"
7349,7350,64, Down     ,7350, L   ,2,"(64, 2)"
7350,7351,65, Up       ,7351, R   ,2,"(65, 2)"
7351,7352,65, Up       ,7352, R   ,3,"(65, 3)"
7352,7353,65, Up       ,7353, L   ,2,"(65, 2)"
7353,7354,65, Up       ,7354, L   ,3,"(65, 3)"
7354,7355,65, Up       ,7355, R   ,4,"(65, 4)"
7355,7356,65, Up       ,7356, R   ,5,"(65, 5)"
7356,7357,65, Up       ,7357, L   ,4,"(65, 4)"
7357,7358,65, Up       ,7358, L   ,5,"(65, 5)"
7358,7359,65, Up       ,7359, R   ,6,"(65, 6)"
7359,7360,65, Up       ,7360, R   ,7,"(65, 7)"
7360,7361,65, Up       ,7361, L   ,6,"(65, 6)"
7361,7362,65, Up       ,7362, L   ,7,"(65, 7)"
7362,7363,65, Up       ,7363, R   ,8,"(65, 8)"
7363,7364,65, Up       ,7364, R   ,9,"(65, 9)"
7364,7365,65, Up       ,7365, L   ,8,"(65, 8)"
7365,7366,65, Up       ,7366, L   ,9,"(65, 9)"
7366,7367,65, Up       ,7367, R   ,11,"(65, 11)"
7367,7368,65, Up       ,7368, L   ,10,"(65, 10)"
7368,7369,65, Up       ,7369, L   ,11,"(65, 11)"
7369,7370,65, Up       ,7370, R   ,12,"(65, 12)"
7370,7371,65, Up       ,7371, R   ,13,"(65, 13)"
7371,7372,65, Up       ,7372, L   ,12,"(65, 12)"
7372,7373,65, Up       ,7373, L   ,13,"(65, 13)"
7373,7374,65, Up       ,7374, R   ,14,"(65, 14)"
7374,7375,65, Up       ,7375, R   ,15,"(65, 15)"
7375,7376,65, Up       ,7376, L   ,14,"(65, 14)"
7376,7377,65, Up       ,7377, L   ,15,"(65, 15)"
7377,7378,65, Up       ,7378, R   ,16,"(65, 16)"
7378,7379,65, Up       ,7379, R   ,17,"(65, 17)"
7379,7380,65, Up       ,7380, L   ,16,"(65, 16)"
7380,7381,65, Up       ,7381, L   ,17,"(65, 17)"
7381,7382,65, Up       ,7382, R   ,18,"(65, 18)"
7382,7383,65, Up       ,7383, R   ,19,"(65, 19)"
7383,7384,65, Up       ,7384, L   ,18,"(65, 18)"
7384,7385,65, Up       ,7385, L   ,19,"(65, 19)"
7385,7386,65, Up       ,7386, R   ,20,"(65, 20)"
7386,7387,65, Up       ,7387, R   ,21,"(65, 21)"
7387,7388,65, Up       ,7388, L   ,20,"(65, 20)"
7388,7389,65, Up       ,7389, L   ,21,"(65, 21)"
7389,7390,65, Up       ,7390, R   ,22,"(65, 22)"
7390,7391,65, Up       ,7391, R   ,23,"(65, 23)"
7391,7392,65, Up       ,7392, L   ,22,"(65, 22)"
7392,7393,65, Up       ,7393, L   ,23,"(65, 23)"
7393,7394,65, Up       ,7394, R   ,24,"(65, 24)"
7394,7395,65, Up       ,7395, R   ,25,"(65, 25)"
7395,7396,65, Up       ,7396, L   ,24,"(65, 24)"
7396,7397,65, Up       ,7397, L   ,25,"(65, 25)"
7397,7398,65, Up       ,7398, R   ,26,"(65, 26)"
7398,7399,65, Up       ,7399, R   ,27,"(65, 27)"
7399,7400,65, Up       ,7400, L   ,26,"(65, 26)"
7400,7401,65, Up       ,7401, L   ,27,"(65, 27)"
7401,7402,65, Up       ,7402, R   ,31,"(65, 31)"
7402,7403,65, Up       ,7403, L   ,31,"(65, 31)"
7403,7404,65, Up       ,7404, R   ,33,"(65, 33)"
7404,7405,65, Up       ,7405, L   ,32,"(65, 32)"
7405,7406,65, Up       ,7406, L   ,33,"(65, 33)"
7406,7407,65, Up       ,7407, R   ,34,"(65, 34)"
7407,7408,65, Up       ,7408, R   ,35,"(65, 35)"
7408,7409,65, Up       ,7409, L   ,34,"(65, 34)"
7409,7410,65, Up       ,7410, L   ,35,"(65, 35)"
7410,7411,65, Up       ,7411, R   ,36,"(65, 36)"
7411,7412,65, Up       ,7412, R   ,37,"(65, 37)"
7412,7413,65, Up       ,7413, L   ,36,"(65, 36)"
7413,7414,65, Up       ,7414, L   ,37,"(65, 37)"
7414,7415,65, Up       ,7415, R   ,38,"(65, 38)"
7415,7416,65, Up       ,7416, R   ,39,"(65, 39)"
7416,7417,65, Up       ,7417, L   ,38,"(65, 38)"
7417,7418,65, Up       ,7418, L   ,39,"(65, 39)"
7418,7419,65, Up       ,7419, R   ,40,"(65, 40)"
7419,7420,65, Up       ,7420, R   ,41,"(65, 41)"
7420,7421,65, Up       ,7421, L   ,40,"(65, 40)"
7421,7422,65, Up       ,7422, L   ,41,"(65, 41)"
7422,7423,65, Up       ,7423, R   ,42,"(65, 42)"
7423,7424,65, Up       ,7424, R   ,43,"(65, 43)"
7424,7425,65, Up       ,7425, L   ,42,"(65, 42)"
7425,7426,65, Up       ,7426, L   ,43,"(65, 43)"
7426,7427,65, Up       ,7427, R   ,44,"(65, 44)"
7427,7428,65, Up       ,7428, R   ,45,"(65, 45)"
7428,7429,65, Up       ,7429, L   ,44,"(65, 44)"
7429,7430,65, Up       ,7430, L   ,45,"(65, 45)"
7430,7431,65, Up       ,7431, R   ,46,"(65, 46)"
7431,7432,65, Up       ,7432, R   ,47,"(65, 47)"
7432,7433,65, Up       ,7433, L   ,46,"(65, 46)"
7433,7434,65, Up       ,7434, L   ,47,"(65, 47)"
7434,7435,65, Up       ,7435, R   ,48,"(65, 48)"
7435,7436,65, Up       ,7436, R   ,49,"(65, 49)"
7436,7437,65, Up       ,7437, L   ,48,"(65, 48)"
7437,7438,65, Up       ,7438, L   ,49,"(65, 49)"
7438,7439,65, Up       ,7439, R   ,50,"(65, 50)"
7439,7440,65, Up       ,7440, R   ,51,"(65, 51)"
7440,7441,65, Up       ,7441, L   ,50,"(65, 50)"
7441,7442,65, Up       ,7442, L   ,51,"(65, 51)"
7442,7443,65, Up       ,7443, R   ,52,"(65, 52)"
7443,7444,65, Up       ,7444, R   ,53,"(65, 53)"
7444,7445,65, Up       ,7445, L   ,52,"(65, 52)"
7445,7446,65, Up       ,7446, L   ,53,"(65, 53)"
7446,7447,65, Up       ,7447, R   ,54,"(65, 54)"
7447,7448,65, Up       ,7448, L   ,54,"(65, 54)"
7448,7449,65, Up       ,7449, L   ,55,"(65, 55)"
7449,7450,65, Up       ,7450, R   ,56,"(65, 56)"
7450,7451,65, Up       ,7451, R   ,57,"(65, 57)"
7451,7452,65, Up       ,7452, L   ,56,"(65, 56)"
7452,7453,65, Up       ,7453, L   ,57,"(65, 57)"
7453,7454,65, Up       ,7454, R   ,58,"(65, 58)"
7454,7455,65, Up       ,7455, R   ,59,"(65, 59)"
7455,7456,65, Up       ,7456, L   ,58,"(65, 58)"
7456,7457,65, Up       ,7457, L   ,59,"(65, 59)"
7457,7458,65, Up       ,7458, R   ,60,"(65, 60)"
7458,7459,65, Up       ,7459, R   ,61,"(65, 61)"
7459,7460,65, Up       ,7460, L   ,60,"(65, 60)"
7460,7461,65, Up       ,7461, L   ,61,"(65, 61)"
7461,7462,66, Down     ,7462, R   ,61,"(66, 61)"
7462,7463,66, Down     ,7463, R   ,60,"(66, 60)"
7463,7464,66, Down     ,7464, L   ,61,"(66, 61)"
7464,7465,66, Down     ,7465, L   ,60,"(66, 60)"
7465,7466,66, Down     ,7466, R   ,59,"(66, 59)"
7466,7467,66, Down     ,7467, R   ,58,"(66, 58)"
7467,7468,66, Down     ,7468, L   ,59,"(66, 59)"
7468,7469,66, Down     ,7469, L   ,58,"(66, 58)"
7469,7470,66, Down     ,7470, R   ,57,"(66, 57)"
7470,7471,66, Down     ,7471, R   ,56,"(66, 56)"
7471,7472,66, Down     ,7472, L   ,57,"(66, 57)"
7472,7473,66, Down     ,7473, L   ,56,"(66, 56)"
7473,7474,66, Down     ,7474, R   ,55,"(66, 55)"
7474,7475,66, Down     ,7475, R   ,54,"(66, 54)"
7475,7476,66, Down     ,7476, L   ,55,"(66, 55)"
7476,7477,66, Down     ,7477, L   ,54,"(66, 54)"
7477,7478,66, Down     ,7478, R   ,53,"(66, 53)"
7478,7479,66, Down     ,7479, R   ,52,"(66, 52)"
7479,7480,66, Down     ,7480, L   ,53,"(66, 53)"
7480,7481,66, Down     ,7481, L   ,52,"(66, 52)"
7481,7482,66, Down     ,7482, R   ,51,"(66, 51)"
7482,7483,66, Down     ,7483, R   ,50,"(66, 50)"
7483,7484,66, Down     ,7484, L   ,51,"(66, 51)"
7484,7485,66, Down     ,7485, L   ,50,"(66, 50)"
7485,7486,66, Down     ,7486, R   ,49,"(66, 49)"
7486,7487,66, Down     ,7487, R   ,48,"(66, 48)"
7487,7488,66, Down     ,7488, L   ,49,"(66, 49)"
7488,7489,66, Down     ,7489, L   ,48,"(66, 48)"
7489,7490,66, Down     ,7490, R   ,47,"(66, 47)"
7490,7491,66, Down     ,7491, R   ,46,"(66, 46)"
7491,7492,66, Down     ,7492, L   ,47,"(66, 47)"
7492,7493,66, Down     ,7493, L   ,46,"(66, 46)"
7493,7494,66, Down     ,7494, R   ,45,"(66, 45)"
7494,7495,66, Down     ,7495, R   ,44,"(66, 44)"
7495,7496,66, Down     ,7496, L   ,45,"(66, 45)"
7496,7497,66, Down     ,7497, L   ,44,"(66, 44)"
7497,7498,66, Down     ,7498, R   ,43,"(66, 43)"
7498,7499,66, Down     ,7499, R   ,42,"(66, 42)"
7499,7500,66, Down     ,7500, L   ,43,"(66, 43)"
7500,7501,66, Down     ,7501, L   ,42,"(66, 42)"
7501,7502,66, Down     ,7502, R   ,41,"(66, 41)"
7502,7503,66, Down     ,7503, R   ,40,"(66, 40)"
7503,7504,66, Down     ,7504, L   ,41,"(66, 41)"
7504,7505,66, Down     ,7505, L   ,40,"(66, 40)"
7505,7506,66, Down     ,7506, R   ,39,"(66, 39)"
7506,7507,66, Down     ,7507, R   ,38,"(66, 38)"
7507,7508,66, Down     ,7508, L   ,39,"(66, 39)"
7508,7509,66, Down     ,7509, L   ,38,"(66, 38)"
7509,7510,66, Down     ,7510, R   ,37,"(66, 37)"
7510,7511,66, Down     ,7511, R   ,36,"(66, 36)"
7511,7512,66, Down     ,7512, L   ,37,"(66, 37)"
7512,7513,66, Down     ,7513, L   ,36,"(66, 36)"
7513,7514,66, Down     ,7514, R   ,35,"(66, 35)"
7514,7515,66, Down     ,7515, R   ,34,"(66, 34)"
7515,7516,66, Down     ,7516, L   ,35,"(66, 35)"
7516,7517,66, Down     ,7517, L   ,34,"(66, 34)"
7517,7518,66, Down     ,7518, R   ,33,"(66, 33)"
7518,7519,66, Down     ,7519, R   ,32,"(66, 32)"
7519,7520,66, Down     ,7520, L   ,33,"(66, 33)"
7520,7521,66, Down     ,7521, L   ,32,"(66, 32)"
7521,7522,66, Down     ,7522, R   ,31,"(66, 31)"
7522,7523,66, Down     ,7523, L   ,31,"(66, 31)"
7523,7524,66, Down     ,7524, R   ,27,"(66, 27)"
7524,7525,66, Down     ,7525, R   ,26,"(66, 26)"
7525,7526,66, Down     ,7526, L   ,27,"(66, 27)"
7526,7527,66, Down     ,7527, L   ,26,"(66, 26)"
7527,7528,66, Down     ,7528, R   ,25,"(66, 25)"
7528,7529,66, Down     ,7529, R   ,24,"(66, 24)"
7529,7530,66, Down     ,7530, L   ,25,"(66, 25)"
7530,7531,66, Down     ,7531, L   ,24,"(66, 24)"
7531,7532,66, Down     ,7532, R   ,23,"(66, 23)"
7532,7533,66, Down     ,7533, R   ,22,"(66, 22)"
7533,7534,66, Down     ,7534, L   ,23,"(66, 23)"
7534,7535,66, Down     ,7535, L   ,22,"(66, 22)"
7535,7536,66, Down     ,7536, R   ,21,"(66, 21)"
7536,7537,66, Down     ,7537, R   ,20,"(66, 20)"
7537,7538,66, Down     ,7538, L   ,21,"(66, 21)"
7538,7539,66, Down     ,7539, L   ,20,"(66, 20)"
7539,7540,66, Down     ,7540, R   ,19,"(66, 19)"
7540,7541,66, Down     ,7541, R   ,18,"(66, 18)"
7541,7542,66, Down     ,7542, L   ,19,"(66, 19)"
7542,7543,66, Down     ,7543, L   ,18,"(66, 18)"
7543,7544,66, Down     ,7544, R   ,17,"(66, 17)"
7544,7545,66, Down     ,7545, R   ,16,"(66, 16)"
7545,7546,66, Down     ,7546, L   ,17,"(66, 17)"
7546,7547,66, Down     ,7547, L   ,16,"(66, 16)"
7547,7548,66, Down     ,7548, R   ,15,"(66, 15)"
7548,7549,66, Down     ,7549, R   ,14,"(66, 14)"
7549,7550,66, Down     ,7550, L   ,15,"(66, 15)"
7550,7551,66, Down     ,7551, L   ,14,"(66, 14)"
7551,7552,66, Down     ,7552, R   ,13,"(66, 13)"
7552,7553,66, Down     ,7553, R   ,12,"(66, 12)"
7553,7554,66, Down     ,7554, L   ,13,"(66, 13)"
7554,7555,66, Down     ,7555, L   ,12,"(66, 12)"
7555,7556,66, Down     ,7556, R   ,11,"(66, 11)"
7556,7557,66, Down     ,7557, R   ,10,"(66, 10)"
7557,7558,66, Down     ,7558, L   ,11,"(66, 11)"
7558,7559,66, Down     ,7559, L   ,10,"(66, 10)"
7559,7560,66, Down     ,7560, R   ,9,"(66, 9)"
7560,7561,66, Down     ,7561, R   ,8,"(66, 8)"
7561,7562,66, Down     ,7562, L   ,9,"(66, 9)"
7562,7563,66, Down     ,7563, L   ,8,"(66, 8)"
7563,7564,66, Down     ,7564, R   ,7,"(66, 7)"
7564,7565,66, Down     ,7565, R   ,6,"(66, 6)"
7565,7566,66, Down     ,7566, L   ,7,"(66, 7)"
7566,7567,66, Down     ,7567, L   ,6,"(66, 6)"
7567,7568,66, Down     ,7568, R   ,5,"(66, 5)"
7568,7569,66, Down     ,7569, R   ,4,"(66, 4)"
7569,7570,66, Down     ,7570, L   ,5,"(66, 5)"
7570,7571,66, Down     ,7571, L   ,4,"(66, 4)"
7571,7572,66, Down     ,7572, R   ,3,"(66, 3)"
7572,7573,66, Down     ,7573, R   ,2,"(66, 2)"
7573,7574,66, Down     ,7574, L   ,3,"(66, 3)"
7574,7575,66, Down     ,7575, L   ,2,"(66, 2)"
7575,7576,67, Up       ,7576, R   ,2,"(67, 2)"
7576,7577,67, Up       ,7577, R   ,3,"(67, 3)"
7577,7578,67, Up       ,7578, L   ,2,"(67, 2)"
7578,7579,67, Up       ,7579, L   ,3,"(67, 3)"
7579,7580,67, Up       ,7580, R   ,4,"(67, 4)"
7580,7581,67, Up       ,7581, R   ,5,"(67, 5)"
7581,7582,67, Up       ,7582, L   ,4,"(67, 4)"
7582,7583,67, Up       ,7583, L   ,5,"(67, 5)"
7583,7584,67, Up       ,7584, R   ,6,"(67, 6)"
7584,7585,67, Up       ,7585, R   ,7,"(67, 7)"
7585,7586,67, Up       ,7586, L   ,6,"(67, 6)"
7586,7587,67, Up       ,7587, L   ,7,"(67, 7)"
7587,7588,67, Up       ,7588, R   ,8,"(67, 8)"
7588,7589,67, Up       ,7589, R   ,9,"(67, 9)"
7589,7590,67, Up       ,7590, L   ,8,"(67, 8)"
7590,7591,67, Up       ,7591, L   ,9,"(67, 9)"
7591,7592,67, Up       ,7592, R   ,10,"(67, 10)"
7592,7593,67, Up       ,7593, R   ,11,"(67, 11)"
7593,7594,67, Up       ,7594, L   ,10,"(67, 10)"
7594,7595,67, Up       ,7595, L   ,11,"(67, 11)"
7595,7596,67, Up       ,7596, R   ,12,"(67, 12)"
7596,7597,67, Up       ,7597, R   ,13,"(67, 13)"
7597,7598,67, Up       ,7598, L   ,12,"(67, 12)"
7598,7599,67, Up       ,7599, L   ,13,"(67, 13)"
7599,7600,67, Up       ,7600, R   ,14,"(67, 14)"
7600,7601,67, Up       ,7601, R   ,15,"(67, 15)"
7601,7602,67, Up       ,7602, L   ,14,"(67, 14)"
7602,7603,67, Up       ,7603, L   ,15,"(67, 15)"
7603,7604,67, Up       ,7604, R   ,16,"(67, 16)"
7604,7605,67, Up       ,7605, R   ,17,"(67, 17)"
7605,7606,67, Up       ,7606, L   ,16,"(67, 16)"
7606,7607,67, Up       ,7607, L   ,17,"(67, 17)"
7607,7608,67, Up       ,7608, R   ,18,"(67, 18)"
7608,7609,67, Up       ,7609, R   ,19,"(67, 19)"
7609,7610,67, Up       ,7610, L   ,18,"(67, 18)"
7610,7611,67, Up       ,7611, L   ,19,"(67, 19)"
7611,7612,67, Up       ,7612, R   ,20,"(67, 20)"
7612,7613,67, Up       ,7613, R   ,21,"(67, 21)"
7613,7614,67, Up       ,7614, L   ,20,"(67, 20)"
7614,7615,67, Up       ,7615, L   ,21,"(67, 21)"
7615,7616,67, Up       ,7616, R   ,22,"(67, 22)"
7616,7617,67, Up       ,7617, R   ,23,"(67, 23)"
7617,7618,67, Up       ,7618, L   ,22,"(67, 22)"
7618,7619,67, Up       ,7619, L   ,23,"(67, 23)"
7619,7620,67, Up       ,7620, R   ,24,"(67, 24)"
7620,7621,67, Up       ,7621, R   ,25,"(67, 25)"
7621,7622,67, Up       ,7622, L   ,24,"(67, 24)"
7622,7623,67, Up       ,7623, L   ,25,"(67, 25)"
7623,7624,67, Up       ,7624, R   ,26,"(67, 26)"
7624,7625,67, Up       ,7625, R   ,27,"(67, 27)"
7625,7626,67, Up       ,7626, L   ,26,"(67, 26)"
7626,7627,67, Up       ,7627, L   ,27,"(67, 27)"
7627,7628,67, Up       ,7628, R   ,31,"(67, 31)"
7628,7629,67, Up       ,7629, L   ,31,"(67, 31)"
7629,7630,67, Up       ,7630, R   ,32,"(67, 32)"
7630,7631,67, Up       ,7631, R   ,33,"(67, 33)"
7631,7632,67, Up       ,7632, L   ,32,"(67, 32)"
7632,7633,67, Up       ,7633, L   ,33,"(67, 33)"
7633,7634,67, Up       ,7634, R   ,34,"(67, 34)"
7634,7635,67, Up       ,7635, R   ,35,"(67, 35)"
7635,7636,67, Up       ,7636, L   ,34,"(67, 34)"
7636,7637,67, Up       ,7637, L   ,35,"(67, 35)"
7637,7638,67, Up       ,7638, R   ,36,"(67, 36)"
7638,7639,67, Up       ,7639, R   ,37,"(67, 37)"
7639,7640,67, Up       ,7640, L   ,36,"(67, 36)"
7640,7641,67, Up       ,7641, L   ,37,"(67, 37)"
7641,7642,67, Up       ,7642, R   ,38,"(67, 38)"
7642,7643,67, Up       ,7643, R   ,39,"(67, 39)"
7643,7644,67, Up       ,7644, L   ,38,"(67, 38)"
7644,7645,67, Up       ,7645, L   ,39,"(67, 39)"
7645,7646,67, Up       ,7646, R   ,40,"(67, 40)"
7646,7647,67, Up       ,7647, R   ,41,"(67, 41)"
7647,7648,67, Up       ,7648, L   ,40,"(67, 40)"
7648,7649,67, Up       ,7649, L   ,41,"(67, 41)"
7649,7650,67, Up       ,7650, R   ,42,"(67, 42)"
7650,7651,67, Up       ,7651, R   ,43,"(67, 43)"
7651,7652,67, Up       ,7652, L   ,42,"(67, 42)"
7652,7653,67, Up       ,7653, L   ,43,"(67, 43)"
7653,7654,67, Up       ,7654, R   ,44,"(67, 44)"
7654,7655,67, Up       ,7655, R   ,45,"(67, 45)"
7655,7656,67, Up       ,7656, L   ,44,"(67, 44)"
7656,7657,67, Up       ,7657, L   ,45,"(67, 45)"
7657,7658,67, Up       ,7658, R   ,46,"(67, 46)"
7658,7659,67, Up       ,7659, R   ,47,"(67, 47)"
7659,7660,67, Up       ,7660, L   ,46,"(67, 46)"
7660,7661,67, Up       ,7661, L   ,47,"(67, 47)"
7661,7662,67, Up       ,7662, R   ,48,"(67, 48)"
7662,7663,67, Up       ,7663, R   ,49,"(67, 49)"
7663,7664,67, Up       ,7664, L   ,48,"(67, 48)"
7664,7665,67, Up       ,7665, L   ,49,"(67, 49)"
7665,7666,67, Up       ,7666, R   ,50,"(67, 50)"
7666,7667,67, Up       ,7667, R   ,51,"(67, 51)"
7667,7668,67, Up       ,7668, L   ,50,"(67, 50)"
7668,7669,67, Up       ,7669, L   ,51,"(67, 51)"
7669,7670,67, Up       ,7670, R   ,52,"(67, 52)"
7670,7671,67, Up       ,7671, R   ,53,"(67, 53)"
7671,7672,67, Up       ,7672, L   ,52,"(67, 52)"
7672,7673,67, Up       ,7673, L   ,53,"(67, 53)"
7673,7674,67, Up       ,7674, R   ,54,"(67, 54)"
7674,7675,67, Up       ,7675, R   ,55,"(67, 55)"
7675,7676,67, Up       ,7676, L   ,54,"(67, 54)"
7676,7677,67, Up       ,7677, L   ,55,"(67, 55)"
7677,7678,67, Up       ,7678, R   ,56,"(67, 56)"
7678,7679,67, Up       ,7679, R   ,57,"(67, 57)"
7679,7680,67, Up       ,7680, L   ,56,"(67, 56)"
7680,7681,67, Up       ,7681, L   ,57,"(67, 57)"
7681,7682,67, Up       ,7682, R   ,58,"(67, 58)"
7682,7683,67, Up       ,7683, R   ,59,"(67, 59)"
7683,7684,67, Up       ,7684, L   ,58,"(67, 58)"
7684,7685,67, Up       ,7685, L   ,59,"(67, 59)"
7685,7686,67, Up       ,7686, R   ,60,"(67, 60)"
7686,7687,67, Up       ,7687, R   ,61,"(67, 61)"
7687,7688,67, Up       ,7688, L   ,60,"(67, 60)"
7688,7689,67, Up       ,7689, L   ,61,"(67, 61)"
7689,7690,68, Down     ,7690, R   ,61,"(68, 61)"
7690,7691,68, Down     ,7691, R   ,60,"(68, 60)"
7691,7692,68, Down     ,7692, L   ,61,"(68, 61)"
7692,7693,68, Down     ,7693, L   ,60,"(68, 60)"
7693,7694,68, Down     ,7694, R   ,59,"(68, 59)"
7694,7695,68, Down     ,7695, R   ,58,"(68, 58)"
7695,7696,68, Down     ,7696, L   ,59,"(68, 59)"
7696,7697,68, Down     ,7697, L   ,58,"(68, 58)"
7697,7698,68, Down     ,7698, R   ,57,"(68, 57)"
7698,7699,68, Down     ,7699, R   ,56,"(68, 56)"
7699,7700,68, Down     ,7700, L   ,57,"(68, 57)"
7700,7701,68, Down     ,7701, L   ,56,"(68, 56)"
7701,7702,68, Down     ,7702, R   ,55,"(68, 55)"
7702,7703,68, Down     ,7703, R   ,54,"(68, 54)"
7703,7704,68, Down     ,7704, L   ,54,"(68, 54)"
7704,7705,68, Down     ,7705, R   ,53,"(68, 53)"
7705,7706,68, Down     ,7706, R   ,52,"(68, 52)"
7706,7707,68, Down     ,7707, L   ,53,"(68, 53)"
7707,7708,68, Down     ,7708, L   ,52,"(68, 52)"
7708,7709,68, Down     ,7709, R   ,51,"(68, 51)"
7709,7710,68, Down     ,7710, R   ,50,"(68, 50)"
7710,7711,68, Down     ,7711, L   ,51,"(68, 51)"
7711,7712,68, Down     ,7712, L   ,50,"(68, 50)"
7712,7713,68, Down     ,7713, R   ,49,"(68, 49)"
7713,7714,68, Down     ,7714, R   ,48,"(68, 48)"
7714,7715,68, Down     ,7715, L   ,49,"(68, 49)"
7715,7716,68, Down     ,7716, L   ,48,"(68, 48)"
7716,7717,68, Down     ,7717, R   ,47,"(68, 47)"
7717,7718,68, Down     ,7718, R   ,46,"(68, 46)"
7718,7719,68, Down     ,7719, L   ,47,"(68, 47)"
7719,7720,68, Down     ,7720, L   ,46,"(68, 46)"
7720,7721,68, Down     ,7721, R   ,45,"(68, 45)"
7721,7722,68, Down     ,7722, R   ,44,"(68, 44)"
7722,7723,68, Down     ,7723, L   ,45,"(68, 45)"
7723,7724,68, Down     ,7724, L   ,44,"(68, 44)"
7724,7725,68, Down     ,7725, R   ,43,"(68, 43)"
7725,7726,68, Down     ,7726, R   ,42,"(68, 42)"
7726,7727,68, Down     ,7727, L   ,43,"(68, 43)"
7727,7728,68, Down     ,7728, L   ,42,"(68, 42)"
7728,7729,68, Down     ,7729, R   ,41,"(68, 41)"
7729,7730,68, Down     ,7730, R   ,40,"(68, 40)"
7730,7731,68, Down     ,7731, L   ,41,"(68, 41)"
7731,7732,68, Down     ,7732, L   ,40,"(68, 40)"
7732,7733,68, Down     ,7733, R   ,39,"(68, 39)"
7733,7734,68, Down     ,7734, R   ,38,"(68, 38)"
7734,7735,68, Down     ,7735, L   ,39,"(68, 39)"
7735,7736,68, Down     ,7736, L   ,38,"(68, 38)"
7736,7737,68, Down     ,7737, R   ,37,"(68, 37)"
7737,7738,68, Down     ,7738, R   ,36,"(68, 36)"
7738,7739,68, Down     ,7739, L   ,37,"(68, 37)"
7739,7740,68, Down     ,7740, L   ,36,"(68, 36)"
7740,7741,68, Down     ,7741, R   ,35,"(68, 35)"
7741,7742,68, Down     ,7742, R   ,34,"(68, 34)"
7742,7743,68, Down     ,7743, L   ,35,"(68, 35)"
7743,7744,68, Down     ,7744, L   ,34,"(68, 34)"
7744,7745,68, Down     ,7745, R   ,33,"(68, 33)"
7745,7746,68, Down     ,7746, R   ,32,"(68, 32)"
7746,7747,68, Down     ,7747, L   ,33,"(68, 33)"
7747,7748,68, Down     ,7748, R   ,31,"(68, 31)"
7748,7749,68, Down     ,7749, L   ,31,"(68, 31)"
7749,7750,68, Down     ,7750, R   ,27,"(68, 27)"
7750,7751,68, Down     ,7751, R   ,26,"(68, 26)"
7751,7752,68, Down     ,7752, L   ,27,"(68, 27)"
7752,7753,68, Down     ,7753, L   ,26,"(68, 26)"
7753,7754,68, Down     ,7754, R   ,25,"(68, 25)"
7754,7755,68, Down     ,7755, R   ,24,"(68, 24)"
7755,7756,68, Down     ,7756, L   ,25,"(68, 25)"
7756,7757,68, Down     ,7757, L   ,24,"(68, 24)"
7757,7758,68, Down     ,7758, R   ,23,"(68, 23)"
7758,7759,68, Down     ,7759, R   ,22,"(68, 22)"
7759,7760,68, Down     ,7760, L   ,23,"(68, 23)"
7760,7761,68, Down     ,7761, L   ,22,"(68, 22)"
7761,7762,68, Down     ,7762, R   ,21,"(68, 21)"
7762,7763,68, Down     ,7763, R   ,20,"(68, 20)"
7763,7764,68, Down     ,7764, L   ,21,"(68, 21)"
7764,7765,68, Down     ,7765, L   ,20,"(68, 20)"
7765,7766,68, Down     ,7766, R   ,19,"(68, 19)"
7766,7767,68, Down     ,7767, R   ,18,"(68, 18)"
7767,7768,68, Down     ,7768, L   ,19,"(68, 19)"
7768,7769,68, Down     ,7769, L   ,18,"(68, 18)"
7769,7770,68, Down     ,7770, R   ,17,"(68, 17)"
7770,7771,68, Down     ,7771, R   ,16,"(68, 16)"
7771,7772,68, Down     ,7772, L   ,17,"(68, 17)"
7772,7773,68, Down     ,7773, L   ,16,"(68, 16)"
7773,7774,68, Down     ,7774, R   ,15,"(68, 15)"
7774,7775,68, Down     ,7775, R   ,14,"(68, 14)"
7775,7776,68, Down     ,7776, L   ,15,"(68, 15)"
7776,7777,68, Down     ,7777, L   ,14,"(68, 14)"
7777,7778,68, Down     ,7778, R   ,13,"(68, 13)"
7778,7779,68, Down     ,7779, R   ,12,"(68, 12)"
7779,7780,68, Down     ,7780, L   ,13,"(68, 13)"
7780,7781,68, Down     ,7781, L   ,12,"(68, 12)"
7781,7782,68, Down     ,7782, R   ,11,"(68, 11)"
7782,7783,68, Down     ,7783, R   ,10,"(68, 10)"
7783,7784,68, Down     ,7784, L   ,11,"(68, 11)"
7784,7785,68, Down     ,7785, R   ,9,"(68, 9)"
7785,7786,68, Down     ,7786, R   ,8,"(68, 8)"
7786,7787,68, Down     ,7787, L   ,9,"(68, 9)"
7787,7788,68, Down     ,7788, L   ,8,"(68, 8)"
7788,7789,68, Down     ,7789, R   ,7,"(68, 7)"
7789,7790,68, Down     ,7790, R   ,6,"(68, 6)"
7790,7791,68, Down     ,7791, L   ,7,"(68, 7)"
7791,7792,68, Down     ,7792, L   ,6,"(68, 6)"
7792,7793,68, Down     ,7793, R   ,5,"(68, 5)"
7793,7794,68, Down     ,7794, R   ,4,"(68, 4)"
7794,7795,68, Down     ,7795, L   ,5,"(68, 5)"
7795,7796,68, Down     ,7796, L   ,4,"(68, 4)"
7796,7797,68, Down     ,7797, R   ,3,"(68, 3)"
7797,7798,68, Down     ,7798, R   ,2,"(68, 2)"
7798,7799,68, Down     ,7799, L   ,3,"(68, 3)"
7799,7800,68, Down     ,7800, L   ,2,"(68, 2)"
7800,7801,69, Up       ,7801, L   ,2,"(69, 2)"
7801,7802,69, Up       ,7802, L   ,3,"(69, 3)"
7802,7803,69, Up       ,7803, L   ,4,"(69, 4)"
7803,7804,69, Up       ,7804, L   ,5,"(69, 5)"
7804,7805,69, Up       ,7805, L   ,6,"(69, 6)"
7805,7806,69, Up       ,7806, L   ,7,"(69, 7)"
7806,7807,69, Up       ,7807, L   ,8,"(69, 8)"
7807,7808,69, Up       ,7808, L   ,9,"(69, 9)"
7808,7809,69, Up       ,7809, L   ,10,"(69, 10)"
7809,7810,69, Up       ,7810, L   ,11,"(69, 11)"
7810,7811,69, Up       ,7811, L   ,12,"(69, 12)"
7811,7812,69, Up       ,7812, L   ,13,"(69, 13)"
7812,7813,69, Up       ,7813, L   ,14,"(69, 14)"
7813,7814,69, Up       ,7814, L   ,15,"(69, 15)"
7814,7815,69, Up       ,7815, L   ,16,"(69, 16)"
7815,7816,69, Up       ,7816, L   ,17,"(69, 17)"
7816,7817,69, Up       ,7817, L   ,18,"(69, 18)"
7817,7818,69, Up       ,7818, L   ,19,"(69, 19)"
7818,7819,69, Up       ,7819, L   ,20,"(69, 20)"
7819,7820,69, Up       ,7820, L   ,21,"(69, 21)"
7820,7821,69, Up       ,7821, L   ,22,"(69, 22)"
7821,7822,69, Up       ,7822, L   ,23,"(69, 23)"
7822,7823,69, Up       ,7823, L   ,24,"(69, 24)"
7823,7824,69, Up       ,7824, L   ,25,"(69, 25)"
7824,7825,69, Up       ,7825, L   ,26,"(69, 26)"
7825,7826,69, Up       ,7826, L   ,27,"(69, 27)"
7826,7827,69, Up       ,7827, L   ,31,"(69, 31)"
7827,7828,69, Up       ,7828, L   ,32,"(69, 32)"
7828,7829,69, Up       ,7829, L   ,33,"(69, 33)"
7829,7830,69, Up       ,7830, L   ,34,"(69, 34)"
7830,7831,69, Up       ,7831, L   ,35,"(69, 35)"
7831,7832,69, Up       ,7832, L   ,36,"(69, 36)"
7832,7833,69, Up       ,7833, L   ,37,"(69, 37)"
7833,7834,69, Up       ,7834, L   ,38,"(69, 38)"
7834,7835,69, Up       ,7835, L   ,39,"(69, 39)"
7835,7836,69, Up       ,7836, L   ,40,"(69, 40)"
7836,7837,69, Up       ,7837, L   ,41,"(69, 41)"
7837,7838,69, Up       ,7838, L   ,42,"(69, 42)"
7838,7839,69, Up       ,7839, L   ,43,"(69, 43)"
7839,7840,69, Up       ,7840, L   ,44,"(69, 44)"
7840,7841,69, Up       ,7841, L   ,45,"(69, 45)"
7841,7842,69, Up       ,7842, L   ,46,"(69, 46)"
7842,7843,69, Up       ,7843, L   ,47,"(69, 47)"
7843,7844,69, Up       ,7844, L   ,48,"(69, 48)"
7844,7845,69, Up       ,7845, L   ,49,"(69, 49)"
7845,7846,69, Up       ,7846, L   ,50,"(69, 50)"
7846,7847,69, Up       ,7847, L   ,51,"(69, 51)"
7847,7848,69, Up       ,7848, L   ,52,"(69, 52)"
7848,7849,69, Up       ,7849, L   ,53,"(69, 53)"
7849,7850,69, Up       ,7850, L   ,54,"(69, 54)"
7850,7851,69, Up       ,7851, L   ,55,"(69, 55)"
7851,7852,69, Up       ,7852, L   ,56,"(69, 56)"
7852,7853,69, Up       ,7853, L   ,57,"(69, 57)"
7853,7854,69, Up       ,7854, L   ,58,"(69, 58)"
7854,7855,69, Up       ,7855, L   ,59,"(69, 59)"
7855,7856,69, Up       ,7856, L   ,60,"(69, 60)"
7856,7857,69, Up       ,7857, L   ,61,"(69, 61)"
