,location,pick_index,tpnd,store_type,weight,mass_factor,merch_group,volume,aisle,Slot_Pair
0,1,1,126.0,1.0,20.626,170.274,2.0,0.1211341719816296,16,"(0, 61)"
1,2,2,17.0,1.0,22.994,1.386,3.0,16.59018759018759,16,"(0, 60)"
2,3,3,24.0,1.0,19.977,10.901,2.0,1.8325841665902207,16,"(0, 61)"
3,4,4,24.0,1.0,19.977,10.901,2.0,1.8325841665902207,16,"(0, 60)"
4,5,5,22.0,1.0,33.0,16.415,3.0,2.010356381358513,16,"(0, 59)"
5,6,6,6.0,1.0,33.0,14.192,3.0,2.325253664036077,16,"(0, 58)"
6,7,7,24.0,1.0,19.977,10.901,2.0,1.8325841665902207,16,"(0, 59)"
7,8,8,24.0,1.0,19.977,10.901,2.0,1.8325841665902207,16,"(0, 58)"
8,9,9,5.0,1.0,33.0,18.842,3.0,1.7514064324381702,16,"(0, 57)"
9,10,10,13883.0,1.0,18.049,20.96,3.0,0.8611164122137404,16,"(0, 56)"
10,11,11,26.0,1.0,18.779,20.15,3.0,0.9319602977667496,16,"(0, 57)"
11,12,12,30.0,1.0,14.017,3.084,3.0,4.545071335927367,16,"(0, 56)"
12,13,13,33.0,1.0,12.0,17.289,3.0,0.6940829429116779,16,"(0, 55)"
13,14,14,,,,,,,16,"(0, 54)"
14,15,15,44.0,1.0,5.061,7.945,3.0,0.6370044052863436,16,"(0, 55)"
15,16,16,44.0,1.0,5.061,7.945,3.0,0.6370044052863436,16,"(0, 54)"
16,17,17,39.0,1.0,3.336,5.892,3.0,0.5661914460285132,16,"(0, 53)"
17,18,18,39.0,1.0,3.336,5.892,3.0,0.5661914460285132,16,"(0, 52)"
18,19,19,44.0,1.0,5.061,7.945,3.0,0.6370044052863436,16,"(0, 53)"
19,20,20,44.0,1.0,5.061,7.945,3.0,0.6370044052863436,16,"(0, 52)"
20,21,21,1922.0,1.0,13.956,10.549,46.0,1.3229690018011186,16,"(0, 51)"
21,22,22,1957.0,1.0,13.972,9.804,46.0,1.4251325989392083,16,"(0, 50)"
22,23,23,1912.0,1.0,13.98,10.486,46.0,1.333206179668129,16,"(0, 51)"
23,24,24,1927.0,1.0,13.98,10.816,46.0,1.2925295857988166,16,"(0, 50)"
24,25,25,1938.0,1.0,13.784,11.047,46.0,1.247759572734679,16,"(0, 49)"
25,26,26,1919.0,1.0,13.202,10.92,46.0,1.208974358974359,16,"(0, 48)"
26,27,27,1898.0,1.0,12.938,11.011,46.0,1.175006811370448,16,"(0, 49)"
27,28,28,1903.0,1.0,13.403,11.329,46.0,1.1830699973519287,16,"(0, 48)"
28,29,29,1896.0,1.0,12.363,10.928,46.0,1.131314055636896,16,"(0, 47)"
29,30,30,1892.0,1.0,13.036,10.817,46.0,1.2051400573171858,16,"(0, 46)"
30,31,31,1909.0,1.0,13.036,10.579,46.0,1.2322525758578315,16,"(0, 47)"
31,32,32,1913.0,1.0,13.284,10.814,46.0,1.2284076197521732,16,"(0, 46)"
32,33,33,1977.0,1.0,12.597,11.309,46.0,1.1138915907684146,16,"(0, 45)"
33,34,34,272610.0,1.0,12.597,11.309,46.0,1.1138915907684146,16,"(0, 44)"
34,35,35,112278.0,1.0,12.597,11.309,46.0,1.1138915907684146,16,"(0, 45)"
35,36,36,1931.0,1.0,13.061,10.967,46.0,1.1909364457007383,16,"(0, 44)"
36,37,37,1925.0,1.0,12.855,9.418,46.0,1.3649394775960928,16,"(0, 43)"
37,38,38,1981.0,1.0,12.855,10.191,46.0,1.261407123932882,16,"(0, 42)"
38,39,39,1973.0,1.0,12.784,11.359,46.0,1.125451184083106,16,"(0, 43)"
39,40,40,1982.0,1.0,12.784,11.252,46.0,1.136153572698187,16,"(0, 42)"
40,41,41,1979.0,1.0,12.813,9.455,46.0,1.3551560021152829,16,"(0, 41)"
41,42,42,1978.0,1.0,12.813,9.455,46.0,1.3551560021152829,16,"(0, 40)"
42,43,43,1963.0,1.0,13.09,9.831,46.0,1.3315023903977214,16,"(0, 41)"
43,44,44,1950.0,1.0,13.309,9.651,46.0,1.3790280799917107,16,"(0, 40)"
44,45,45,1955.0,1.0,13.106,9.977,46.0,1.3136213290568306,16,"(0, 39)"
45,46,46,126540.0,1.0,13.25,10.416,46.0,1.2720814132104454,16,"(0, 38)"
46,47,47,1952.0,1.0,13.047,9.752,46.0,1.3378794093519275,16,"(0, 39)"
47,48,48,247471.0,1.0,13.047,10.914,46.0,1.1954370533260037,16,"(0, 38)"
48,49,49,1932.0,1.0,12.003,9.169,46.0,1.309084960191951,16,"(0, 37)"
49,50,50,242700.0,1.0,12.003,11.505,46.0,1.0432855280312907,16,"(0, 36)"
50,51,51,81563.0,1.0,12.003,10.539,46.0,1.138912610304583,16,"(0, 37)"
51,52,52,30298.0,1.0,12.003,10.539,46.0,1.138912610304583,16,"(0, 36)"
52,53,53,1980.0,1.0,12.003,10.828,46.0,1.1085149612116736,16,"(0, 35)"
53,54,54,1951.0,1.0,12.726,10.353,46.0,1.22920892494929,16,"(0, 34)"
54,55,55,1915.0,1.0,13.144,9.843,46.0,1.3353652341765725,16,"(0, 35)"
55,56,56,1921.0,1.0,13.11,10.915,46.0,1.2010994044892351,16,"(0, 34)"
56,57,57,1970.0,1.0,13.11,9.956,46.0,1.316793893129771,16,"(0, 33)"
57,58,58,1967.0,1.0,13.11,11.14,46.0,1.1768402154398565,16,"(0, 32)"
58,59,59,166129.0,1.0,13.11,10.829,46.0,1.210638101394404,16,"(0, 33)"
59,60,60,1947.0,1.0,13.11,10.158,46.0,1.29060838747785,16,"(0, 32)"
60,61,61,1941.0,1.0,11.88,10.854,46.0,1.0945273631840795,16,"(0, 31)"
61,62,62,,,,,,,16,"(0, 31)"
62,63,63,1910.0,1.0,11.88,10.54,46.0,1.127134724857685,16,"(0, 30)"
63,64,64,146934.0,1.0,11.88,11.112,46.0,1.0691144708423326,16,"(0, 29)"
64,65,65,1984.0,1.0,11.88,10.606,46.0,1.1201206864039224,16,"(0, 28)"
65,66,66,20.0,2.0,22.519,11.646,2.0,1.9336252790657733,16,"(0, 27)"
66,67,67,20.0,2.0,22.519,11.646,2.0,1.9336252790657733,16,"(0, 26)"
67,68,68,2.0,2.0,15.316,11.422,2.0,1.340921029592015,16,"(0, 27)"
68,69,69,18.0,2.0,18.059,9.298,4.0,1.9422456442245648,16,"(0, 26)"
69,70,70,8.0,2.0,16.085,11.195,2.0,1.436802143814203,16,"(0, 25)"
70,71,71,8.0,2.0,16.085,11.195,2.0,1.436802143814203,16,"(0, 24)"
71,72,72,12.0,2.0,10.821,13.053,2.0,0.829004826476672,16,"(0, 25)"
72,73,73,12.0,2.0,10.821,13.053,2.0,0.829004826476672,16,"(0, 24)"
73,74,74,4.0,2.0,19.267,9.256,4.0,2.081568712186689,16,"(0, 23)"
74,75,75,4.0,2.0,19.267,9.256,4.0,2.081568712186689,16,"(0, 22)"
75,76,76,12.0,2.0,10.821,13.053,2.0,0.829004826476672,16,"(0, 23)"
76,77,77,12.0,2.0,10.821,13.053,2.0,0.829004826476672,16,"(0, 22)"
77,78,78,4.0,2.0,19.267,9.256,4.0,2.081568712186689,16,"(0, 21)"
78,79,79,4.0,2.0,19.267,9.256,4.0,2.081568712186689,16,"(0, 20)"
79,80,80,12.0,2.0,10.821,13.053,2.0,0.829004826476672,16,"(0, 21)"
80,81,81,12.0,2.0,10.821,13.053,2.0,0.829004826476672,16,"(0, 20)"
81,82,82,35.0,2.0,18.809,9.233,4.0,2.0371493555724034,16,"(0, 19)"
82,83,83,35.0,2.0,18.809,9.233,4.0,2.0371493555724034,16,"(0, 18)"
83,84,84,27.0,2.0,7.056,9.928,4.0,0.7107171635777598,16,"(0, 19)"
84,85,85,43.0,2.0,6.998,10.288,4.0,0.6802099533437014,16,"(0, 18)"
85,86,86,35.0,2.0,18.809,9.233,4.0,2.0371493555724034,16,"(0, 17)"
86,87,87,35.0,2.0,18.809,9.233,4.0,2.0371493555724034,16,"(0, 16)"
87,88,88,40.0,2.0,13.954,2.506,3.0,5.568236233040703,16,"(0, 17)"
88,89,89,40.0,2.0,13.954,2.506,3.0,5.568236233040703,16,"(0, 16)"
89,90,90,25.0,2.0,14.899,2.66,3.0,5.601127819548871,16,"(0, 15)"
90,91,91,25.0,2.0,14.899,2.66,3.0,5.601127819548871,16,"(0, 14)"
91,92,92,3.0,2.0,14.062,2.76,3.0,5.094927536231884,16,"(0, 15)"
92,93,93,3.0,2.0,14.062,2.76,3.0,5.094927536231884,16,"(0, 14)"
93,94,94,21.0,2.0,5.594,6.65,3.0,0.841203007518797,16,"(0, 13)"
94,95,95,14.0,2.0,2.045,4.173,3.0,0.4900551162233405,16,"(0, 12)"
95,96,96,41.0,2.0,1.764,0.805,3.0,2.1913043478260867,16,"(0, 13)"
96,97,97,41.0,2.0,1.764,0.805,3.0,2.1913043478260867,16,"(0, 12)"
97,98,98,1969.0,1.0,11.88,10.863,46.0,1.0936205468102735,16,"(0, 11)"
98,99,99,1934.0,1.0,12.035,10.126,46.0,1.1885245901639343,16,"(0, 10)"
99,100,100,1933.0,1.0,11.997,10.904,46.0,1.1002384446074835,16,"(0, 11)"
100,101,101,1933.0,1.0,11.997,10.904,46.0,1.1002384446074835,16,"(0, 10)"
101,102,102,1971.0,1.0,11.703,9.806,46.0,1.1934529879665512,16,"(0, 9)"
102,103,103,1918.0,1.0,11.498,10.095,46.0,1.1389796929172855,16,"(0, 8)"
103,104,104,1899.0,1.0,10.717,10.282,46.0,1.0423069441742852,16,"(0, 9)"
104,105,105,1923.0,1.0,10.717,7.301,46.0,1.467881112176414,16,"(0, 8)"
105,106,106,1976.0,1.0,11.365,7.089,46.0,1.60318803780505,16,"(0, 7)"
106,107,107,1939.0,1.0,24.0,7.073,46.0,3.3931853527498936,16,"(0, 6)"
107,108,108,1900.0,1.0,24.0,10.83,46.0,2.21606648199446,16,"(0, 7)"
108,109,109,1917.0,1.0,10.766,6.959,46.0,1.5470613593907172,16,"(0, 6)"
109,110,110,1904.0,1.0,9.401,10.855,46.0,0.8660525103638875,16,"(0, 5)"
110,111,111,1914.0,1.0,9.518,10.408,46.0,0.914488854727133,16,"(0, 4)"
111,112,112,1893.0,1.0,9.403,11.032,46.0,0.8523386511965193,16,"(0, 5)"
112,113,113,1929.0,1.0,9.286,10.831,46.0,0.8573538916074231,16,"(0, 4)"
113,114,114,,,,,,,16,"(0, 3)"
114,115,115,,,,,,,16,"(0, 2)"
115,116,116,1940.0,1.0,9.11,7.21,46.0,1.263522884882108,16,"(0, 3)"
116,117,117,1964.0,1.0,9.324,10.156,46.0,0.9180779834580542,16,"(0, 2)"
117,118,118,1906.0,1.0,9.603,10.832,46.0,0.8865398818316099,17,"(1, 2)"
118,119,119,1972.0,1.0,9.217,10.066,46.0,0.9156566660043712,17,"(1, 3)"
119,120,120,1966.0,1.0,9.217,10.543,46.0,0.8742293464858201,17,"(1, 2)"
120,121,121,1942.0,1.0,7.646,10.858,46.0,0.7041812488487751,17,"(1, 3)"
121,122,122,1945.0,1.0,7.756,11.881,46.0,0.652807002777544,17,"(1, 4)"
122,123,123,1954.0,1.0,7.756,12.547,46.0,0.6181557344385112,17,"(1, 5)"
123,124,124,1894.0,1.0,7.894,10.665,46.0,0.7401781528363808,17,"(1, 4)"
124,125,125,1924.0,1.0,7.526,10.069,46.0,0.7474426457443638,17,"(1, 5)"
125,126,126,1983.0,1.0,6.579,8.523,46.0,0.7719112988384371,17,"(1, 6)"
126,127,127,1958.0,1.0,6.092,8.692,46.0,0.7008743672342383,17,"(1, 7)"
127,128,128,1926.0,1.0,5.349,10.93,46.0,0.4893870082342177,17,"(1, 6)"
128,129,129,1907.0,1.0,5.832,11.101,46.0,0.5253580758490226,17,"(1, 7)"
129,130,130,1946.0,2.0,12.003,10.161,46.0,1.181281369943903,17,"(1, 8)"
130,131,131,1943.0,2.0,12.003,10.833,46.0,1.1080033231791748,17,"(1, 9)"
131,132,132,1944.0,2.0,12.003,10.828,46.0,1.1085149612116736,17,"(1, 8)"
132,133,133,1948.0,2.0,12.726,10.654,46.0,1.1944809461235215,17,"(1, 9)"
133,134,134,1949.0,2.0,13.11,10.835,46.0,1.209967697277342,17,"(1, 10)"
134,135,135,1962.0,2.0,12.087,7.403,46.0,1.632716466297447,17,"(1, 11)"
135,136,136,1935.0,2.0,10.881,10.869,46.0,1.0011040574109855,17,"(1, 10)"
136,137,137,1960.0,2.0,10.881,10.195,46.0,1.0672878862187347,17,"(1, 11)"
137,138,138,1968.0,2.0,24.0,10.856,46.0,2.210759027266028,17,"(1, 12)"
138,139,139,1930.0,2.0,9.518,11.043,46.0,0.8619034682604366,17,"(1, 13)"
139,140,140,1937.0,2.0,9.403,10.87,46.0,0.8650413983440663,17,"(1, 12)"
140,141,141,145717.0,2.0,9.403,10.221,46.0,0.9199686919088153,17,"(1, 13)"
141,142,142,1956.0,2.0,9.281,10.146,46.0,0.9147447269860044,17,"(1, 14)"
142,143,143,1936.0,2.0,7.756,11.881,46.0,0.652807002777544,17,"(1, 15)"
143,144,144,1928.0,2.0,6.325,8.544,46.0,0.7402855805243446,17,"(1, 14)"
144,145,145,,,,,,,17,"(1, 15)"
145,146,146,,,,,,,17,"(1, 16)"
146,147,147,,,,,,,17,"(1, 17)"
147,148,148,1660.0,1.0,12.953,9.447,43.0,1.3711231078649306,17,"(1, 16)"
148,149,149,1646.0,1.0,13.368,13.613,43.0,0.9820024976125764,17,"(1, 17)"
149,150,150,261912.0,1.0,12.362,14.404,43.0,0.858233823937795,17,"(1, 18)"
150,151,151,1656.0,1.0,12.791,14.269,43.0,0.8964188100077091,17,"(1, 19)"
151,152,152,187903.0,1.0,12.938,13.314,43.0,0.971759050623404,17,"(1, 18)"
152,153,153,1639.0,1.0,12.938,10.084,43.0,1.283022610075367,17,"(1, 19)"
153,154,154,1651.0,1.0,13.403,13.854,43.0,0.9674462249169916,17,"(1, 20)"
154,155,155,1662.0,1.0,13.036,15.715,43.0,0.8295259306395164,17,"(1, 21)"
155,156,156,1632.0,1.0,13.34,9.729,43.0,1.3711583924349884,17,"(1, 20)"
156,157,157,1640.0,1.0,13.34,14.081,43.0,0.9473758965982528,17,"(1, 21)"
157,158,158,1664.0,1.0,13.34,9.078,43.0,1.4694866710729235,17,"(1, 22)"
158,159,159,1655.0,1.0,12.952,13.767,43.0,0.9408004648797852,17,"(1, 23)"
159,160,160,1657.0,1.0,12.952,14.473,43.0,0.8949077592758929,17,"(1, 22)"
160,161,161,1642.0,1.0,12.952,13.241,43.0,0.9781738539385244,17,"(1, 23)"
161,162,162,1635.0,1.0,13.09,13.481,43.0,0.9709962168978562,17,"(1, 24)"
162,163,163,1648.0,1.0,13.09,13.907,43.0,0.9412526066009924,17,"(1, 25)"
163,164,164,1638.0,1.0,13.106,13.581,43.0,0.9650246668139312,17,"(1, 24)"
164,165,165,50517.0,1.0,13.106,13.03,43.0,1.0058326937835764,17,"(1, 25)"
165,166,166,1659.0,1.0,13.106,14.112,43.0,0.9287131519274376,17,"(1, 26)"
166,167,167,1652.0,1.0,13.106,13.095,43.0,1.0008400152730048,17,"(1, 27)"
167,168,168,1647.0,1.0,13.25,13.777,43.0,0.9617478406039052,17,"(1, 26)"
168,169,169,1663.0,1.0,13.047,14.071,43.0,0.927226209935328,17,"(1, 27)"
169,170,170,1668.0,1.0,13.047,13.139,43.0,0.9929979450490906,17,"(1, 31)"
170,171,171,163020.0,1.0,9.138,12.465,43.0,0.7330926594464501,17,"(1, 31)"
171,172,172,1634.0,1.0,30.0,10.006,43.0,2.998201079352389,17,"(1, 32)"
172,173,173,1637.0,1.0,9.276,11.6,43.0,0.7996551724137931,17,"(1, 33)"
173,174,174,1631.0,1.0,9.059,12.889,43.0,0.7028473892466444,17,"(1, 32)"
174,175,175,1654.0,1.0,6.961,10.877,43.0,0.6399742576077962,17,"(1, 33)"
175,176,176,1658.0,1.0,6.414,12.077,43.0,0.531092158648671,17,"(1, 34)"
176,177,177,1636.0,1.0,6.713,12.791,43.0,0.5248221405675866,17,"(1, 35)"
177,178,178,1650.0,1.0,6.46,14.047,43.0,0.4598846728838898,17,"(1, 34)"
178,179,179,1670.0,1.0,6.194,13.018,43.0,0.4758027346750653,17,"(1, 35)"
179,180,180,1643.0,1.0,6.325,13.519,43.0,0.467860048820179,17,"(1, 36)"
180,181,181,,,,,,,17,"(1, 37)"
181,182,182,,,,,,,17,"(1, 36)"
182,183,183,718.0,1.0,18.39,8.986,28.0,2.0465168039172044,17,"(1, 37)"
183,184,184,1579.0,1.0,18.39,9.221,28.0,1.9943606984058129,17,"(1, 38)"
184,185,185,1551.0,1.0,16.89,10.607,28.0,1.592344678042802,17,"(1, 39)"
185,186,186,183763.0,1.0,17.033,9.73,28.0,1.7505652620760537,17,"(1, 38)"
186,187,187,1587.0,1.0,16.28,10.196,28.0,1.596704590035308,17,"(1, 39)"
187,188,188,1619.0,1.0,17.038,10.179,28.0,1.6738382945279495,17,"(1, 40)"
188,189,189,1586.0,1.0,17.038,10.179,28.0,1.6738382945279495,17,"(1, 41)"
189,190,190,1609.0,1.0,15.658,10.878,28.0,1.4394190108475822,17,"(1, 40)"
190,191,191,1557.0,1.0,16.5,9.98,28.0,1.653306613226453,17,"(1, 41)"
191,192,192,1827.0,1.0,14.835,9.106,28.0,1.629145618273666,17,"(1, 42)"
192,193,193,1598.0,1.0,15.768,10.014,28.0,1.57459556620731,17,"(1, 43)"
193,194,194,1555.0,1.0,12.625,10.047,28.0,1.2565940081616402,17,"(1, 42)"
194,195,195,55852.0,1.0,12.625,10.544,28.0,1.1973634294385431,17,"(1, 43)"
195,196,196,1629.0,1.0,12.625,9.991,28.0,1.2636372735461916,17,"(1, 44)"
196,197,197,1581.0,1.0,11.287,10.102,28.0,1.1173035042565829,17,"(1, 45)"
197,198,198,30851.0,1.0,10.419,10.015,28.0,1.040339490763854,17,"(1, 44)"
198,199,199,30851.0,1.0,10.419,10.015,28.0,1.040339490763854,17,"(1, 45)"
199,200,200,1442.0,1.0,10.917,10.276,28.0,1.0623783573374854,17,"(1, 46)"
200,201,201,1442.0,1.0,10.917,10.276,28.0,1.0623783573374854,17,"(1, 47)"
201,202,202,1488.0,1.0,9.059,11.413,28.0,0.7937439761675282,17,"(1, 46)"
202,203,203,1623.0,1.0,9.059,11.413,28.0,0.7937439761675282,17,"(1, 47)"
203,204,204,1470.0,1.0,9.068,10.631,28.0,0.8529771423196312,17,"(1, 48)"
204,205,205,1484.0,1.0,8.503,10.882,28.0,0.7813820988788825,17,"(1, 49)"
205,206,206,1506.0,1.0,8.403,10.759,28.0,0.7810205409424668,17,"(1, 48)"
206,207,207,1502.0,1.0,8.615,10.546,28.0,0.8168974018585247,17,"(1, 49)"
207,208,208,24455.0,1.0,8.318,10.55,28.0,0.7884360189573458,17,"(1, 50)"
208,209,209,1669.0,1.0,8.135,10.796,28.0,0.7535198221563543,17,"(1, 51)"
209,210,210,1429.0,1.0,8.32,10.886,28.0,0.7642844019842,17,"(1, 50)"
210,211,211,1429.0,1.0,8.32,10.886,28.0,0.7642844019842,17,"(1, 51)"
211,212,212,1495.0,1.0,8.68,11.323,28.0,0.7665812947098825,17,"(1, 52)"
212,213,213,1518.0,1.0,7.985,11.491,28.0,0.6948916543381778,17,"(1, 53)"
213,214,214,1449.0,1.0,8.68,11.194,28.0,0.7754154011077362,17,"(1, 52)"
214,215,215,1449.0,1.0,8.68,11.194,28.0,0.7754154011077362,17,"(1, 53)"
215,216,216,1452.0,1.0,8.68,10.594,28.0,0.8193316971870871,17,"(1, 54)"
216,217,217,1452.0,1.0,8.68,10.594,28.0,0.8193316971870871,17,"(1, 55)"
217,218,218,1449.0,1.0,8.68,11.194,28.0,0.7754154011077362,17,"(1, 54)"
218,219,219,1449.0,1.0,8.68,11.194,28.0,0.7754154011077362,17,"(1, 55)"
219,220,220,1463.0,1.0,8.436,10.645,28.0,0.7924847346171912,17,"(1, 56)"
220,221,221,1432.0,1.0,8.436,10.887,28.0,0.7748691099476439,17,"(1, 57)"
221,222,222,1580.0,1.0,8.436,11.197,28.0,0.7534160935964991,17,"(1, 56)"
222,223,223,1461.0,1.0,8.436,10.645,28.0,0.7924847346171912,17,"(1, 57)"
223,224,224,1494.0,1.0,8.076,11.221,28.0,0.7197219499153373,17,"(1, 58)"
224,225,225,1479.0,1.0,8.076,11.109,28.0,0.7269781258439104,17,"(1, 59)"
225,226,226,1455.0,1.0,8.076,11.256,28.0,0.7174840085287847,17,"(1, 58)"
226,227,227,1487.0,1.0,8.082,11.75,28.0,0.6878297872340426,17,"(1, 59)"
227,228,228,1883.0,1.0,8.076,10.888,28.0,0.7417340191036004,17,"(1, 60)"
228,229,229,1883.0,1.0,8.076,10.888,28.0,0.7417340191036004,17,"(1, 61)"
229,230,230,1850.0,1.0,8.082,11.276,28.0,0.7167435260730757,17,"(1, 60)"
230,231,231,1850.0,1.0,8.082,11.276,28.0,0.7167435260730757,17,"(1, 61)"
231,232,232,1671.0,1.0,5.533,11.075,28.0,0.4995936794582393,8,"(2, 61)"
232,233,233,1498.0,1.0,5.27,10.632,28.0,0.4956734386756959,8,"(2, 60)"
233,234,234,1472.0,1.0,5.27,10.892,28.0,0.4838413514506059,8,"(2, 61)"
234,235,235,1472.0,1.0,5.27,10.892,28.0,0.4838413514506059,8,"(2, 60)"
235,236,236,1480.0,1.0,5.27,10.074,28.0,0.5231288465356363,8,"(2, 59)"
236,237,237,1480.0,1.0,5.27,10.074,28.0,0.5231288465356363,8,"(2, 58)"
237,238,238,1402.0,1.0,5.27,10.388,28.0,0.5073161340007701,8,"(2, 59)"
238,239,239,1620.0,1.0,5.092,10.33,28.0,0.4929332042594385,8,"(2, 58)"
239,240,240,1480.0,1.0,5.27,10.074,28.0,0.5231288465356363,8,"(2, 57)"
240,241,241,1480.0,1.0,5.27,10.074,28.0,0.5231288465356363,8,"(2, 56)"
241,242,242,1520.0,1.0,5.229,10.236,28.0,0.5108440797186401,8,"(2, 57)"
242,243,243,,,,,,,8,"(2, 56)"
243,244,244,,,,,,,8,"(2, 55)"
244,245,245,,,,,,,8,"(2, 54)"
245,246,246,1630.0,1.0,18.388,9.132,40.0,2.0135786246167324,8,"(2, 54)"
246,247,247,1576.0,1.0,19.401,9.524,40.0,2.037064258714826,8,"(2, 53)"
247,248,248,1615.0,1.0,16.599,10.551,40.0,1.5732158089280637,8,"(2, 52)"
248,249,249,1584.0,1.0,16.436,10.91,40.0,1.5065077910174152,8,"(2, 53)"
249,250,250,1618.0,1.0,16.606,10.912,40.0,1.5218108504398828,8,"(2, 52)"
250,251,251,52093.0,1.0,16.28,9.784,40.0,1.6639411283728536,8,"(2, 51)"
251,252,252,1569.0,1.0,17.107,10.29,40.0,1.6624878522837707,8,"(2, 50)"
252,253,253,1543.0,1.0,16.844,10.331,40.0,1.6304326783467236,8,"(2, 51)"
253,254,254,1594.0,1.0,16.474,10.553,40.0,1.5610726807542878,8,"(2, 50)"
254,255,255,1601.0,1.0,16.762,10.359,40.0,1.6181098561637224,8,"(2, 49)"
255,256,256,1601.0,1.0,16.762,10.359,40.0,1.6181098561637224,8,"(2, 48)"
256,257,257,1600.0,1.0,17.042,10.141,40.0,1.6805048811754266,8,"(2, 49)"
257,258,258,1592.0,1.0,17.042,10.913,40.0,1.56162375148905,8,"(2, 48)"
258,259,259,1533.0,1.0,15.71,10.103,40.0,1.5549836682173612,8,"(2, 47)"
259,260,260,1538.0,1.0,17.038,10.313,40.0,1.652089595655968,8,"(2, 46)"
260,261,261,1616.0,1.0,17.038,11.033,40.0,1.5442762621227228,8,"(2, 47)"
261,262,262,1621.0,1.0,16.5,10.048,40.0,1.6421178343949046,8,"(2, 46)"
262,263,263,1599.0,1.0,12.726,9.58,40.0,1.32839248434238,8,"(2, 45)"
263,264,264,1537.0,1.0,12.035,9.348,40.0,1.287441163885323,8,"(2, 44)"
264,265,265,1591.0,1.0,12.619,9.229,40.0,1.3673204030772566,8,"(2, 45)"
265,266,266,1622.0,1.0,11.934,10.958,40.0,1.0890673480562143,8,"(2, 44)"
266,267,267,1550.0,1.0,12.059,9.279,40.0,1.2996012501347127,8,"(2, 43)"
267,268,268,1605.0,1.0,12.888,10.174,40.0,1.2667584037743267,8,"(2, 42)"
268,269,269,1613.0,1.0,12.625,9.095,40.0,1.388125343595382,8,"(2, 43)"
269,270,270,1471.0,1.0,9.068,11.249,40.0,0.8061160992088184,8,"(2, 42)"
270,271,271,1414.0,1.0,9.068,11.41,40.0,0.7947414548641543,8,"(2, 41)"
271,272,272,1415.0,1.0,8.503,10.882,40.0,0.7813820988788825,8,"(2, 40)"
272,273,273,1491.0,1.0,8.503,10.959,40.0,0.7758919609453417,8,"(2, 41)"
273,274,274,1497.0,1.0,8.714,11.532,40.0,0.7556364897676032,8,"(2, 40)"
274,275,275,1418.0,1.0,8.714,11.244,40.0,0.7749911063678406,8,"(2, 39)"
275,276,276,1490.0,1.0,8.914,11.664,40.0,0.7642318244170095,8,"(2, 38)"
276,277,277,1475.0,1.0,8.403,10.554,40.0,0.7961910176236499,8,"(2, 39)"
277,278,278,1457.0,1.0,8.403,11.483,40.0,0.7317774100844727,8,"(2, 38)"
278,279,279,1409.0,1.0,8.403,11.159,40.0,0.7530244645577561,8,"(2, 37)"
279,280,280,1474.0,1.0,8.403,10.554,40.0,0.7961910176236499,8,"(2, 36)"
280,281,281,1413.0,1.0,8.403,10.554,40.0,0.7961910176236499,8,"(2, 37)"
281,282,282,1462.0,1.0,8.403,11.141,40.0,0.754241091463962,8,"(2, 36)"
282,283,283,1424.0,1.0,8.615,10.556,40.0,0.8161235316407731,8,"(2, 35)"
283,284,284,1410.0,1.0,8.615,10.556,40.0,0.8161235316407731,8,"(2, 34)"
284,285,285,1420.0,1.0,8.739,11.144,40.0,0.7841888011486002,8,"(2, 35)"
285,286,286,1468.0,1.0,8.739,11.144,40.0,0.7841888011486002,8,"(2, 34)"
286,287,287,1519.0,1.0,8.739,11.102,40.0,0.7871554674833364,8,"(2, 33)"
287,288,288,1446.0,1.0,8.596,10.96,40.0,0.7843065693430656,8,"(2, 32)"
288,289,289,1465.0,1.0,8.596,11.145,40.0,0.7712875729026469,8,"(2, 33)"
289,290,290,1481.0,1.0,8.318,11.521,40.0,0.7219859387205971,8,"(2, 31)"
290,291,291,1423.0,1.0,8.135,10.633,40.0,0.7650710053606696,8,"(2, 31)"
291,292,292,1649.0,2.0,12.661,13.698,43.0,0.9242955175938092,8,"(2, 27)"
292,293,293,241424.0,2.0,14.0,14.601,43.0,0.9588384357235804,8,"(2, 26)"
293,294,294,298211.0,2.0,13.403,13.662,43.0,0.9810423071292635,8,"(2, 27)"
294,295,295,1641.0,2.0,12.003,13.589,43.0,0.8832879534917948,8,"(2, 26)"
295,296,296,1536.0,2.0,16.114,9.933,28.0,1.6222692036645523,8,"(2, 25)"
296,297,297,1523.0,2.0,17.107,9.957,28.0,1.7180877774430048,8,"(2, 24)"
297,298,298,1514.0,2.0,17.107,10.637,28.0,1.6082542070132555,8,"(2, 25)"
298,299,299,1514.0,2.0,17.107,10.637,28.0,1.6082542070132555,8,"(2, 24)"
299,300,300,1546.0,2.0,16.844,10.422,28.0,1.6161965073882172,8,"(2, 23)"
300,301,301,1546.0,2.0,16.844,10.422,28.0,1.6161965073882172,8,"(2, 22)"
301,302,302,122166.0,2.0,15.752,10.017,28.0,1.5725267046021765,8,"(2, 23)"
302,303,303,1633.0,2.0,15.996,9.512,28.0,1.681665264928511,8,"(2, 22)"
303,304,304,170682.0,2.0,15.658,9.785,28.0,1.6002043944813489,8,"(2, 21)"
304,305,305,170682.0,2.0,15.658,9.785,28.0,1.6002043944813489,8,"(2, 20)"
305,306,306,1517.0,2.0,16.032,10.4,28.0,1.5415384615384615,8,"(2, 21)"
306,307,307,1517.0,2.0,16.032,10.4,28.0,1.5415384615384615,8,"(2, 20)"
307,308,308,1610.0,2.0,15.996,53.219,28.0,0.3005693455344895,8,"(2, 19)"
308,309,309,1542.0,2.0,14.835,9.976,28.0,1.487068965517241,8,"(2, 18)"
309,310,310,1534.0,2.0,14.835,9.618,28.0,1.5424204616344357,8,"(2, 19)"
310,311,311,1534.0,2.0,14.835,9.618,28.0,1.5424204616344357,8,"(2, 18)"
311,312,312,1607.0,2.0,15.131,9.865,28.0,1.5338063862138875,8,"(2, 17)"
312,313,313,1611.0,2.0,12.888,10.357,28.0,1.2443757844935792,8,"(2, 16)"
313,314,314,1512.0,2.0,11.918,10.968,28.0,1.086615609044493,8,"(2, 17)"
314,315,315,1512.0,2.0,11.918,10.968,28.0,1.086615609044493,8,"(2, 16)"
315,316,316,94566.0,2.0,11.778,9.959,28.0,1.1826488603273422,8,"(2, 15)"
316,317,317,94566.0,2.0,11.778,9.959,28.0,1.1826488603273422,8,"(2, 14)"
317,318,318,1513.0,2.0,11.778,10.266,28.0,1.1472822910578608,8,"(2, 15)"
318,319,319,1513.0,2.0,11.778,10.266,28.0,1.1472822910578608,8,"(2, 14)"
319,320,320,1540.0,2.0,11.269,9.64,28.0,1.1689834024896264,8,"(2, 13)"
320,321,321,1540.0,2.0,11.269,9.64,28.0,1.1689834024896264,8,"(2, 12)"
321,322,322,1596.0,2.0,11.269,9.551,28.0,1.179876452727463,8,"(2, 13)"
322,323,323,1548.0,2.0,10.792,10.559,28.0,1.0220664835685198,8,"(2, 12)"
323,324,324,1614.0,2.0,10.081,11.427,28.0,0.8822088037105101,8,"(2, 11)"
324,325,325,1553.0,2.0,10.229,10.638,28.0,0.9615529234818574,8,"(2, 10)"
325,326,326,1440.0,2.0,8.854,11.147,28.0,0.7942944289943482,8,"(2, 11)"
326,327,327,1425.0,2.0,9.059,11.677,28.0,0.7757985784019867,8,"(2, 9)"
327,328,328,1425.0,2.0,9.059,11.677,28.0,0.7757985784019867,8,"(2, 8)"
328,329,329,1428.0,2.0,8.713,11.071,28.0,0.787011110107488,8,"(2, 9)"
329,330,330,1464.0,2.0,8.135,11.014,28.0,0.7386054112947158,8,"(2, 8)"
330,331,331,1467.0,2.0,8.318,10.977,28.0,0.757766238498679,8,"(2, 7)"
331,332,332,1467.0,2.0,8.318,10.977,28.0,0.757766238498679,8,"(2, 6)"
332,333,333,1456.0,2.0,8.135,10.071,28.0,0.8077648694270678,8,"(2, 7)"
333,334,334,1417.0,2.0,8.68,11.323,28.0,0.7665812947098825,8,"(2, 6)"
334,335,335,1422.0,2.0,8.32,10.475,28.0,0.7942720763723151,8,"(2, 5)"
335,336,336,1422.0,2.0,8.32,10.475,28.0,0.7942720763723151,8,"(2, 4)"
336,337,337,1438.0,2.0,8.436,11.302,28.0,0.7464165634400991,8,"(2, 5)"
337,338,338,1438.0,2.0,8.436,11.302,28.0,0.7464165634400991,8,"(2, 4)"
338,339,339,1450.0,2.0,8.076,11.256,28.0,0.7174840085287847,8,"(2, 3)"
339,340,340,1451.0,2.0,8.076,11.048,28.0,0.7309920347574222,8,"(2, 2)"
340,341,341,1438.0,2.0,8.436,11.302,28.0,0.7464165634400991,8,"(2, 3)"
341,342,342,1438.0,2.0,8.436,11.302,28.0,0.7464165634400991,8,"(2, 2)"
342,343,343,1453.0,2.0,8.076,10.657,28.0,0.7578117669137656,18,"(3, 2)"
343,344,344,1453.0,2.0,8.076,10.657,28.0,0.7578117669137656,18,"(3, 3)"
344,345,345,294479.0,2.0,8.082,10.98,28.0,0.7360655737704919,18,"(3, 2)"
345,346,346,1493.0,2.0,8.082,10.642,28.0,0.7594437135876716,18,"(3, 3)"
346,347,347,1441.0,2.0,8.082,11.267,28.0,0.7173160557379961,18,"(3, 4)"
347,348,348,1441.0,2.0,8.082,11.267,28.0,0.7173160557379961,18,"(3, 5)"
348,349,349,1478.0,1.0,8.135,11.014,40.0,0.7386054112947158,18,"(3, 4)"
349,350,350,1508.0,1.0,8.68,11.049,40.0,0.7855914562403837,18,"(3, 5)"
350,351,351,1435.0,1.0,8.68,11.16,40.0,0.7777777777777778,18,"(3, 6)"
351,352,352,1516.0,1.0,8.68,11.162,40.0,0.7776384160544705,18,"(3, 7)"
352,353,353,1437.0,1.0,8.436,10.643,40.0,0.7926336559240815,18,"(3, 6)"
353,354,354,1563.0,1.0,7.858,9.741,40.0,0.8066933579714608,18,"(3, 7)"
354,355,355,1558.0,1.0,8.084,9.828,40.0,0.8225478225478225,18,"(3, 8)"
355,356,356,1583.0,1.0,8.084,10.66,40.0,0.7583489681050656,18,"(3, 9)"
356,357,357,1597.0,1.0,7.646,10.284,40.0,0.7434850252819913,18,"(3, 8)"
357,358,358,1412.0,1.0,6.167,10.175,40.0,0.6060933660933661,18,"(3, 9)"
358,359,359,1454.0,1.0,6.46,10.792,40.0,0.5985915492957746,18,"(3, 10)"
359,360,360,1411.0,1.0,6.092,10.661,40.0,0.5714285714285714,18,"(3, 11)"
360,361,361,1436.0,1.0,6.485,11.104,40.0,0.5840237752161384,18,"(3, 10)"
361,362,362,1421.0,1.0,5.364,10.981,40.0,0.4884801019943539,18,"(3, 11)"
362,363,363,1447.0,1.0,5.364,10.983,40.0,0.4883911499590275,18,"(3, 12)"
363,364,364,1403.0,1.0,3.95,10.684,40.0,0.3697117184575066,18,"(3, 13)"
364,365,365,1427.0,1.0,28.0,10.985,40.0,2.548930359581248,18,"(3, 12)"
365,366,366,1492.0,1.0,3.752,10.018,40.0,0.3745258534637651,18,"(3, 13)"
366,367,367,1544.0,2.0,18.726,10.389,40.0,1.802483395899509,18,"(3, 14)"
367,368,368,1570.0,2.0,19.458,11.338,40.0,1.7161756923619689,18,"(3, 15)"
368,369,369,268441.0,2.0,16.629,10.991,40.0,1.5129651533072517,18,"(3, 14)"
369,370,370,268441.0,2.0,16.629,10.991,40.0,1.5129651533072517,18,"(3, 15)"
370,371,371,1565.0,2.0,17.084,10.392,40.0,1.6439568899153196,18,"(3, 16)"
371,372,372,1606.0,2.0,17.038,10.993,40.0,1.5498953879741653,18,"(3, 17)"
372,373,373,248961.0,2.0,17.042,10.994,40.0,1.550118246316173,18,"(3, 16)"
373,374,374,248961.0,2.0,17.042,10.994,40.0,1.550118246316173,18,"(3, 17)"
374,375,375,1539.0,2.0,17.038,10.075,40.0,1.691116625310174,18,"(3, 18)"
375,376,376,1572.0,2.0,12.003,9.008,40.0,1.3324822380106571,18,"(3, 19)"
376,377,377,1628.0,2.0,13.11,9.677,40.0,1.3547587062106023,18,"(3, 18)"
377,378,378,1578.0,2.0,12.035,8.887,40.0,1.3542252728704849,18,"(3, 19)"
378,379,379,29523.0,2.0,12.035,11.017,40.0,1.0924026504493056,18,"(3, 20)"
379,380,380,1562.0,2.0,12.619,10.085,40.0,1.25126425384234,18,"(3, 21)"
380,381,381,1590.0,2.0,12.619,10.085,40.0,1.25126425384234,18,"(3, 20)"
381,382,382,1590.0,2.0,12.619,10.085,40.0,1.25126425384234,18,"(3, 21)"
382,383,383,1595.0,2.0,12.109,11.02,40.0,1.098820326678766,18,"(3, 22)"
383,384,384,1568.0,2.0,11.771,9.17,40.0,1.2836423118865867,18,"(3, 23)"
384,385,385,1564.0,2.0,12.107,11.021,40.0,1.098539152526994,18,"(3, 22)"
385,386,386,1549.0,2.0,12.107,10.76,40.0,1.125185873605948,18,"(3, 23)"
386,387,387,1604.0,2.0,12.625,8.632,40.0,1.46258109360519,18,"(3, 24)"
387,388,388,1433.0,2.0,8.615,11.732,40.0,0.7343163995908627,18,"(3, 25)"
388,389,389,1469.0,2.0,8.739,11.343,40.0,0.7704311028828353,18,"(3, 24)"
389,390,390,1476.0,2.0,8.596,11.421,40.0,0.7526486297171877,18,"(3, 25)"
390,391,391,1496.0,2.0,8.135,11.57,40.0,0.7031114952463267,18,"(3, 26)"
391,392,392,1496.0,2.0,8.135,11.57,40.0,0.7031114952463267,18,"(3, 27)"
392,393,393,1477.0,2.0,8.32,10.461,40.0,0.7953350540101328,18,"(3, 26)"
393,394,394,1477.0,2.0,8.32,10.461,40.0,0.7953350540101328,18,"(3, 27)"
394,395,395,,,,,,,18,"(3, 31)"
395,396,396,,,,,,,18,"(3, 31)"
396,397,397,,,,,,,18,"(3, 32)"
397,398,398,9.0,1.0,13.991,1.928,6.0,7.256742738589212,18,"(3, 33)"
398,399,399,33434.0,1.0,13.235,11.287,6.0,1.1725879330202886,18,"(3, 32)"
399,400,400,1804.0,1.0,12.836,10.861,6.0,1.1818432925145017,18,"(3, 33)"
400,401,401,1771.0,1.0,12.836,11.229,6.0,1.1431115860717784,18,"(3, 34)"
401,402,402,1757.0,1.0,13.599,11.761,6.0,1.1562792279568064,18,"(3, 35)"
402,403,403,1826.0,1.0,12.953,8.301,6.0,1.5604144079026625,18,"(3, 34)"
403,404,404,1782.0,1.0,12.953,11.884,6.0,1.089952877818916,18,"(3, 35)"
404,405,405,1752.0,1.0,12.953,11.316,6.0,1.1446624248851185,18,"(3, 36)"
405,406,406,1760.0,1.0,12.65,8.554,6.0,1.4788403086275426,18,"(3, 37)"
406,407,407,1785.0,1.0,13.212,8.908,6.0,1.4831612034126629,18,"(3, 36)"
407,408,408,1785.0,1.0,13.212,8.908,6.0,1.4831612034126629,18,"(3, 37)"
408,409,409,1780.0,1.0,13.212,8.897,6.0,1.4849949421153197,18,"(3, 38)"
409,410,410,1773.0,1.0,12.417,9.862,6.0,1.2590752382883796,18,"(3, 39)"
410,411,411,1797.0,1.0,13.368,9.252,6.0,1.4448767833981842,18,"(3, 38)"
411,412,412,1791.0,1.0,14.0,11.751,6.0,1.1913879669815337,18,"(3, 39)"
412,413,413,1796.0,1.0,12.362,9.513,6.0,1.2994849153789552,18,"(3, 40)"
413,414,414,1831.0,1.0,12.938,11.035,6.0,1.172451291345718,18,"(3, 41)"
414,415,415,1768.0,1.0,12.938,9.383,6.0,1.3788766918895878,18,"(3, 40)"
415,416,416,91817.0,1.0,13.403,11.076,6.0,1.210093896713615,18,"(3, 41)"
416,417,417,1787.0,1.0,13.284,11.474,6.0,1.1577479518912324,18,"(3, 42)"
417,418,418,1473.0,1.0,12.597,11.164,6.0,1.12835901110713,18,"(3, 43)"
418,419,419,1776.0,1.0,13.061,11.462,6.0,1.1395044494852558,18,"(3, 42)"
419,420,420,1788.0,1.0,12.855,11.036,6.0,1.1648242116708951,18,"(3, 43)"
420,421,421,1809.0,1.0,13.309,9.152,6.0,1.4542176573426573,18,"(3, 44)"
421,422,422,1778.0,1.0,12.726,10.104,6.0,1.2595011876484563,18,"(3, 45)"
422,423,423,1718.0,1.0,11.918,8.483,6.0,1.4049275020629493,18,"(3, 44)"
423,424,424,223727.0,1.0,11.958,9.326,6.0,1.2822217456573022,18,"(3, 45)"
424,425,425,137932.0,1.0,11.372,9.046,6.0,1.2571302233031174,18,"(3, 46)"
425,426,426,1792.0,1.0,11.073,8.988,6.0,1.2319759679572764,18,"(3, 47)"
426,427,427,283604.0,1.0,11.536,9.194,6.0,1.2547313465303458,18,"(3, 46)"
427,428,428,1732.0,1.0,11.231,9.171,6.0,1.224621088212845,18,"(3, 47)"
428,429,429,1805.0,1.0,9.93,9.542,6.0,1.0406623349402642,18,"(3, 48)"
429,430,430,1790.0,1.0,9.93,9.542,6.0,1.0406623349402642,18,"(3, 49)"
430,431,431,1762.0,1.0,10.344,9.809,6.0,1.05454174737486,18,"(3, 48)"
431,432,432,246024.0,1.0,10.37,9.064,6.0,1.1440864960282435,18,"(3, 49)"
432,433,433,1759.0,1.0,9.401,11.037,6.0,0.851771314668841,18,"(3, 50)"
433,434,434,26717.0,1.0,9.557,8.785,6.0,1.087877063175868,18,"(3, 51)"
434,435,435,1734.0,1.0,9.881,11.04,6.0,0.8950181159420291,18,"(3, 50)"
435,436,436,1841.0,1.0,9.286,9.837,6.0,0.943986987902816,18,"(3, 51)"
436,437,437,1770.0,1.0,9.783,11.041,6.0,0.8860610451951815,18,"(3, 52)"
437,438,438,1828.0,1.0,6.844,10.252,6.0,0.667577058134998,18,"(3, 53)"
438,439,439,1802.0,1.0,7.06,11.391,6.0,0.6197875515758055,18,"(3, 52)"
439,440,440,1802.0,1.0,7.06,11.391,6.0,0.6197875515758055,18,"(3, 53)"
440,441,441,1767.0,1.0,6.444,11.051,6.0,0.5831146502578952,18,"(3, 54)"
441,442,442,1750.0,1.0,6.297,11.052,6.0,0.5697611292073833,18,"(3, 55)"
442,443,443,1822.0,1.0,6.672,11.751,6.0,0.5677814654071994,18,"(3, 54)"
443,444,444,1749.0,1.0,6.672,11.348,6.0,0.5879450123369756,18,"(3, 55)"
444,445,445,1733.0,1.0,6.672,10.073,6.0,0.6623647374168569,18,"(3, 56)"
445,446,446,1777.0,1.0,6.165,11.073,6.0,0.5567596857220265,18,"(3, 57)"
446,447,447,1731.0,1.0,6.46,11.23,6.0,0.5752448797862867,18,"(3, 56)"
447,448,448,1836.0,1.0,4.923,11.369,6.0,0.4330196147418418,18,"(3, 57)"
448,449,449,,,,,,,18,"(3, 58)"
449,450,450,,,,,,,18,"(3, 59)"
450,451,451,,,,,,,18,"(3, 58)"
451,452,452,1559.0,1.0,13.11,10.922,39.0,1.2003296099615457,18,"(3, 59)"
452,453,453,1593.0,1.0,12.035,10.367,39.0,1.1608951480659786,18,"(3, 60)"
453,454,454,1627.0,1.0,6.46,11.107,39.0,0.5816151976231206,18,"(3, 61)"
454,455,455,1575.0,1.0,6.194,11.074,39.0,0.5593281560411776,18,"(3, 60)"
455,456,456,,,,,,,18,"(3, 61)"
456,457,457,158979.0,1.0,13.34,9.177,45.0,1.4536340852130327,19,"(4, 61)"
457,458,458,222559.0,1.0,13.34,9.356,45.0,1.4258230012825994,19,"(4, 60)"
458,459,459,1985.0,1.0,13.09,8.943,45.0,1.4637146371463714,19,"(4, 61)"
459,460,460,2012.0,1.0,13.309,11.108,45.0,1.1981454807346057,19,"(4, 60)"
460,461,461,2023.0,1.0,13.309,11.108,45.0,1.1981454807346057,19,"(4, 59)"
461,462,462,2009.0,1.0,13.11,9.634,45.0,1.3608054805895784,19,"(4, 58)"
462,463,463,2036.0,1.0,12.619,11.11,45.0,1.135823582358236,19,"(4, 59)"
463,464,464,2036.0,1.0,12.619,11.11,45.0,1.135823582358236,19,"(4, 58)"
464,465,465,2035.0,1.0,12.619,10.27,45.0,1.2287244401168451,19,"(4, 57)"
465,466,466,2011.0,1.0,11.934,10.393,45.0,1.1482728759742131,19,"(4, 56)"
466,467,467,2018.0,1.0,11.934,9.873,45.0,1.208751139471285,19,"(4, 57)"
467,468,468,2028.0,1.0,11.934,9.379,45.0,1.2724171020364643,19,"(4, 56)"
468,469,469,2024.0,1.0,11.934,9.59,45.0,1.2444212721584984,19,"(4, 55)"
469,470,470,2000.0,1.0,12.059,9.937,45.0,1.2135453356143706,19,"(4, 54)"
470,471,471,1994.0,1.0,12.888,9.08,45.0,1.4193832599118943,19,"(4, 55)"
471,472,472,1991.0,1.0,11.918,9.522,45.0,1.2516278092837638,19,"(4, 54)"
472,473,473,2037.0,1.0,9.294,11.114,45.0,0.8362425769299981,19,"(4, 53)"
473,474,474,2022.0,1.0,9.107,11.167,45.0,0.8155278946897107,19,"(4, 52)"
474,475,475,2027.0,1.0,9.107,11.639,45.0,0.7824555374173039,19,"(4, 53)"
475,476,476,2014.0,1.0,9.107,11.168,45.0,0.8154548710601719,19,"(4, 52)"
476,477,477,1988.0,1.0,9.107,11.168,45.0,0.8154548710601719,19,"(4, 51)"
477,478,478,2043.0,1.0,9.107,11.275,45.0,0.8077161862527715,19,"(4, 50)"
478,479,479,1800.0,1.0,9.107,11.173,45.0,0.8150899489841582,19,"(4, 51)"
479,480,480,2008.0,1.0,9.107,11.174,45.0,0.8150170037587255,19,"(4, 50)"
480,481,481,2031.0,1.0,9.269,11.665,45.0,0.7945992284612088,19,"(4, 49)"
481,482,482,2038.0,1.0,9.269,9.983,45.0,0.9284784133026144,19,"(4, 48)"
482,483,483,2041.0,1.0,9.269,9.433,45.0,0.9826142266511184,19,"(4, 49)"
483,484,484,2030.0,1.0,9.582,11.175,45.0,0.8574496644295302,19,"(4, 48)"
484,485,485,289776.0,1.0,9.628,11.564,45.0,0.8325838810100311,19,"(4, 47)"
485,486,486,1986.0,1.0,9.628,11.464,45.0,0.8398464759246336,19,"(4, 46)"
486,487,487,2004.0,1.0,8.863,10.368,45.0,0.8548418209876543,19,"(4, 47)"
487,488,488,1995.0,1.0,8.914,11.176,45.0,0.7976020042949177,19,"(4, 46)"
488,489,489,2017.0,1.0,8.791,11.177,45.0,0.7865259014046704,19,"(4, 45)"
489,490,490,2019.0,1.0,8.791,11.178,45.0,0.7864555376632671,19,"(4, 44)"
490,491,491,2010.0,1.0,8.403,11.37,45.0,0.7390501319261215,19,"(4, 45)"
491,492,492,2032.0,1.0,8.403,11.37,45.0,0.7390501319261215,19,"(4, 44)"
492,493,493,1987.0,1.0,8.403,11.257,45.0,0.7464688638180689,19,"(4, 43)"
493,494,494,2039.0,1.0,8.615,11.634,45.0,0.7405019769640708,19,"(4, 42)"
494,495,495,2040.0,1.0,8.615,11.18,45.0,0.770572450805009,19,"(4, 43)"
495,496,496,2021.0,1.0,7.515,11.297,45.0,0.6652208550942728,19,"(4, 42)"
496,497,497,,,,,,,19,"(4, 41)"
497,498,498,,,,,,,19,"(4, 40)"
498,499,499,,,,,,,19,"(4, 41)"
499,500,500,2077.0,1.0,18.223,10.237,47.0,1.7801113607502197,19,"(4, 40)"
500,501,501,2084.0,1.0,18.631,12.109,47.0,1.538607647204559,19,"(4, 39)"
501,502,502,2079.0,1.0,15.313,9.397,47.0,1.6295626263701182,19,"(4, 38)"
502,503,503,2059.0,1.0,15.972,9.273,47.0,1.7224199288256228,19,"(4, 39)"
503,504,504,2054.0,1.0,14.727,11.181,47.0,1.3171451569627046,19,"(4, 38)"
504,505,505,,,,,,,19,"(4, 37)"
505,506,506,2082.0,1.0,15.251,11.182,47.0,1.3638883920586655,19,"(4, 36)"
506,507,507,2078.0,1.0,13.368,8.633,47.0,1.5484767751650643,19,"(4, 37)"
507,508,508,2046.0,1.0,13.403,9.232,47.0,1.451798093587522,19,"(4, 36)"
508,509,509,2047.0,1.0,13.403,11.183,47.0,1.1985156040418492,19,"(4, 35)"
509,510,510,2068.0,1.0,12.813,8.447,47.0,1.5168698946371495,19,"(4, 34)"
510,511,511,2062.0,1.0,12.619,10.394,47.0,1.2140658071964594,19,"(4, 35)"
511,512,512,2056.0,1.0,12.059,11.823,47.0,1.019961092785249,19,"(4, 34)"
512,513,513,2061.0,1.0,11.918,10.081,47.0,1.1822239857157029,19,"(4, 33)"
513,514,514,2057.0,1.0,12.625,9.164,47.0,1.377673505019642,19,"(4, 32)"
514,515,515,304531.0,1.0,11.607,10.215,47.0,1.1362701908957415,19,"(4, 33)"
515,516,516,204644.0,1.0,10.767,13.001,47.0,0.8281670640719945,19,"(4, 32)"
516,517,517,163358.0,1.0,10.11,9.042,47.0,1.1181154611811546,19,"(4, 31)"
517,518,518,2052.0,1.0,9.071,9.738,47.0,0.9315054425960156,19,"(4, 31)"
518,519,519,1458.0,2.0,8.436,11.64,40.0,0.7247422680412371,19,"(4, 27)"
519,520,520,1448.0,2.0,8.436,10.643,40.0,0.7926336559240815,19,"(4, 26)"
520,521,521,1445.0,2.0,8.436,11.245,40.0,0.7502000889284127,19,"(4, 27)"
521,522,522,1431.0,2.0,8.082,11.267,40.0,0.7173160557379961,19,"(4, 26)"
522,523,523,1486.0,2.0,8.436,10.645,40.0,0.7924847346171912,19,"(4, 25)"
523,524,524,1486.0,2.0,8.436,10.645,40.0,0.7924847346171912,19,"(4, 24)"
524,525,525,1485.0,2.0,8.076,11.185,40.0,0.7220384443451051,19,"(4, 25)"
525,526,526,1485.0,2.0,8.076,11.185,40.0,0.7220384443451051,19,"(4, 24)"
526,527,527,1535.0,2.0,8.084,9.936,40.0,0.8136070853462157,19,"(4, 23)"
527,528,528,1535.0,2.0,8.084,9.936,40.0,0.8136070853462157,19,"(4, 22)"
528,529,529,1444.0,2.0,3.752,10.018,40.0,0.3745258534637651,19,"(4, 23)"
529,530,530,1419.0,2.0,3.879,9.984,40.0,0.3885216346153846,19,"(4, 22)"
530,531,531,1489.0,2.0,3.879,10.857,40.0,0.3572810168554849,19,"(4, 21)"
531,532,532,1416.0,2.0,3.855,11.191,40.0,0.3444732374229291,19,"(4, 20)"
532,533,533,1460.0,2.0,3.855,10.121,40.0,0.3808912162829759,19,"(4, 21)"
533,534,534,1823.0,2.0,12.836,12.007,6.0,1.0690430582160406,19,"(4, 20)"
534,535,535,1818.0,2.0,13.202,11.872,6.0,1.1120283018867925,19,"(4, 19)"
535,536,536,1781.0,2.0,12.65,8.99,6.0,1.407119021134594,19,"(4, 18)"
536,537,537,1772.0,2.0,13.599,8.831,6.0,1.539916204280376,19,"(4, 19)"
537,538,538,1772.0,2.0,13.599,8.831,6.0,1.539916204280376,19,"(4, 18)"
538,539,539,1819.0,2.0,13.284,11.258,6.0,1.179960916681471,19,"(4, 17)"
539,540,540,1761.0,2.0,12.855,11.666,6.0,1.1019201097205555,19,"(4, 16)"
540,541,541,220931.0,2.0,11.958,9.709,6.0,1.231640745699866,19,"(4, 17)"
541,542,542,220931.0,2.0,11.958,9.709,6.0,1.231640745699866,19,"(4, 16)"
542,543,543,202984.0,2.0,11.629,10.086,6.0,1.152984334721396,19,"(4, 15)"
543,544,544,202984.0,2.0,11.629,10.086,6.0,1.152984334721396,19,"(4, 14)"
544,545,545,1786.0,2.0,10.929,9.275,6.0,1.1783288409703505,19,"(4, 15)"
545,546,546,267806.0,2.0,11.287,9.537,6.0,1.1834958582363426,19,"(4, 14)"
546,547,547,1812.0,2.0,10.369,9.485,6.0,1.0931997891407486,19,"(4, 13)"
547,548,548,1821.0,2.0,10.344,9.71,6.0,1.06529351184346,19,"(4, 12)"
548,549,549,1766.0,2.0,7.06,11.199,6.0,0.6304134297705152,19,"(4, 13)"
549,550,550,1766.0,2.0,7.06,11.199,6.0,0.6304134297705152,19,"(4, 12)"
550,551,551,1783.0,2.0,7.06,11.973,6.0,0.58966006848743,19,"(4, 11)"
551,552,552,1817.0,2.0,6.961,11.671,6.0,0.5964356096307086,19,"(4, 10)"
552,553,553,1753.0,2.0,6.297,11.211,6.0,0.5616804923735617,19,"(4, 11)"
553,554,554,1825.0,2.0,6.165,10.425,6.0,0.5913669064748202,19,"(4, 10)"
554,555,555,1908.0,2.0,6.672,11.214,6.0,0.5949705724986624,19,"(4, 9)"
555,556,556,1908.0,2.0,6.672,11.214,6.0,0.5949705724986624,19,"(4, 8)"
556,557,557,1806.0,2.0,6.165,10.087,6.0,0.6111827104193517,19,"(4, 9)"
557,558,558,1742.0,2.0,6.165,10.425,6.0,0.5913669064748202,19,"(4, 8)"
558,559,559,1774.0,2.0,6.632,11.261,6.0,0.5889352632981085,19,"(4, 7)"
559,560,560,1775.0,2.0,6.194,11.372,6.0,0.5446711220541681,19,"(4, 6)"
560,561,561,1396.0,2.0,12.671,13.629,39.0,0.9297087093697264,19,"(4, 7)"
561,562,562,1625.0,2.0,13.284,13.503,39.0,0.98378138191513,19,"(4, 6)"
562,563,563,1573.0,2.0,12.855,14.062,39.0,0.914165837007538,19,"(4, 5)"
563,564,564,1747.0,2.0,12.784,13.504,39.0,0.9466824644549764,19,"(4, 4)"
564,565,565,1566.0,2.0,12.784,13.88,39.0,0.9210374639769452,19,"(4, 5)"
565,566,566,1529.0,2.0,12.813,13.086,39.0,0.979138010087116,19,"(4, 4)"
566,567,567,1560.0,2.0,12.035,10.367,39.0,1.1608951480659786,19,"(4, 3)"
567,568,568,1552.0,2.0,8.739,11.215,39.0,0.7792242532322783,19,"(4, 2)"
568,569,569,1589.0,2.0,8.739,11.722,39.0,0.7455212421088553,19,"(4, 3)"
569,570,570,1547.0,2.0,8.596,11.217,39.0,0.7663368101988054,19,"(4, 2)"
570,571,571,1554.0,2.0,8.236,10.957,39.0,0.7516656018983299,20,"(5, 2)"
571,572,572,1567.0,2.0,7.985,13.229,39.0,0.6035981555673143,20,"(5, 3)"
572,573,573,1608.0,2.0,6.961,11.218,39.0,0.6205205919058656,20,"(5, 2)"
573,574,574,2016.0,2.0,11.934,10.289,45.0,1.1598794829429488,20,"(5, 3)"
574,575,575,2007.0,2.0,11.88,9.123,45.0,1.302203222624137,20,"(5, 4)"
575,576,576,2007.0,2.0,11.88,9.123,45.0,1.302203222624137,20,"(5, 5)"
576,577,577,2002.0,2.0,11.997,11.219,45.0,1.0693466440859256,20,"(5, 4)"
577,578,578,1998.0,2.0,9.107,11.247,45.0,0.8097270383213301,20,"(5, 5)"
578,579,579,2001.0,2.0,9.628,11.269,45.0,0.8543792705652675,20,"(5, 6)"
579,580,580,2013.0,2.0,9.628,11.248,45.0,0.8559743954480797,20,"(5, 7)"
580,581,581,1992.0,2.0,9.628,11.25,45.0,0.8558222222222223,20,"(5, 6)"
581,582,582,1992.0,2.0,9.628,11.25,45.0,0.8558222222222223,20,"(5, 7)"
582,583,583,1997.0,2.0,8.955,11.253,45.0,0.7957877899226873,20,"(5, 8)"
583,584,584,2042.0,2.0,8.739,11.317,45.0,0.7722011133692676,20,"(5, 9)"
584,585,585,2034.0,2.0,7.515,11.395,45.0,0.6594997806055287,20,"(5, 8)"
585,586,586,2033.0,2.0,7.515,11.265,45.0,0.6671105193075898,20,"(5, 9)"
586,587,587,2048.0,1.0,9.071,12.185,47.0,0.7444398851046368,20,"(5, 11)"
587,588,588,2053.0,1.0,9.064,10.916,47.0,0.8303407841700257,20,"(5, 10)"
588,589,589,2020.0,1.0,9.064,11.266,47.0,0.8045446476122847,20,"(5, 11)"
589,590,590,2045.0,1.0,6.632,8.628,47.0,0.7686601761706072,20,"(5, 12)"
590,591,591,2064.0,1.0,6.325,12.129,47.0,0.521477450737901,20,"(5, 13)"
591,592,592,2089.0,1.0,6.092,10.369,47.0,0.5875204937795351,20,"(5, 12)"
592,593,593,2089.0,1.0,6.092,10.369,47.0,0.5875204937795351,20,"(5, 13)"
593,594,594,172342.0,1.0,6.485,11.27,47.0,0.575421472937001,20,"(5, 14)"
594,595,595,2058.0,1.0,6.332,11.318,47.0,0.559462802615303,20,"(5, 15)"
595,596,596,2081.0,1.0,4.665,11.271,47.0,0.4138940644130955,20,"(5, 14)"
596,597,597,2086.0,1.0,4.124,11.272,47.0,0.3658623136976578,20,"(5, 15)"
597,598,598,8418.0,1.0,4.174,9.28,47.0,0.4497844827586207,20,"(5, 16)"
598,599,599,2063.0,1.0,4.199,11.293,47.0,0.3718232533427787,20,"(5, 17)"
599,600,600,288473.0,1.0,4.34,9.91,47.0,0.4379414732593339,20,"(5, 16)"
600,601,601,2044.0,1.0,3.9,10.399,47.0,0.3750360611597269,20,"(5, 17)"
601,602,602,36025.0,2.0,15.679,9.514,47.0,1.6479924322051716,20,"(5, 18)"
602,603,603,36025.0,2.0,15.679,9.514,47.0,1.6479924322051716,20,"(5, 19)"
603,604,604,2101.0,2.0,14.833,11.326,47.0,1.3096415327564894,20,"(5, 18)"
604,605,605,2101.0,2.0,14.833,11.326,47.0,1.3096415327564894,20,"(5, 19)"
605,606,606,2070.0,2.0,12.597,11.327,47.0,1.1121214796503929,20,"(5, 20)"
606,607,607,2091.0,2.0,11.934,9.353,47.0,1.275954239281514,20,"(5, 21)"
607,608,608,2097.0,2.0,11.88,11.328,47.0,1.0487288135593222,20,"(5, 20)"
608,609,609,2097.0,2.0,11.88,11.328,47.0,1.0487288135593222,20,"(5, 21)"
609,610,610,2092.0,2.0,12.888,11.33,47.0,1.1375110326566638,20,"(5, 22)"
610,611,611,2092.0,2.0,12.888,11.33,47.0,1.1375110326566638,20,"(5, 23)"
611,612,612,2110.0,2.0,12.888,11.339,47.0,1.1366081665049828,20,"(5, 22)"
612,613,613,2110.0,2.0,12.888,11.339,47.0,1.1366081665049828,20,"(5, 23)"
613,614,614,2099.0,2.0,12.107,9.747,47.0,1.2421257822919871,20,"(5, 24)"
614,615,615,2108.0,2.0,10.046,11.765,47.0,0.8538886527836803,20,"(5, 25)"
615,616,616,2121.0,2.0,9.783,11.341,47.0,0.8626223437086676,20,"(5, 24)"
616,617,617,2121.0,2.0,9.783,11.341,47.0,0.8626223437086676,20,"(5, 25)"
617,618,618,2129.0,2.0,8.936,11.342,47.0,0.7878681008640451,20,"(5, 26)"
618,619,619,2129.0,2.0,8.936,11.342,47.0,0.7878681008640451,20,"(5, 27)"
619,620,620,2121.0,2.0,9.783,11.341,47.0,0.8626223437086676,20,"(5, 26)"
620,621,621,2121.0,2.0,9.783,11.341,47.0,0.8626223437086676,20,"(5, 27)"
621,622,622,,,,,,,20,"(5, 31)"
622,623,623,,,,,,,20,"(5, 31)"
623,624,624,,,,,,,20,"(5, 33)"
624,625,625,,,,,,,20,"(5, 32)"
625,626,626,975.0,1.0,17.162,10.182,29.0,1.6855234727951285,20,"(5, 33)"
626,627,627,746.0,1.0,13.77,11.345,29.0,1.2137505509034816,20,"(5, 34)"
627,628,628,935.0,1.0,13.202,9.711,29.0,1.3594892390073112,20,"(5, 35)"
628,629,629,938.0,1.0,13.793,10.135,29.0,1.3609274790330537,20,"(5, 34)"
629,630,630,951.0,1.0,12.417,10.203,29.0,1.2169950014701558,20,"(5, 35)"
630,631,631,84492.0,1.0,13.285,6.015,29.0,2.208645054031588,20,"(5, 36)"
631,632,632,84492.0,1.0,13.285,6.015,29.0,2.208645054031588,20,"(5, 37)"
632,633,633,937.0,1.0,12.597,10.417,29.0,1.209273303254296,20,"(5, 36)"
633,634,634,736.0,1.0,13.309,11.346,29.0,1.173012515423938,20,"(5, 37)"
634,635,635,969.0,1.0,13.106,11.347,29.0,1.1550189477394903,20,"(5, 38)"
635,636,636,964.0,1.0,12.003,9.985,29.0,1.2021031547320982,20,"(5, 39)"
636,637,637,919.0,1.0,12.785,10.019,29.0,1.2760754566323984,20,"(5, 38)"
637,638,638,783.0,1.0,11.96,11.353,29.0,1.0534660442173875,20,"(5, 39)"
638,639,639,730.0,1.0,11.927,11.373,29.0,1.0487118614261848,20,"(5, 40)"
639,640,640,1002.0,1.0,11.811,11.374,29.0,1.038420960084403,20,"(5, 41)"
640,641,641,970.0,1.0,10.823,9.927,29.0,1.0902588898962426,20,"(5, 40)"
641,642,642,754.0,1.0,11.287,11.376,29.0,0.9921765119549932,20,"(5, 41)"
642,643,643,747.0,1.0,11.287,10.088,29.0,1.11885408406027,20,"(5, 42)"
643,644,644,748.0,1.0,11.269,11.377,29.0,0.990507163575635,20,"(5, 43)"
644,645,645,778.0,1.0,11.269,11.377,29.0,0.990507163575635,20,"(5, 42)"
645,646,646,744.0,1.0,11.481,10.669,29.0,1.0761083512981535,20,"(5, 43)"
646,647,647,722.0,1.0,11.047,10.256,29.0,1.077125585023401,20,"(5, 44)"
647,648,648,780.0,1.0,10.546,11.378,29.0,0.9268764281947618,20,"(5, 45)"
648,649,649,750.0,1.0,10.546,11.378,29.0,0.9268764281947618,20,"(5, 44)"
649,650,650,719.0,1.0,11.365,11.386,29.0,0.9981556297207096,20,"(5, 45)"
650,651,651,974.0,1.0,9.593,9.934,29.0,0.9656734447352529,20,"(5, 46)"
651,652,652,974.0,1.0,9.593,9.934,29.0,0.9656734447352529,20,"(5, 47)"
652,653,653,957.0,1.0,9.518,9.456,29.0,1.0065566835871405,20,"(5, 46)"
653,654,654,957.0,1.0,9.518,9.456,29.0,1.0065566835871405,20,"(5, 47)"
654,655,655,963.0,1.0,9.572,9.875,29.0,0.9693164556962024,20,"(5, 48)"
655,656,656,755.0,1.0,9.04,10.316,29.0,0.8763086467623108,20,"(5, 49)"
656,657,657,955.0,1.0,10.247,9.786,29.0,1.0471081136317189,20,"(5, 48)"
657,658,658,955.0,1.0,10.247,9.786,29.0,1.0471081136317189,20,"(5, 49)"
658,659,659,920.0,1.0,9.881,9.961,29.0,0.99196867784359,20,"(5, 50)"
659,660,660,920.0,1.0,9.881,9.961,29.0,0.99196867784359,20,"(5, 51)"
660,661,661,955.0,1.0,10.247,9.786,29.0,1.0471081136317189,20,"(5, 50)"
661,662,662,955.0,1.0,10.247,9.786,29.0,1.0471081136317189,20,"(5, 51)"
662,663,663,920.0,1.0,9.881,9.961,29.0,0.99196867784359,20,"(5, 52)"
663,664,664,920.0,1.0,9.881,9.961,29.0,0.99196867784359,20,"(5, 53)"
664,665,665,38634.0,1.0,9.04,9.755,29.0,0.9267042542286006,20,"(5, 52)"
665,666,666,38634.0,1.0,9.04,9.755,29.0,0.9267042542286006,20,"(5, 53)"
666,667,667,734.0,1.0,9.064,11.39,29.0,0.7957857769973661,20,"(5, 54)"
667,668,668,720.0,1.0,9.041,10.291,29.0,0.8785346419201244,20,"(5, 54)"
668,669,669,727.0,1.0,8.791,10.338,29.0,0.8503579028825693,20,"(5, 55)"
669,670,670,157860.0,1.0,8.318,11.392,29.0,0.7301615168539326,20,"(5, 56)"
670,671,671,157860.0,1.0,8.318,11.392,29.0,0.7301615168539326,20,"(5, 57)"
671,672,672,776.0,1.0,8.318,11.394,29.0,0.7300333508864314,20,"(5, 56)"
672,673,673,776.0,1.0,8.318,11.394,29.0,0.7300333508864314,20,"(5, 57)"
673,674,674,738.0,1.0,8.135,11.465,29.0,0.7095508068033144,20,"(5, 58)"
674,675,675,738.0,1.0,8.135,11.465,29.0,0.7095508068033144,20,"(5, 59)"
675,676,676,776.0,1.0,8.318,11.394,29.0,0.7300333508864314,20,"(5, 58)"
676,677,677,776.0,1.0,8.318,11.394,29.0,0.7300333508864314,20,"(5, 59)"
677,678,678,785.0,1.0,8.32,10.951,29.0,0.7597479682220801,20,"(5, 60)"
678,679,679,785.0,1.0,8.32,10.951,29.0,0.7597479682220801,20,"(5, 61)"
679,680,680,740.0,1.0,8.68,11.397,29.0,0.7616039308589979,20,"(5, 60)"
680,681,681,740.0,1.0,8.68,11.397,29.0,0.7616039308589979,20,"(5, 61)"
681,682,682,740.0,1.0,8.68,11.397,29.0,0.7616039308589979,15,"(6, 61)"
682,683,683,740.0,1.0,8.68,11.397,29.0,0.7616039308589979,15,"(6, 60)"
683,684,684,757.0,1.0,8.68,11.601,29.0,0.7482113610895612,15,"(6, 61)"
684,685,685,757.0,1.0,8.68,11.601,29.0,0.7482113610895612,15,"(6, 60)"
685,686,686,965.0,1.0,7.985,9.756,29.0,0.818470684706847,15,"(6, 59)"
686,687,687,972.0,1.0,8.084,11.399,29.0,0.7091850162294938,15,"(6, 58)"
687,688,688,757.0,1.0,8.68,11.601,29.0,0.7482113610895612,15,"(6, 59)"
688,689,689,757.0,1.0,8.68,11.601,29.0,0.7482113610895612,15,"(6, 58)"
689,690,690,751.0,1.0,6.858,10.105,29.0,0.6786739238000989,15,"(6, 57)"
690,691,691,967.0,1.0,7.193,8.481,29.0,0.8481311166136069,15,"(6, 56)"
691,692,692,950.0,1.0,7.14,11.403,29.0,0.6261510128913443,15,"(6, 57)"
692,693,693,777.0,1.0,6.987,11.689,29.0,0.5977414663358713,15,"(6, 56)"
693,694,694,752.0,1.0,7.194,11.406,29.0,0.6307206733298264,15,"(6, 55)"
694,695,695,752.0,1.0,7.194,11.406,29.0,0.6307206733298264,15,"(6, 54)"
695,696,696,741.0,1.0,6.612,11.407,29.0,0.579644078197598,15,"(6, 55)"
696,697,697,741.0,1.0,6.612,11.407,29.0,0.579644078197598,15,"(6, 54)"
697,698,698,775.0,1.0,6.612,11.401,29.0,0.5799491272695377,15,"(6, 53)"
698,699,699,775.0,1.0,6.612,11.401,29.0,0.5799491272695377,15,"(6, 52)"
699,700,700,741.0,1.0,6.612,11.407,29.0,0.579644078197598,15,"(6, 53)"
700,701,701,741.0,1.0,6.612,11.407,29.0,0.579644078197598,15,"(6, 52)"
701,702,702,940.0,1.0,6.374,10.151,29.0,0.6279184316816077,15,"(6, 51)"
702,703,703,932.0,1.0,6.414,9.34,29.0,0.6867237687366167,15,"(6, 50)"
703,704,704,966.0,1.0,6.444,10.132,29.0,0.636004737465456,15,"(6, 51)"
704,705,705,966.0,1.0,6.444,10.132,29.0,0.636004737465456,15,"(6, 50)"
705,706,706,942.0,1.0,6.297,10.178,29.0,0.6186873649046963,15,"(6, 49)"
706,707,707,960.0,1.0,6.297,11.411,29.0,0.5518359477696959,15,"(6, 48)"
707,708,708,926.0,1.0,6.672,11.412,29.0,0.5846477392218716,15,"(6, 49)"
708,709,709,941.0,1.0,6.672,9.863,29.0,0.6764676062050086,15,"(6, 48)"
709,710,710,930.0,1.0,6.092,11.416,29.0,0.5336370007007708,15,"(6, 47)"
710,711,711,930.0,1.0,6.092,11.416,29.0,0.5336370007007708,15,"(6, 46)"
711,712,712,961.0,1.0,5.356,10.02,29.0,0.5345309381237525,15,"(6, 47)"
712,713,713,723.0,1.0,4.721,11.498,29.0,0.4105931466341972,15,"(6, 46)"
713,714,714,724.0,1.0,4.721,11.417,29.0,0.4135061750021897,15,"(6, 45)"
714,715,715,782.0,1.0,4.754,12.266,29.0,0.387575411707158,15,"(6, 44)"
715,716,716,725.0,1.0,4.554,11.103,29.0,0.410159416373953,15,"(6, 45)"
716,717,717,767.0,1.0,4.554,11.103,29.0,0.410159416373953,15,"(6, 44)"
717,718,718,731.0,1.0,4.554,11.103,29.0,0.410159416373953,15,"(6, 43)"
718,719,719,731.0,1.0,4.554,11.103,29.0,0.410159416373953,15,"(6, 42)"
719,720,720,753.0,1.0,3.654,11.092,29.0,0.3294266137756941,15,"(6, 43)"
720,721,721,,,,,,,15,"(6, 42)"
721,722,722,,,,,,,15,"(6, 41)"
722,723,723,,,,,,,15,"(6, 40)"
723,724,724,1585.0,1.0,17.263,11.418,42.0,1.5119110176913648,15,"(6, 41)"
724,725,725,1545.0,1.0,16.755,11.424,42.0,1.4666491596638656,15,"(6, 40)"
725,726,726,1574.0,1.0,13.11,11.429,42.0,1.147081984425584,15,"(6, 39)"
726,727,727,5503.0,1.0,5.587,12.382,42.0,0.4512195121951219,15,"(6, 38)"
727,728,728,2096.0,1.0,0.591,1.264,42.0,0.4675632911392405,15,"(6, 39)"
728,729,729,,,,,,,15,"(6, 38)"
729,730,730,2713.0,1.0,15.236,8.355,63.0,1.8235786953919808,15,"(6, 37)"
730,731,731,2712.0,1.0,10.229,11.466,63.0,0.8921158206872493,15,"(6, 36)"
731,732,732,2715.0,1.0,10.496,13.198,63.0,0.7952720109107441,15,"(6, 37)"
732,733,733,2717.0,1.0,10.535,11.43,63.0,0.9216972878390202,15,"(6, 36)"
733,734,734,3052.0,1.0,10.3,9.09,63.0,1.1331133113311331,15,"(6, 35)"
734,735,735,2716.0,1.0,9.895,12.362,63.0,0.8004368225206276,15,"(6, 34)"
735,736,736,16339.0,1.0,5.364,12.868,63.0,0.4168479950264221,15,"(6, 35)"
736,737,737,,,,,,,15,"(6, 34)"
737,738,738,2200.0,1.0,14.834,11.431,49.0,1.2976992389117312,15,"(6, 33)"
738,739,739,2185.0,1.0,13.872,10.407,49.0,1.3329489766503315,15,"(6, 32)"
739,740,740,2201.0,1.0,14.899,12.173,49.0,1.223938223938224,15,"(6, 33)"
740,741,741,2193.0,1.0,13.6,11.432,49.0,1.1896431070678797,15,"(6, 32)"
741,742,742,2165.0,1.0,11.563,11.433,49.0,1.0113705938948658,15,"(6, 31)"
742,743,743,2194.0,1.0,11.536,11.437,49.0,1.0086561161143657,15,"(6, 31)"
743,744,744,2129.0,2.0,8.936,11.342,47.0,0.7878681008640451,15,"(6, 27)"
744,745,745,2129.0,2.0,8.936,11.342,47.0,0.7878681008640451,15,"(6, 26)"
745,746,746,2122.0,2.0,9.294,11.438,47.0,0.8125546424200035,15,"(6, 27)"
746,747,747,2122.0,2.0,9.294,11.438,47.0,0.8125546424200035,15,"(6, 26)"
747,748,748,2120.0,2.0,9.269,10.218,47.0,0.9071246819338422,15,"(6, 25)"
748,749,749,2120.0,2.0,9.269,10.218,47.0,0.9071246819338422,15,"(6, 24)"
749,750,750,2134.0,2.0,7.343,11.439,47.0,0.6419267418480636,15,"(6, 25)"
750,751,751,2134.0,2.0,7.343,11.439,47.0,0.6419267418480636,15,"(6, 24)"
751,752,752,23672.0,2.0,6.165,8.255,47.0,0.7468201090248334,15,"(6, 23)"
752,753,753,2100.0,2.0,6.713,10.021,47.0,0.6698932242291188,15,"(6, 22)"
753,754,754,2119.0,2.0,6.632,11.44,47.0,0.5797202797202797,15,"(6, 23)"
754,755,755,2119.0,2.0,6.632,11.44,47.0,0.5797202797202797,15,"(6, 22)"
755,756,756,2073.0,2.0,6.168,9.911,47.0,0.6223388154575724,15,"(6, 21)"
756,757,757,2113.0,2.0,6.092,10.153,47.0,0.6000196986112478,15,"(6, 20)"
757,758,758,2119.0,2.0,6.632,11.44,47.0,0.5797202797202797,15,"(6, 21)"
758,759,759,2119.0,2.0,6.632,11.44,47.0,0.5797202797202797,15,"(6, 20)"
759,760,760,2072.0,2.0,6.092,10.341,47.0,0.5891113045160042,15,"(6, 19)"
760,761,761,2072.0,2.0,6.092,10.341,47.0,0.5891113045160042,15,"(6, 18)"
761,762,762,2117.0,2.0,4.442,10.668,47.0,0.4163854518185227,15,"(6, 19)"
762,763,763,2117.0,2.0,4.442,10.668,47.0,0.4163854518185227,15,"(6, 18)"
763,764,764,2072.0,2.0,6.092,10.341,47.0,0.5891113045160042,15,"(6, 17)"
764,765,765,2072.0,2.0,6.092,10.341,47.0,0.5891113045160042,15,"(6, 16)"
765,766,766,251505.0,2.0,4.505,11.441,47.0,0.3937592867756315,15,"(6, 17)"
766,767,767,251505.0,2.0,4.505,11.441,47.0,0.3937592867756315,15,"(6, 16)"
767,768,768,206084.0,2.0,4.272,11.443,47.0,0.3733286725509045,15,"(6, 15)"
768,769,769,206084.0,2.0,4.272,11.443,47.0,0.3733286725509045,15,"(6, 14)"
769,770,770,921.0,2.0,14.811,11.444,29.0,1.2942153093324011,15,"(6, 15)"
770,771,771,945.0,2.0,14.017,8.579,29.0,1.6338734118195593,15,"(6, 14)"
771,772,772,249746.0,2.0,14.222,11.445,29.0,1.2426387068588902,15,"(6, 13)"
772,773,773,249746.0,2.0,14.222,11.445,29.0,1.2426387068588902,15,"(6, 12)"
773,774,774,743.0,2.0,14.798,11.446,29.0,1.292853398567185,15,"(6, 13)"
774,775,775,772.0,2.0,14.265,11.827,29.0,1.2061384966601845,15,"(6, 12)"
775,776,776,733.0,2.0,14.508,11.449,29.0,1.2671849069787753,15,"(6, 11)"
776,777,777,732.0,2.0,14.508,11.73,29.0,1.2368286445012786,15,"(6, 10)"
777,778,778,962.0,2.0,13.98,10.022,29.0,1.394931151466773,15,"(6, 11)"
778,779,779,947.0,2.0,13.533,10.292,29.0,1.3149047804119705,15,"(6, 10)"
779,780,780,939.0,2.0,13.191,10.023,29.0,1.3160730320263396,15,"(6, 9)"
780,781,781,946.0,2.0,13.403,10.024,29.0,1.3370909816440544,15,"(6, 8)"
781,782,782,954.0,2.0,13.309,11.45,29.0,1.1623580786026202,15,"(6, 9)"
782,783,783,953.0,2.0,13.309,10.421,29.0,1.2771327127914789,15,"(6, 8)"
783,784,784,934.0,2.0,12.003,10.401,29.0,1.1540236515719642,15,"(6, 7)"
784,785,785,925.0,2.0,12.619,11.451,29.0,1.1019998253427647,15,"(6, 6)"
785,786,786,84591.0,2.0,12.109,11.452,29.0,1.05736989172197,15,"(6, 7)"
786,787,787,918.0,2.0,11.549,10.07,29.0,1.1468718967229394,15,"(6, 6)"
787,788,788,943.0,2.0,11.549,10.125,29.0,1.140641975308642,15,"(6, 5)"
788,789,789,933.0,2.0,12.612,9.864,29.0,1.278588807785888,15,"(6, 4)"
789,790,790,1095.0,2.0,12.612,9.864,29.0,1.278588807785888,15,"(6, 5)"
790,791,791,958.0,2.0,12.087,11.453,29.0,1.055356675106959,15,"(6, 4)"
791,792,792,971.0,2.0,12.123,10.403,29.0,1.165336922041719,15,"(6, 3)"
792,793,793,924.0,2.0,12.123,10.31,29.0,1.1758486905916583,15,"(6, 2)"
793,794,794,195338.0,2.0,11.607,9.222,29.0,1.2586206896551724,15,"(6, 3)"
794,795,795,922.0,2.0,12.125,9.818,29.0,1.2349765736402527,15,"(6, 2)"
795,796,796,959.0,2.0,11.476,10.339,29.0,1.1099719508656545,21,"(7, 2)"
796,797,797,923.0,2.0,11.146,9.404,29.0,1.185240323266695,21,"(7, 3)"
797,798,798,944.0,2.0,11.866,9.565,29.0,1.2405645582854157,21,"(7, 2)"
798,799,799,765.0,2.0,11.866,11.467,29.0,1.03479550013081,21,"(7, 3)"
799,800,800,779.0,2.0,11.287,11.471,29.0,0.983959550169994,21,"(7, 4)"
800,801,801,771.0,2.0,11.287,11.472,29.0,0.983873779637378,21,"(7, 5)"
801,802,802,749.0,2.0,11.588,11.475,29.0,1.0098474945533769,21,"(7, 4)"
802,803,803,774.0,2.0,11.588,11.476,29.0,1.0097594980829556,21,"(7, 5)"
803,804,804,729.0,2.0,11.337,11.322,29.0,1.001324854266031,21,"(7, 6)"
804,805,805,745.0,2.0,11.337,11.477,29.0,0.987801690337196,21,"(7, 7)"
805,806,806,726.0,2.0,11.481,11.478,29.0,1.0002613695765814,21,"(7, 6)"
806,807,807,763.0,2.0,11.481,11.479,29.0,1.0001742312048088,21,"(7, 7)"
807,808,808,728.0,2.0,10.546,11.378,29.0,0.9268764281947618,21,"(7, 8)"
808,809,809,773.0,2.0,10.546,11.48,29.0,0.9186411149825784,21,"(7, 9)"
809,810,810,764.0,2.0,11.365,11.386,29.0,0.9981556297207096,21,"(7, 8)"
810,811,811,756.0,2.0,9.217,11.481,29.0,0.8028046337427054,21,"(7, 9)"
811,812,812,781.0,2.0,8.991,11.482,29.0,0.7830517331475353,21,"(7, 10)"
812,813,813,737.0,2.0,8.991,10.405,29.0,0.864103796251802,21,"(7, 11)"
813,814,814,768.0,2.0,8.914,11.484,29.0,0.7762103796586555,21,"(7, 10)"
814,815,815,936.0,2.0,8.082,10.089,29.0,0.8010704727921499,21,"(7, 11)"
815,816,816,760.0,2.0,7.471,9.896,29.0,0.7549514955537591,21,"(7, 12)"
816,817,817,760.0,2.0,7.471,9.896,29.0,0.7549514955537591,21,"(7, 13)"
817,818,818,762.0,2.0,7.182,10.09,29.0,0.7117938553022796,21,"(7, 12)"
818,819,819,968.0,2.0,6.485,10.423,29.0,0.622181713518181,21,"(7, 13)"
819,820,820,948.0,2.0,6.297,9.317,29.0,0.6758613287538907,21,"(7, 14)"
820,821,821,948.0,2.0,6.297,9.317,29.0,0.6758613287538907,21,"(7, 15)"
821,822,822,952.0,2.0,6.632,9.82,29.0,0.675356415478615,21,"(7, 14)"
822,823,823,952.0,2.0,6.632,9.82,29.0,0.675356415478615,21,"(7, 15)"
823,824,824,948.0,2.0,6.297,9.317,29.0,0.6758613287538907,21,"(7, 16)"
824,825,825,948.0,2.0,6.297,9.317,29.0,0.6758613287538907,21,"(7, 17)"
825,826,826,952.0,2.0,6.632,9.82,29.0,0.675356415478615,21,"(7, 16)"
826,827,827,952.0,2.0,6.632,9.82,29.0,0.675356415478615,21,"(7, 17)"
827,828,828,927.0,2.0,6.325,10.093,29.0,0.6266719508570296,21,"(7, 18)"
828,829,829,927.0,2.0,6.325,10.093,29.0,0.6266719508570296,21,"(7, 19)"
829,830,830,931.0,2.0,26.0,9.853,29.0,2.638790216177814,21,"(7, 18)"
830,831,831,931.0,2.0,26.0,9.853,29.0,2.638790216177814,21,"(7, 19)"
831,832,832,927.0,2.0,6.325,10.093,29.0,0.6266719508570296,21,"(7, 20)"
832,833,833,927.0,2.0,6.325,10.093,29.0,0.6266719508570296,21,"(7, 21)"
833,834,834,761.0,2.0,4.665,11.588,29.0,0.4025716258198136,21,"(7, 20)"
834,835,835,761.0,2.0,4.665,11.588,29.0,0.4025716258198136,21,"(7, 21)"
835,836,836,758.0,2.0,4.665,10.889,29.0,0.4284139957755533,21,"(7, 22)"
836,837,837,758.0,2.0,4.665,10.889,29.0,0.4284139957755533,21,"(7, 23)"
837,838,838,78789.0,2.0,4.665,11.487,29.0,0.4061112562026638,21,"(7, 22)"
838,839,839,769.0,2.0,4.554,11.103,29.0,0.410159416373953,21,"(7, 23)"
839,840,840,758.0,2.0,4.665,10.889,29.0,0.4284139957755533,21,"(7, 24)"
840,841,841,758.0,2.0,4.665,10.889,29.0,0.4284139957755533,21,"(7, 25)"
841,842,842,739.0,2.0,4.665,11.488,29.0,0.4060759052924791,21,"(7, 24)"
842,843,843,739.0,2.0,4.665,11.488,29.0,0.4060759052924791,21,"(7, 25)"
843,844,844,770.0,2.0,4.554,11.103,29.0,0.410159416373953,21,"(7, 26)"
844,845,845,770.0,2.0,4.554,11.103,29.0,0.410159416373953,21,"(7, 27)"
845,846,846,739.0,2.0,4.665,11.488,29.0,0.4060759052924791,21,"(7, 26)"
846,847,847,739.0,2.0,4.665,11.488,29.0,0.4060759052924791,21,"(7, 27)"
847,848,848,2161.0,1.0,11.811,9.842,49.0,1.200060963218858,21,"(7, 31)"
848,849,849,2204.0,1.0,11.231,10.216,49.0,1.0993539545810491,21,"(7, 31)"
849,850,850,2184.0,1.0,9.059,11.897,49.0,0.7614524670084895,21,"(7, 32)"
850,851,851,2192.0,1.0,9.068,11.616,49.0,0.7806473829201102,21,"(7, 33)"
851,852,852,2213.0,1.0,8.503,11.49,49.0,0.7400348128807659,21,"(7, 32)"
852,853,853,2181.0,1.0,8.914,11.492,49.0,0.7756700313261399,21,"(7, 33)"
853,854,854,2162.0,1.0,8.791,11.493,49.0,0.7649003741407814,21,"(7, 34)"
854,855,855,2163.0,1.0,8.791,11.81,49.0,0.7443691786621507,21,"(7, 35)"
855,856,856,2168.0,1.0,8.403,9.325,49.0,0.9011260053619304,21,"(7, 34)"
856,857,857,2216.0,1.0,8.45,11.496,49.0,0.7350382741823241,21,"(7, 35)"
857,858,858,2175.0,1.0,8.018,11.577,49.0,0.6925801157467393,21,"(7, 36)"
858,859,859,2198.0,1.0,8.159,7.717,49.0,1.0572761435791111,21,"(7, 37)"
859,860,860,2209.0,1.0,7.646,9.869,49.0,0.7747492147127368,21,"(7, 36)"
860,861,861,2212.0,1.0,7.524,10.204,49.0,0.7373578988631908,21,"(7, 37)"
861,862,862,2176.0,1.0,8.008,11.647,49.0,0.6875590280758993,21,"(7, 38)"
862,863,863,2189.0,1.0,8.008,11.497,49.0,0.6965295294424632,21,"(7, 39)"
863,864,864,2160.0,1.0,7.532,10.2,49.0,0.7384313725490197,21,"(7, 38)"
864,865,865,2177.0,1.0,7.364,11.499,49.0,0.6404035133489868,21,"(7, 39)"
865,866,866,2182.0,1.0,7.364,10.107,49.0,0.7286039378648462,21,"(7, 40)"
866,867,867,2202.0,1.0,6.858,9.234,49.0,0.7426900584795322,21,"(7, 41)"
867,868,868,2167.0,1.0,6.858,9.297,49.0,0.7376573088092933,21,"(7, 40)"
868,869,869,2166.0,1.0,6.892,11.5,49.0,0.599304347826087,21,"(7, 41)"
869,870,870,2195.0,1.0,7.094,9.829,49.0,0.7217417845152101,21,"(7, 42)"
870,871,871,2191.0,1.0,6.961,11.953,49.0,0.5823642600184055,21,"(7, 43)"
871,872,872,2179.0,1.0,6.414,11.508,49.0,0.5573514077163713,21,"(7, 42)"
872,873,873,2164.0,1.0,6.672,11.501,49.0,0.5801234675245631,21,"(7, 43)"
873,874,874,2178.0,1.0,6.165,11.506,49.0,0.5358074048322614,21,"(7, 44)"
874,875,875,,,,,,,21,"(7, 45)"
875,876,876,,,,,,,21,"(7, 44)"
876,877,877,1340.0,1.0,10.3,8.952,31.0,1.1505808757819482,21,"(7, 45)"
877,878,878,2295.0,1.0,10.011,8.873,31.0,1.1282542544798828,21,"(7, 46)"
878,879,879,1332.0,1.0,10.046,10.213,31.0,0.9836482913933222,21,"(7, 47)"
879,880,880,1346.0,1.0,10.046,10.108,31.0,0.9938662445587652,21,"(7, 46)"
880,881,881,1331.0,1.0,9.126,8.205,31.0,1.1122486288848263,21,"(7, 47)"
881,882,882,2290.0,1.0,9.126,10.012,31.0,0.9115061925689172,21,"(7, 48)"
882,883,883,865.0,1.0,9.071,11.507,31.0,0.7883027722256019,21,"(7, 49)"
883,884,884,1341.0,1.0,8.738,8.177,31.0,1.0686070686070686,21,"(7, 48)"
884,885,885,1335.0,1.0,9.146,9.218,31.0,0.992189195053157,21,"(7, 49)"
885,886,886,1343.0,1.0,8.928,7.99,31.0,1.1173967459324157,21,"(7, 50)"
886,887,887,1338.0,1.0,8.45,7.527,31.0,1.1226252158894643,21,"(7, 51)"
887,888,888,1345.0,1.0,8.961,8.325,31.0,1.0763963963963965,21,"(7, 50)"
888,889,889,1345.0,1.0,8.961,8.325,31.0,1.0763963963963965,21,"(7, 51)"
889,890,890,2393.0,1.0,8.39,9.03,31.0,0.929125138427464,21,"(7, 52)"
890,891,891,1344.0,1.0,7.494,9.636,31.0,0.7777085927770859,21,"(7, 53)"
891,892,892,,,,,,,21,"(7, 52)"
892,893,893,371.0,1.0,16.571,7.243,19.0,2.2878641446914263,21,"(7, 53)"
893,894,894,366.0,1.0,16.571,6.723,19.0,2.4648222519708467,21,"(7, 54)"
894,895,895,369.0,1.0,15.849,6.327,19.0,2.5049786628734,21,"(7, 55)"
895,896,896,368.0,1.0,16.287,6.405,19.0,2.5428571428571427,21,"(7, 54)"
896,897,897,372.0,1.0,10.247,8.758,19.0,1.1700159853847911,21,"(7, 55)"
897,898,898,365.0,1.0,7.069,8.236,19.0,0.8583050024283632,21,"(7, 56)"
898,899,899,373.0,1.0,6.485,9.88,19.0,0.6563765182186234,21,"(7, 57)"
899,900,900,367.0,1.0,2.908,4.652,19.0,0.6251074806534823,21,"(7, 56)"
900,901,901,370.0,1.0,1.445,8.874,19.0,0.1628352490421455,21,"(7, 57)"
901,902,902,,,,,,,21,"(7, 58)"
902,903,903,911.0,1.0,13.996,11.509,32.0,1.2160917542792598,21,"(7, 59)"
903,904,904,914.0,1.0,12.803,8.981,32.0,1.425565081839439,21,"(7, 58)"
904,905,905,888.0,1.0,13.191,7.911,32.0,1.6674251042851729,21,"(7, 59)"
905,906,906,916.0,1.0,13.368,9.189,32.0,1.4547828925889652,21,"(7, 60)"
906,907,907,910.0,1.0,12.938,11.51,32.0,1.1240660295395308,21,"(7, 61)"
907,908,908,908.0,1.0,11.927,11.654,32.0,1.0234254333276127,21,"(7, 60)"
908,909,909,889.0,1.0,11.811,10.183,32.0,1.159874300304429,21,"(7, 61)"
909,910,910,900.0,1.0,10.823,11.572,32.0,0.9352748012443832,22,"(8, 61)"
910,911,911,917.0,1.0,11.231,11.535,32.0,0.9736454269614218,22,"(8, 60)"
911,912,912,898.0,1.0,10.535,9.825,32.0,1.072264631043257,22,"(8, 61)"
912,913,913,874.0,1.0,8.919,9.914,32.0,0.8996368771434337,22,"(8, 60)"
913,914,914,873.0,1.0,9.318,10.109,32.0,0.921752893461272,22,"(8, 59)"
914,915,915,876.0,1.0,9.276,11.536,32.0,0.8040915395284327,22,"(8, 58)"
915,916,916,902.0,1.0,9.146,11.538,32.0,0.7926850407349628,22,"(8, 59)"
916,917,917,880.0,1.0,8.792,11.547,32.0,0.7614098900147224,22,"(8, 58)"
917,918,918,899.0,1.0,9.141,11.548,32.0,0.7915656390717007,22,"(8, 57)"
918,919,919,872.0,1.0,8.714,11.555,32.0,0.7541324102120295,22,"(8, 56)"
919,920,920,875.0,1.0,8.714,10.11,32.0,0.8619188921859546,22,"(8, 57)"
920,921,921,897.0,1.0,8.739,11.556,32.0,0.7562305295950157,22,"(8, 56)"
921,922,922,903.0,1.0,8.318,8.047,32.0,1.0336771467627686,22,"(8, 55)"
922,923,923,904.0,1.0,7.004,11.56,32.0,0.6058823529411764,22,"(8, 54)"
923,924,924,879.0,1.0,7.301,11.562,32.0,0.6314651444386785,22,"(8, 54)"
924,925,925,877.0,1.0,6.87,11.563,32.0,0.59413646977428,22,"(8, 53)"
925,926,926,128229.0,1.0,7.094,12.04,32.0,0.5892026578073091,22,"(8, 52)"
926,927,927,906.0,1.0,6.396,11.566,32.0,0.5530001729206294,22,"(8, 53)"
927,928,928,891.0,1.0,6.414,9.712,32.0,0.6604200988467874,22,"(8, 52)"
928,929,929,890.0,1.0,6.297,10.261,32.0,0.6136828769125816,22,"(8, 51)"
929,930,930,912.0,1.0,6.165,11.567,32.0,0.5329817584507651,22,"(8, 50)"
930,931,931,913.0,1.0,6.165,10.462,32.0,0.5892754731408909,22,"(8, 51)"
931,932,932,913.0,1.0,6.165,10.462,32.0,0.5892754731408909,22,"(8, 50)"
932,933,933,895.0,1.0,6.632,10.636,32.0,0.6235426852200076,22,"(8, 49)"
933,934,934,915.0,1.0,6.167,10.514,32.0,0.5865512649800266,22,"(8, 48)"
934,935,935,905.0,1.0,4.639,10.575,32.0,0.4386761229314421,22,"(8, 49)"
935,936,936,885.0,1.0,3.727,11.568,32.0,0.3221818810511757,22,"(8, 48)"
936,937,937,883.0,1.0,2.875,11.569,32.0,0.2485089463220675,22,"(8, 47)"
937,938,938,,,,,,,22,"(8, 46)"
938,939,939,,,,,,,22,"(8, 47)"
939,940,940,2328.0,1.0,12.037,12.242,53.0,0.9832543702009476,22,"(8, 46)"
940,941,941,2344.0,1.0,11.953,11.571,53.0,1.033013568403768,22,"(8, 45)"
941,942,942,2333.0,1.0,11.498,12.269,53.0,0.9371586926399867,22,"(8, 44)"
942,943,943,2346.0,1.0,11.498,11.574,53.0,0.993433557974771,22,"(8, 45)"
943,944,944,2331.0,1.0,11.248,11.812,53.0,0.952251947172367,22,"(8, 44)"
944,945,945,2342.0,1.0,11.146,11.899,53.0,0.9367173712076646,22,"(8, 43)"
945,946,946,2312.0,1.0,10.929,11.83,53.0,0.9238377007607776,22,"(8, 42)"
946,947,947,2327.0,1.0,11.536,12.113,53.0,0.9523652274415916,22,"(8, 43)"
947,948,948,25374.0,1.0,11.536,11.742,53.0,0.9824561403508772,22,"(8, 42)"
948,949,949,16804.0,1.0,11.811,11.824,53.0,0.9989005412719892,22,"(8, 41)"
949,950,950,2341.0,1.0,10.821,12.392,53.0,0.8732246610716592,22,"(8, 40)"
950,951,951,302172.0,1.0,11.231,11.693,53.0,0.960489181561618,22,"(8, 41)"
951,952,952,2336.0,1.0,11.287,11.96,53.0,0.9437290969899664,22,"(8, 40)"
952,953,953,2313.0,1.0,11.269,12.515,53.0,0.9004394726328405,22,"(8, 39)"
953,954,954,2334.0,1.0,11.337,11.579,53.0,0.979100094999568,22,"(8, 38)"
954,955,955,2326.0,1.0,11.481,12.35,53.0,0.9296356275303644,22,"(8, 39)"
955,956,956,2335.0,1.0,11.047,12.297,53.0,0.8983491908595592,22,"(8, 38)"
956,957,957,2325.0,1.0,10.881,12.002,53.0,0.9065989001833028,22,"(8, 37)"
957,958,958,2302.0,1.0,24.0,12.659,53.0,1.8958843510545853,22,"(8, 36)"
958,959,959,2304.0,1.0,11.468,11.905,53.0,0.9632927341453172,22,"(8, 37)"
959,960,960,2308.0,1.0,10.967,11.58,53.0,0.94706390328152,22,"(8, 36)"
960,961,961,2317.0,1.0,10.967,11.58,53.0,0.94706390328152,22,"(8, 35)"
961,962,962,2322.0,1.0,11.399,12.11,53.0,0.9412881915772088,22,"(8, 34)"
962,963,963,2303.0,1.0,10.947,11.776,53.0,0.929602581521739,22,"(8, 35)"
963,964,964,2309.0,1.0,9.118,11.581,53.0,0.787324065279337,22,"(8, 34)"
964,965,965,2338.0,1.0,6.374,11.91,53.0,0.5351805205709488,22,"(8, 33)"
965,966,966,2311.0,1.0,6.297,11.582,53.0,0.543688482127439,22,"(8, 32)"
966,967,967,2378.0,1.0,6.632,11.586,53.0,0.5724149836008976,22,"(8, 33)"
967,968,968,2321.0,1.0,6.231,11.59,53.0,0.537618636755824,22,"(8, 31)"
968,969,969,2361.0,1.0,5.804,11.591,53.0,0.5007333275817445,22,"(8, 31)"
969,970,970,770.0,2.0,4.554,11.103,29.0,0.410159416373953,22,"(8, 27)"
970,971,971,770.0,2.0,4.554,11.103,29.0,0.410159416373953,22,"(8, 26)"
971,972,972,766.0,2.0,4.554,11.667,29.0,0.3903317048084341,22,"(8, 27)"
972,973,973,1617.0,2.0,16.742,10.122,42.0,1.654020944477376,22,"(8, 26)"
973,974,974,1556.0,2.0,16.606,10.142,42.0,1.637349635180438,22,"(8, 25)"
974,975,975,1588.0,2.0,12.952,11.592,42.0,1.1173222912353349,22,"(8, 24)"
975,976,976,1624.0,2.0,8.739,11.594,42.0,0.7537519406589617,22,"(8, 25)"
976,977,977,1612.0,2.0,8.596,11.217,42.0,0.7663368101988054,22,"(8, 24)"
977,978,978,2095.0,2.0,6.297,5.63,42.0,1.1184724689165186,22,"(8, 23)"
978,979,979,2526.0,2.0,5.136,9.278,42.0,0.5535675792196594,22,"(8, 22)"
979,980,980,2525.0,2.0,5.179,11.603,42.0,0.4463500818753771,22,"(8, 23)"
980,981,981,2816.0,2.0,5.108,15.398,42.0,0.3317313936874919,22,"(8, 22)"
981,982,982,290278.0,2.0,3.063,5.866,42.0,0.5221616092737812,22,"(8, 21)"
982,983,983,2714.0,2.0,9.294,7.673,63.0,1.2112602632607847,22,"(8, 20)"
983,984,984,146539.0,2.0,10.3,11.63,63.0,0.8856405846947549,22,"(8, 21)"
984,985,985,146539.0,2.0,10.3,11.63,63.0,0.8856405846947549,22,"(8, 20)"
985,986,986,3051.0,2.0,8.991,7.432,63.0,1.2097685683530677,22,"(8, 19)"
986,987,987,233999.0,2.0,4.986,11.633,63.0,0.4286082695779248,22,"(8, 18)"
987,988,988,2711.0,2.0,5.136,9.757,63.0,0.5263913088039357,22,"(8, 19)"
988,989,989,2199.0,2.0,14.794,11.635,49.0,1.2715083798882685,22,"(8, 18)"
989,990,990,2214.0,2.0,14.794,11.636,49.0,1.2713991062220695,22,"(8, 17)"
990,991,991,2214.0,2.0,14.794,11.636,49.0,1.2713991062220695,22,"(8, 16)"
991,992,992,2215.0,2.0,13.939,11.648,49.0,1.1966861263736264,22,"(8, 17)"
992,993,993,2215.0,2.0,13.939,11.648,49.0,1.1966861263736264,22,"(8, 16)"
993,994,994,2210.0,2.0,10.821,9.918,49.0,1.091046581972172,22,"(8, 15)"
994,995,995,2208.0,2.0,11.231,10.216,49.0,1.0993539545810491,22,"(8, 14)"
995,996,996,2206.0,2.0,8.308,8.147,49.0,1.0197618755370077,22,"(8, 15)"
996,997,997,2211.0,2.0,7.301,9.281,49.0,0.7866609201594655,22,"(8, 14)"
997,998,998,2180.0,2.0,6.396,11.668,49.0,0.5481659238944121,22,"(8, 13)"
998,999,999,2207.0,2.0,6.396,11.668,49.0,0.5481659238944121,22,"(8, 12)"
999,1000,1000,2203.0,2.0,6.396,11.649,49.0,0.5490600051506568,22,"(8, 13)"
1000,1001,1001,2205.0,2.0,6.414,11.65,49.0,0.550557939914163,22,"(8, 12)"
1001,1002,1002,1337.0,2.0,10.011,8.493,31.0,1.1787354291769692,22,"(8, 11)"
1002,1003,1003,1337.0,2.0,10.011,8.493,31.0,1.1787354291769692,22,"(8, 10)"
1003,1004,1004,1339.0,2.0,9.11,9.46,31.0,0.9630021141649048,22,"(8, 11)"
1004,1005,1005,1320.0,2.0,8.883,8.806,31.0,1.0087440381558028,22,"(8, 9)"
1005,1006,1006,1320.0,2.0,8.883,8.806,31.0,1.0087440381558028,22,"(8, 8)"
1006,1007,1007,1334.0,2.0,8.78,8.18,31.0,1.0733496332518335,22,"(8, 9)"
1007,1008,1008,41911.0,2.0,9.059,8.472,31.0,1.069287063267233,22,"(8, 8)"
1008,1009,1009,1342.0,2.0,9.141,7.994,31.0,1.1434826119589692,22,"(8, 7)"
1009,1010,1010,1342.0,2.0,9.141,7.994,31.0,1.1434826119589692,22,"(8, 6)"
1010,1011,1011,1327.0,2.0,8.739,7.354,31.0,1.1883328800652706,22,"(8, 7)"
1011,1012,1012,1327.0,2.0,8.739,7.354,31.0,1.1883328800652706,22,"(8, 6)"
1012,1013,1013,1336.0,2.0,8.739,7.718,31.0,1.1322881575537704,22,"(8, 5)"
1013,1014,1014,1336.0,2.0,8.739,7.718,31.0,1.1322881575537704,22,"(8, 4)"
1014,1015,1015,1327.0,2.0,8.739,7.354,31.0,1.1883328800652706,22,"(8, 5)"
1015,1016,1016,1327.0,2.0,8.739,7.354,31.0,1.1883328800652706,22,"(8, 4)"
1016,1017,1017,1336.0,2.0,8.739,7.718,31.0,1.1322881575537704,22,"(8, 3)"
1017,1018,1018,1336.0,2.0,8.739,7.718,31.0,1.1322881575537704,22,"(8, 2)"
1018,1019,1019,1327.0,2.0,8.739,7.354,31.0,1.1883328800652706,22,"(8, 3)"
1019,1020,1020,1327.0,2.0,8.739,7.354,31.0,1.1883328800652706,22,"(8, 2)"
1020,1021,1021,1336.0,2.0,8.739,7.718,31.0,1.1322881575537704,23,"(9, 2)"
1021,1022,1022,1336.0,2.0,8.739,7.718,31.0,1.1322881575537704,23,"(9, 3)"
1022,1023,1023,296.0,2.0,12.791,7.351,19.0,1.7400353693375052,23,"(9, 2)"
1023,1024,1024,298.0,2.0,5.328,7.78,19.0,0.6848329048843188,23,"(9, 3)"
1024,1025,1025,515.0,2.0,4.697,8.202,19.0,0.5726652036088759,23,"(9, 4)"
1025,1026,1026,301.0,2.0,1.684,10.159,19.0,0.1657643468845358,23,"(9, 5)"
1026,1027,1027,887.0,2.0,13.872,11.653,32.0,1.1904230670213678,23,"(9, 4)"
1027,1028,1028,878.0,2.0,13.148,9.664,32.0,1.3605132450331126,23,"(9, 5)"
1028,1029,1029,892.0,2.0,12.671,10.279,32.0,1.2327074618153515,23,"(9, 6)"
1029,1030,1030,881.0,2.0,13.368,10.127,32.0,1.320035548533623,23,"(9, 7)"
1030,1031,1031,67489.0,2.0,11.811,11.655,32.0,1.0133848133848131,23,"(9, 6)"
1031,1032,1032,896.0,2.0,10.1,11.669,32.0,0.8655411774787899,23,"(9, 7)"
1032,1033,1033,894.0,2.0,8.503,11.67,32.0,0.7286203941730934,23,"(9, 8)"
1033,1034,1034,901.0,2.0,8.714,11.673,32.0,0.7465090379508267,23,"(9, 9)"
1034,1035,1035,886.0,2.0,8.713,8.186,32.0,1.064378206694356,23,"(9, 8)"
1035,1036,1036,884.0,2.0,6.87,11.674,32.0,0.5884872365941408,23,"(9, 9)"
1036,1037,1037,882.0,2.0,5.025,11.678,32.0,0.4302962836102072,23,"(9, 10)"
1037,1038,1038,909.0,2.0,4.124,11.679,32.0,0.3531124240089048,23,"(9, 11)"
1038,1039,1039,2337.0,1.0,6.153,11.68,53.0,0.5267979452054794,23,"(9, 10)"
1039,1040,1040,2332.0,1.0,5.91,11.686,53.0,0.5057333561526614,23,"(9, 11)"
1040,1041,1041,25413.0,1.0,6.036,12.483,53.0,0.4835376111511655,23,"(9, 12)"
1041,1042,1042,2314.0,1.0,6.036,11.692,53.0,0.5162504276428327,23,"(9, 13)"
1042,1043,1043,2306.0,1.0,5.681,11.814,53.0,0.4808701540545116,23,"(9, 12)"
1043,1044,1044,2360.0,1.0,5.737,12.311,53.0,0.4660060108845748,23,"(9, 13)"
1044,1045,1045,2300.0,1.0,5.648,11.694,53.0,0.482982726184368,23,"(9, 14)"
1045,1046,1046,2323.0,1.0,5.252,11.188,53.0,0.4694315337861994,23,"(9, 15)"
1046,1047,1047,2340.0,1.0,5.252,12.256,53.0,0.4285248041775457,23,"(9, 14)"
1047,1048,1048,2315.0,1.0,5.284,11.695,53.0,0.4518170158187259,23,"(9, 15)"
1048,1049,1049,2316.0,1.0,5.364,6.876,53.0,0.7801047120418848,23,"(9, 16)"
1049,1050,1050,2319.0,1.0,5.278,11.696,53.0,0.451265389876881,23,"(9, 17)"
1050,1051,1051,2330.0,1.0,5.239,6.475,53.0,0.8091119691119691,23,"(9, 16)"
1051,1052,1052,2339.0,1.0,3.063,11.828,53.0,0.2589617855935069,23,"(9, 17)"
1052,1053,1053,2310.0,1.0,3.017,11.697,53.0,0.2579293836026332,23,"(9, 18)"
1053,1054,1054,2301.0,1.0,2.666,12.213,53.0,0.218291983951527,23,"(9, 19)"
1054,1055,1055,233073.0,2.0,11.744,11.833,53.0,0.9924786613707428,23,"(9, 18)"
1055,1056,1056,2383.0,2.0,11.744,11.968,53.0,0.9812834224598932,23,"(9, 19)"
1056,1057,1057,2381.0,2.0,11.073,12.494,53.0,0.8862654073955499,23,"(9, 20)"
1057,1058,1058,2390.0,2.0,11.811,12.732,53.0,0.9276625824693686,23,"(9, 21)"
1058,1059,1059,2388.0,2.0,10.823,11.698,53.0,0.9252008890408616,23,"(9, 20)"
1059,1060,1060,2386.0,2.0,10.821,12.174,53.0,0.8888615081320848,23,"(9, 21)"
1060,1061,1061,2384.0,2.0,10.967,11.7,53.0,0.9373504273504276,23,"(9, 22)"
1061,1062,1062,2389.0,2.0,11.273,11.906,53.0,0.9468335293129514,23,"(9, 23)"
1062,1063,1063,235049.0,2.0,6.29,11.701,53.0,0.5375608922314332,23,"(9, 22)"
1063,1064,1064,2385.0,2.0,5.518,11.838,53.0,0.4661260348031762,23,"(9, 23)"
1064,1065,1065,2391.0,2.0,5.737,12.487,53.0,0.4594378153279411,23,"(9, 24)"
1065,1066,1066,2382.0,2.0,5.284,7.138,53.0,0.7402633790977865,23,"(9, 25)"
1066,1067,1067,2387.0,2.0,2.723,11.702,53.0,0.2326952657665356,23,"(9, 24)"
1067,1068,1068,,,,,,,23,"(9, 25)"
1068,1069,1069,,,,,,,23,"(9, 26)"
1069,1070,1070,,,,,,,23,"(9, 27)"
1070,1071,1071,1130.0,1.0,16.787,9.603,35.0,1.7480995522232634,23,"(9, 26)"
1071,1072,1072,1131.0,1.0,12.888,10.129,35.0,1.2723862177905023,23,"(9, 27)"
1072,1073,1073,1128.0,1.0,11.918,11.703,35.0,1.0183713577715117,23,"(9, 31)"
1073,1074,1074,1133.0,1.0,10.419,11.704,35.0,0.8902084757347916,23,"(9, 31)"
1074,1075,1075,1136.0,1.0,8.904,9.87,35.0,0.9021276595744682,23,"(9, 32)"
1075,1076,1076,1138.0,1.0,9.295,11.707,35.0,0.793969420005125,23,"(9, 33)"
1076,1077,1077,249171.0,1.0,9.041,12.765,35.0,0.708264786525656,23,"(9, 32)"
1077,1078,1078,1112.0,1.0,9.146,10.13,35.0,0.902862783810464,23,"(9, 33)"
1078,1079,1079,1127.0,1.0,29.0,9.187,35.0,3.1566343746598458,23,"(9, 34)"
1079,1080,1080,1134.0,1.0,8.084,8.781,35.0,0.9206240747067532,23,"(9, 35)"
1080,1081,1081,1137.0,1.0,7.056,11.709,35.0,0.6026133743274404,23,"(9, 34)"
1081,1082,1082,1124.0,1.0,6.961,8.922,35.0,0.7802062317865949,23,"(9, 35)"
1082,1083,1083,1123.0,1.0,6.374,11.71,35.0,0.5443210930828352,23,"(9, 36)"
1083,1084,1084,1135.0,1.0,6.652,10.307,35.0,0.6453866304453284,23,"(9, 37)"
1084,1085,1085,1117.0,1.0,6.672,12.567,35.0,0.5309142993554548,23,"(9, 36)"
1085,1086,1086,1129.0,1.0,6.337,9.653,35.0,0.6564798508235781,23,"(9, 37)"
1086,1087,1087,1132.0,1.0,6.332,8.818,35.0,0.7180766613744614,23,"(9, 38)"
1087,1088,1088,1168.0,1.0,3.802,8.909,35.0,0.4267594567291503,23,"(9, 39)"
1088,1089,1089,,,,,,,23,"(9, 38)"
1089,1090,1090,,,,,,,23,"(9, 39)"
1090,1091,1091,,,,,,,23,"(9, 40)"
1091,1092,1092,1007.0,1.0,16.864,11.711,30.0,1.4400136623687132,23,"(9, 41)"
1092,1093,1093,1017.0,1.0,15.032,11.713,30.0,1.2833603688209685,23,"(9, 40)"
1093,1094,1094,1021.0,1.0,14.822,12.075,30.0,1.227494824016563,23,"(9, 41)"
1094,1095,1095,981.0,1.0,13.235,10.133,30.0,1.3061284910687851,23,"(9, 42)"
1095,1096,1096,833.0,1.0,13.34,11.1,30.0,1.2018018018018015,23,"(9, 43)"
1096,1097,1097,808.0,1.0,13.34,11.714,30.0,1.1388082636161858,23,"(9, 42)"
1097,1098,1098,839.0,1.0,13.34,11.716,30.0,1.1386138613861387,23,"(9, 43)"
1098,1099,1099,789.0,1.0,12.952,11.719,30.0,1.105213755439884,23,"(9, 44)"
1099,1100,1100,802.0,1.0,13.09,11.721,30.0,1.1167989079430083,23,"(9, 45)"
1100,1101,1101,831.0,1.0,13.25,11.726,30.0,1.1299675933822275,23,"(9, 44)"
1101,1102,1102,807.0,1.0,13.25,11.729,30.0,1.1296785744735272,23,"(9, 45)"
1102,1103,1103,842.0,1.0,11.811,11.374,30.0,1.038420960084403,23,"(9, 46)"
1103,1104,1104,302465.0,1.0,10.823,11.735,30.0,0.922283766510439,23,"(9, 47)"
1104,1105,1105,809.0,1.0,10.821,9.227,30.0,1.1727538744987536,23,"(9, 46)"
1105,1106,1106,821.0,1.0,11.866,9.496,30.0,1.2495787700084244,23,"(9, 47)"
1106,1107,1107,794.0,1.0,11.424,11.739,30.0,0.9731663685152055,23,"(9, 48)"
1107,1108,1108,830.0,1.0,11.047,10.256,30.0,1.077125585023401,23,"(9, 49)"
1108,1109,1109,815.0,1.0,11.627,11.741,30.0,0.9902904352269823,23,"(9, 48)"
1109,1110,1110,784.0,1.0,11.627,11.744,30.0,0.9900374659400546,23,"(9, 49)"
1110,1111,1111,824.0,1.0,10.546,11.378,30.0,0.9268764281947618,23,"(9, 50)"
1111,1112,1112,995.0,1.0,9.794,11.746,30.0,0.8338157670696408,23,"(9, 51)"
1112,1113,1113,1013.0,1.0,9.286,11.755,30.0,0.7899617184176945,23,"(9, 50)"
1113,1114,1114,832.0,1.0,9.324,9.871,30.0,0.9445851484145475,23,"(9, 51)"
1114,1115,1115,291021.0,1.0,9.603,11.758,30.0,0.8167205307025005,23,"(9, 52)"
1115,1116,1116,813.0,1.0,9.672,11.759,30.0,0.8225189216770133,23,"(9, 53)"
1116,1117,1117,817.0,1.0,9.672,11.76,30.0,0.8224489795918368,23,"(9, 52)"
1117,1118,1118,790.0,1.0,9.071,11.767,30.0,0.7708846774878899,23,"(9, 53)"
1118,1119,1119,805.0,1.0,9.217,11.768,30.0,0.7832256968048946,23,"(9, 54)"
1119,1120,1120,804.0,1.0,9.217,11.769,30.0,0.7831591469113773,23,"(9, 55)"
1120,1121,1121,795.0,1.0,9.294,11.771,30.0,0.789567581343981,23,"(9, 54)"
1121,1122,1122,801.0,1.0,8.927,10.162,30.0,0.8784688053532768,23,"(9, 55)"
1122,1123,1123,834.0,1.0,8.863,10.728,30.0,0.8261558538404176,23,"(9, 56)"
1123,1124,1124,788.0,1.0,8.914,11.773,30.0,0.7571562048755627,23,"(9, 57)"
1124,1125,1125,811.0,1.0,8.739,11.783,30.0,0.741661716031571,23,"(9, 56)"
1125,1126,1126,792.0,1.0,8.596,11.784,30.0,0.7294636795655125,23,"(9, 57)"
1126,1127,1127,829.0,1.0,8.739,10.163,30.0,0.8598838925514121,23,"(9, 58)"
1127,1128,1128,829.0,1.0,8.739,10.163,30.0,0.8598838925514121,23,"(9, 59)"
1128,1129,1129,836.0,1.0,8.713,11.785,30.0,0.7393296563428086,23,"(9, 58)"
1129,1130,1130,1024.0,1.0,8.308,9.051,30.0,0.91790962324605,23,"(9, 59)"
1130,1131,1131,,,,,,,23,"(9, 60)"
1131,1132,1132,976.0,1.0,8.308,9.313,30.0,0.8920863309352517,23,"(9, 61)"
1132,1133,1133,984.0,1.0,6.961,11.791,30.0,0.5903655330336698,23,"(9, 60)"
1133,1134,1134,90479.0,1.0,6.374,11.793,30.0,0.5404901212583736,23,"(9, 61)"
1134,1135,1135,,,,,,,24,"(10, 61)"
1135,1136,1136,1015.0,1.0,6.652,11.795,30.0,0.563967782958881,24,"(10, 60)"
1136,1137,1137,1010.0,1.0,6.396,11.796,30.0,0.5422177009155646,24,"(10, 61)"
1137,1138,1138,1014.0,1.0,6.396,11.797,30.0,0.5421717385776045,24,"(10, 60)"
1138,1139,1139,1019.0,1.0,6.396,11.798,30.0,0.5421257840311917,24,"(10, 59)"
1139,1140,1140,1023.0,1.0,6.414,11.799,30.0,0.5436053902873125,24,"(10, 58)"
1140,1141,1141,987.0,1.0,6.29,10.872,30.0,0.5785504047093452,24,"(10, 59)"
1141,1142,1142,1009.0,1.0,6.297,11.8,30.0,0.5336440677966101,24,"(10, 58)"
1142,1143,1143,1000.0,1.0,6.165,9.139,30.0,0.6745814640551483,24,"(10, 57)"
1143,1144,1144,978.0,1.0,6.713,10.164,30.0,0.6604683195592287,24,"(10, 56)"
1144,1145,1145,1016.0,1.0,6.713,10.205,30.0,0.6578147966682999,24,"(10, 57)"
1145,1146,1146,1006.0,1.0,6.168,10.493,30.0,0.5878204517297245,24,"(10, 56)"
1146,1147,1147,283193.0,1.0,6.168,10.493,30.0,0.5878204517297245,24,"(10, 55)"
1147,1148,1148,141668.0,1.0,6.168,10.493,30.0,0.5878204517297245,24,"(10, 54)"
1148,1149,1149,1020.0,1.0,6.168,10.497,30.0,0.587596456130323,24,"(10, 55)"
1149,1150,1150,1018.0,1.0,6.168,10.497,30.0,0.587596456130323,24,"(10, 54)"
1150,1151,1151,1012.0,1.0,6.46,11.801,30.0,0.5474112363359037,24,"(10, 53)"
1151,1152,1152,988.0,1.0,6.325,11.802,30.0,0.5359261142179292,24,"(10, 52)"
1152,1153,1153,991.0,1.0,6.325,11.803,30.0,0.5358807082945014,24,"(10, 53)"
1153,1154,1154,812.0,1.0,5.676,11.834,30.0,0.4796349501436539,24,"(10, 52)"
1154,1155,1155,816.0,1.0,5.775,10.165,30.0,0.5681259222823415,24,"(10, 51)"
1155,1156,1156,816.0,1.0,5.775,10.165,30.0,0.5681259222823415,24,"(10, 50)"
1156,1157,1157,1022.0,1.0,25.0,9.929,30.0,2.517876926175848,24,"(10, 51)"
1157,1158,1158,819.0,1.0,4.884,10.168,30.0,0.480330448465775,24,"(10, 50)"
1158,1159,1159,841.0,1.0,4.721,11.835,30.0,0.3989015631601182,24,"(10, 49)"
1159,1160,1160,838.0,1.0,4.721,11.585,30.0,0.4075097108329736,24,"(10, 48)"
1160,1161,1161,823.0,1.0,4.665,11.588,30.0,0.4025716258198136,24,"(10, 49)"
1161,1162,1162,835.0,1.0,3.702,10.18,30.0,0.3636542239685658,24,"(10, 48)"
1162,1163,1163,840.0,1.0,3.702,11.836,30.0,0.3127745860087867,24,"(10, 47)"
1163,1164,1164,826.0,1.0,3.491,11.839,30.0,0.2948728777768392,24,"(10, 46)"
1164,1165,1165,796.0,1.0,3.491,11.84,30.0,0.294847972972973,24,"(10, 47)"
1165,1166,1166,797.0,1.0,3.491,11.841,30.0,0.294823072375644,24,"(10, 46)"
1166,1167,1167,787.0,1.0,3.61,11.843,30.0,0.3048214134932027,24,"(10, 45)"
1167,1168,1168,820.0,1.0,3.61,11.844,30.0,0.3047956771361026,24,"(10, 44)"
1168,1169,1169,837.0,1.0,3.46,11.851,30.0,0.2919584845160746,24,"(10, 45)"
1169,1170,1170,,,,,,,24,"(10, 44)"
1170,1171,1171,,,,,,,24,"(10, 43)"
1171,1172,1172,,,,,,,24,"(10, 42)"
1172,1173,1173,2433.0,1.0,11.455,12.586,54.0,0.9101382488479264,24,"(10, 43)"
1173,1174,1174,2399.0,1.0,11.622,11.862,54.0,0.9797673242286292,24,"(10, 42)"
1174,1175,1175,2400.0,1.0,11.622,11.852,54.0,0.9805939925750928,24,"(10, 41)"
1175,1176,1176,2420.0,1.0,11.622,11.862,54.0,0.9797673242286292,24,"(10, 40)"
1176,1177,1177,68692.0,1.0,11.622,11.853,54.0,0.9805112629713996,24,"(10, 41)"
1177,1178,1178,2438.0,1.0,11.622,12.244,54.0,0.9491996079712512,24,"(10, 40)"
1178,1179,1179,2404.0,1.0,11.622,12.034,54.0,0.965763669602792,24,"(10, 39)"
1179,1180,1180,2432.0,1.0,10.881,12.424,54.0,0.8758048937540245,24,"(10, 38)"
1180,1181,1181,2425.0,1.0,10.717,12.318,54.0,0.8700276018834227,24,"(10, 39)"
1181,1182,1182,2434.0,1.0,10.717,12.155,54.0,0.881694775812423,24,"(10, 38)"
1182,1183,1183,2437.0,1.0,11.365,12.125,54.0,0.937319587628866,24,"(10, 37)"
1183,1184,1184,2445.0,1.0,11.365,12.3,54.0,0.9239837398373985,24,"(10, 36)"
1184,1185,1185,2460.0,1.0,24.0,11.778,54.0,2.0376974019358123,24,"(10, 37)"
1185,1186,1186,2422.0,1.0,24.0,12.237,54.0,1.9612650159352785,24,"(10, 36)"
1186,1187,1187,2409.0,1.0,24.0,11.778,54.0,2.0376974019358123,24,"(10, 35)"
1187,1188,1188,2461.0,1.0,24.0,11.778,54.0,2.0376974019358123,24,"(10, 34)"
1188,1189,1189,2419.0,1.0,11.468,11.861,54.0,0.9668662001517578,24,"(10, 35)"
1189,1190,1190,2453.0,1.0,11.468,11.863,54.0,0.9667031948073844,24,"(10, 34)"
1190,1191,1191,2447.0,1.0,11.468,11.97,54.0,0.958061821219716,24,"(10, 33)"
1191,1192,1192,2407.0,1.0,11.468,11.97,54.0,0.958061821219716,24,"(10, 32)"
1192,1193,1193,2428.0,1.0,10.967,12.256,54.0,0.8948270234986946,24,"(10, 33)"
1193,1194,1194,2430.0,1.0,10.967,12.13,54.0,0.9041220115416324,24,"(10, 32)"
1194,1195,1195,2440.0,1.0,10.967,12.463,54.0,0.8799646954986762,24,"(10, 31)"
1195,1196,1196,2423.0,1.0,10.967,11.882,54.0,0.9229927621612524,24,"(10, 31)"
1196,1197,1197,1089.0,2.0,16.787,10.181,35.0,1.6488557116196838,24,"(10, 27)"
1197,1198,1198,215797.0,2.0,12.855,10.184,35.0,1.2622741555380992,24,"(10, 26)"
1198,1199,1199,1098.0,2.0,12.888,10.226,35.0,1.2603168394289066,24,"(10, 27)"
1199,1200,1200,1088.0,2.0,11.918,11.864,35.0,1.0045515846257584,24,"(10, 26)"
1200,1201,1201,1097.0,2.0,10.728,11.987,35.0,0.8949695503462084,24,"(10, 25)"
1201,1202,1202,1104.0,2.0,10.446,10.186,35.0,1.025525230708816,24,"(10, 24)"
1202,1203,1203,1111.0,2.0,10.075,8.374,35.0,1.20312873178887,24,"(10, 25)"
1203,1204,1204,1111.0,2.0,10.075,8.374,35.0,1.20312873178887,24,"(10, 24)"
1204,1205,1205,1091.0,2.0,9.403,9.236,35.0,1.0180814205283673,24,"(10, 23)"
1205,1206,1206,1106.0,2.0,9.794,11.865,35.0,0.8254530130636326,24,"(10, 22)"
1206,1207,1207,1111.0,2.0,10.075,8.374,35.0,1.20312873178887,24,"(10, 23)"
1207,1208,1208,1111.0,2.0,10.075,8.374,35.0,1.20312873178887,24,"(10, 22)"
1208,1209,1209,1105.0,2.0,9.603,11.867,35.0,0.8092188421673547,24,"(10, 21)"
1209,1210,1210,1118.0,2.0,9.071,9.429,35.0,0.9620320288471736,24,"(10, 20)"
1210,1211,1211,1107.0,2.0,9.107,12.062,35.0,0.7550157519482673,24,"(10, 21)"
1211,1212,1212,1092.0,2.0,9.628,11.868,35.0,0.8112571621166161,24,"(10, 20)"
1212,1213,1213,1119.0,2.0,9.246,8.563,35.0,1.0797617657363074,24,"(10, 19)"
1213,1214,1214,1108.0,2.0,8.429,9.363,35.0,0.9002456477624694,24,"(10, 18)"
1214,1215,1215,122579.0,2.0,8.791,9.572,35.0,0.9184078562473884,24,"(10, 19)"
1215,1216,1216,30371.0,2.0,8.615,10.187,35.0,0.8456856778246786,24,"(10, 18)"
1216,1217,1217,1090.0,2.0,8.39,14.245,35.0,0.588978588978589,24,"(10, 17)"
1217,1218,1218,1086.0,2.0,7.474,10.188,35.0,0.7336081664703572,24,"(10, 16)"
1218,1219,1219,1087.0,2.0,7.45,11.873,35.0,0.6274741009012045,24,"(10, 17)"
1219,1220,1220,1125.0,2.0,7.284,11.875,35.0,0.6133894736842105,24,"(10, 16)"
1220,1221,1221,1120.0,2.0,6.995,8.917,35.0,0.7844566558259505,24,"(10, 15)"
1221,1222,1222,1120.0,2.0,6.995,8.917,35.0,0.7844566558259505,24,"(10, 14)"
1222,1223,1223,82818.0,2.0,7.14,11.876,35.0,0.6012125294712024,24,"(10, 15)"
1223,1224,1224,129317.0,2.0,7.14,11.877,35.0,0.6011619095731244,24,"(10, 14)"
1224,1225,1225,1116.0,2.0,7.14,11.877,35.0,0.6011619095731244,24,"(10, 13)"
1225,1226,1226,1094.0,2.0,7.14,10.619,35.0,0.6723796967699407,24,"(10, 12)"
1226,1227,1227,1109.0,2.0,6.892,11.878,35.0,0.5802323623505641,24,"(10, 13)"
1227,1228,1228,1115.0,2.0,7.069,11.883,35.0,0.5948834469410083,24,"(10, 12)"
1228,1229,1229,1093.0,2.0,7.069,9.459,35.0,0.7473305846283963,24,"(10, 11)"
1229,1230,1230,1096.0,2.0,7.069,11.886,35.0,0.5947332996802962,24,"(10, 10)"
1230,1231,1231,1122.0,2.0,6.798,11.887,35.0,0.5718852527971734,24,"(10, 11)"
1231,1232,1232,1099.0,2.0,7.042,11.888,35.0,0.5923620457604307,24,"(10, 10)"
1232,1233,1233,1102.0,2.0,7.06,11.889,35.0,0.5938262259231222,24,"(10, 9)"
1233,1234,1234,217898.0,2.0,6.961,11.414,35.0,0.6098650779744175,24,"(10, 8)"
1234,1235,1235,1100.0,2.0,4.161,11.89,35.0,0.3499579478553405,24,"(10, 9)"
1235,1236,1236,989.0,2.0,14.635,11.891,30.0,1.230762761752586,24,"(10, 8)"
1236,1237,1237,998.0,2.0,14.0,9.538,30.0,1.4678129586915496,24,"(10, 7)"
1237,1238,1238,814.0,2.0,12.952,11.892,30.0,1.0891355533131517,24,"(10, 6)"
1238,1239,1239,800.0,2.0,12.105,9.099,30.0,1.3303659742828882,24,"(10, 7)"
1239,1240,1240,827.0,2.0,11.287,9.857,30.0,1.1450745662980624,24,"(10, 6)"
1240,1241,1241,798.0,2.0,11.287,10.232,30.0,1.1031078967943708,24,"(10, 5)"
1241,1242,1242,799.0,2.0,11.481,11.893,30.0,0.9653577734801984,24,"(10, 4)"
1242,1243,1243,825.0,2.0,11.269,11.896,30.0,0.9472932078009414,24,"(10, 5)"
1243,1244,1244,825.0,2.0,11.269,11.896,30.0,0.9472932078009414,24,"(10, 4)"
1244,1245,1245,828.0,2.0,11.588,11.9,30.0,0.973781512605042,24,"(10, 3)"
1245,1246,1246,828.0,2.0,11.588,11.9,30.0,0.973781512605042,24,"(10, 2)"
1246,1247,1247,982.0,2.0,10.584,10.193,30.0,1.038359658589228,24,"(10, 3)"
1247,1248,1248,990.0,2.0,9.401,11.901,30.0,0.7899336190236115,24,"(10, 2)"
1248,1249,1249,992.0,2.0,9.11,11.902,30.0,0.7654175768778356,25,"(11, 2)"
1249,1250,1250,997.0,2.0,9.783,11.903,30.0,0.8218936402587582,25,"(11, 3)"
1250,1251,1251,810.0,2.0,8.927,11.912,30.0,0.7494123572867696,25,"(11, 2)"
1251,1252,1252,791.0,2.0,9.068,9.941,30.0,0.9121818730510008,25,"(11, 3)"
1252,1253,1253,806.0,2.0,8.863,10.728,30.0,0.8261558538404176,25,"(11, 4)"
1253,1254,1254,822.0,2.0,8.961,10.194,30.0,0.8790464979399646,25,"(11, 5)"
1254,1255,1255,803.0,2.0,8.791,11.915,30.0,0.7378094838438943,25,"(11, 4)"
1255,1256,1256,1004.0,2.0,6.652,11.919,30.0,0.5581005117879017,25,"(11, 5)"
1256,1257,1257,993.0,2.0,6.297,9.872,30.0,0.6378646677471637,25,"(11, 6)"
1257,1258,1258,986.0,2.0,6.168,10.497,30.0,0.587596456130323,25,"(11, 7)"
1258,1259,1259,100899.0,2.0,5.349,11.92,30.0,0.448741610738255,25,"(11, 6)"
1259,1260,1260,786.0,2.0,4.554,10.561,30.0,0.4312091657986933,25,"(11, 7)"
1260,1261,1261,249292.0,1.0,10.967,11.7,54.0,0.9373504273504276,25,"(11, 8)"
1261,1262,1262,2464.0,1.0,10.967,12.166,54.0,0.9014466546112117,25,"(11, 9)"
1262,1263,1263,2429.0,1.0,10.967,11.923,54.0,0.9198188375408874,25,"(11, 8)"
1263,1264,1264,2405.0,1.0,10.859,11.928,54.0,0.9103789403085176,25,"(11, 9)"
1264,1265,1265,2454.0,1.0,11.273,11.929,54.0,0.9450079637857322,25,"(11, 11)"
1265,1266,1266,2402.0,1.0,11.273,11.932,54.0,0.9447703654039556,25,"(11, 10)"
1266,1267,1267,2448.0,1.0,11.273,11.933,54.0,0.9446911924914104,25,"(11, 11)"
1267,1268,1268,2456.0,1.0,11.273,11.334,54.0,0.9946179636491972,25,"(11, 12)"
1268,1269,1269,2426.0,1.0,11.273,11.935,54.0,0.9445328864683704,25,"(11, 13)"
1269,1270,1270,2398.0,1.0,11.399,11.936,54.0,0.9550100536193028,25,"(11, 12)"
1270,1271,1271,2439.0,1.0,11.399,11.937,54.0,0.954930049426154,25,"(11, 13)"
1271,1272,1272,2443.0,1.0,11.399,11.939,54.0,0.9547700812463354,25,"(11, 14)"
1272,1273,1273,2415.0,1.0,11.399,11.523,54.0,0.989238913477393,25,"(11, 15)"
1273,1274,1274,2408.0,1.0,10.947,12.26,54.0,0.8929037520391516,25,"(11, 14)"
1274,1275,1275,2452.0,1.0,10.947,11.94,54.0,0.9168341708542712,25,"(11, 15)"
1275,1276,1276,2463.0,1.0,10.947,12.111,54.0,0.9038890265048302,25,"(11, 16)"
1276,1277,1277,2417.0,1.0,10.935,12.112,54.0,0.902823645970938,25,"(11, 17)"
1277,1278,1278,2435.0,1.0,10.935,12.112,54.0,0.902823645970938,25,"(11, 16)"
1278,1279,1279,2406.0,1.0,11.216,11.941,54.0,0.9392848170170002,25,"(11, 17)"
1279,1280,1280,111185.0,1.0,5.349,12.502,54.0,0.4278515437529995,25,"(11, 18)"
1280,1281,1281,45718.0,1.0,5.832,11.943,54.0,0.4883195177091183,25,"(11, 19)"
1281,1282,1282,2458.0,1.0,5.832,11.947,54.0,0.4881560224324098,25,"(11, 18)"
1282,1283,1283,2421.0,1.0,5.676,11.948,54.0,0.4750585872112487,25,"(11, 19)"
1283,1284,1284,2462.0,1.0,5.611,11.777,54.0,0.4764371232062495,25,"(11, 20)"
1284,1285,1285,2412.0,1.0,5.36,11.949,54.0,0.4485731023516612,25,"(11, 21)"
1285,1286,1286,2455.0,1.0,5.36,11.733,54.0,0.4568311599761357,25,"(11, 20)"
1286,1287,1287,2451.0,1.0,5.36,11.95,54.0,0.4485355648535565,25,"(11, 21)"
1287,1288,1288,2397.0,1.0,5.648,11.552,54.0,0.4889196675900277,25,"(11, 22)"
1288,1289,1289,2444.0,1.0,5.648,11.866,54.0,0.4759817967301533,25,"(11, 23)"
1289,1290,1290,2446.0,1.0,5.648,11.954,54.0,0.4724778316881378,25,"(11, 22)"
1290,1291,1291,2395.0,1.0,5.648,11.958,54.0,0.4723197859173774,25,"(11, 23)"
1291,1292,1292,2416.0,1.0,5.648,12.142,54.0,0.4651622467468291,25,"(11, 24)"
1292,1293,1293,2431.0,1.0,5.533,11.959,54.0,0.4626641023496948,25,"(11, 25)"
1293,1294,1294,2396.0,1.0,5.533,11.961,54.0,0.4625867402391104,25,"(11, 24)"
1294,1295,1295,2450.0,1.0,5.533,12.053,54.0,0.4590558367211482,25,"(11, 25)"
1295,1296,1296,2436.0,1.0,4.199,12.358,54.0,0.3397798996601391,25,"(11, 26)"
1296,1297,1297,2401.0,1.0,4.18,11.964,54.0,0.3493814777666332,25,"(11, 27)"
1297,1298,1298,2442.0,1.0,4.34,11.966,54.0,0.3626943005181347,25,"(11, 26)"
1298,1299,1299,2424.0,1.0,4.009,11.967,54.0,0.335004595972257,25,"(11, 27)"
1299,1300,1300,,,,,,,25,"(11, 31)"
1300,1301,1301,2403.0,1.0,4.009,11.98,54.0,0.3346410684474123,25,"(11, 31)"
1301,1302,1302,2457.0,1.0,3.95,11.982,54.0,0.3296611584042731,25,"(11, 33)"
1302,1303,1303,2441.0,1.0,2.799,12.268,54.0,0.2281545484186501,25,"(11, 32)"
1303,1304,1304,2414.0,1.0,2.698,11.988,54.0,0.2250583917250584,25,"(11, 33)"
1304,1305,1305,2410.0,1.0,2.666,11.99,54.0,0.2223519599666388,25,"(11, 34)"
1305,1306,1306,2413.0,1.0,2.791,11.053,54.0,0.2525106305980276,25,"(11, 35)"
1306,1307,1307,169866.0,1.0,2.791,11.522,54.0,0.2422322513452525,25,"(11, 34)"
1307,1308,1308,2459.0,1.0,2.791,11.991,54.0,0.232757901759653,25,"(11, 35)"
1308,1309,1309,,,,,,,25,"(11, 36)"
1309,1310,1310,,,,,,,25,"(11, 37)"
1310,1311,1311,,,,,,,25,"(11, 36)"
1311,1312,1312,2649.0,1.0,10.547,12.66,59.0,0.8330963665086888,25,"(11, 37)"
1312,1313,1313,2654.0,1.0,9.895,12.743,59.0,0.7765047477046221,25,"(11, 38)"
1313,1314,1314,2655.0,1.0,9.93,12.199,59.0,0.814001147635052,25,"(11, 39)"
1314,1315,1315,2656.0,1.0,9.93,12.614,59.0,0.7872205485967971,25,"(11, 38)"
1315,1316,1316,2653.0,1.0,10.369,15.712,59.0,0.6599414460285132,25,"(11, 39)"
1316,1317,1317,2650.0,1.0,5.32,9.652,59.0,0.5511811023622047,25,"(11, 40)"
1317,1318,1318,2657.0,1.0,5.136,11.992,59.0,0.4282855236824549,25,"(11, 41)"
1318,1319,1319,2652.0,1.0,5.061,12.187,59.0,0.4152785755313039,25,"(11, 40)"
1319,1320,1320,,,,,,,25,"(11, 41)"
1320,1321,1321,37.0,1.0,22.366,2.717,14.0,8.231873389768126,25,"(11, 42)"
1321,1322,1322,2116.0,1.0,16.085,10.219,14.0,1.5740287699383504,25,"(11, 43)"
1322,1323,1323,52.0,1.0,21.251,4.5,14.0,4.722444444444445,25,"(11, 42)"
1323,1324,1324,52.0,1.0,21.251,4.5,14.0,4.722444444444445,25,"(11, 43)"
1324,1325,1325,1870.0,1.0,15.972,10.222,14.0,1.5625122285267072,25,"(11, 44)"
1325,1326,1326,1661.0,1.0,15.622,10.223,14.0,1.5281228602171573,25,"(11, 45)"
1326,1327,1327,1740.0,1.0,15.006,9.591,14.0,1.564591804817016,25,"(11, 44)"
1327,1328,1328,1881.0,1.0,15.006,9.74,14.0,1.5406570841889118,25,"(11, 45)"
1328,1329,1329,1869.0,1.0,15.046,9.329,14.0,1.6128202379676275,25,"(11, 46)"
1329,1330,1330,1515.0,1.0,15.046,9.76,14.0,1.5415983606557375,25,"(11, 47)"
1330,1331,1331,1873.0,1.0,15.046,9.329,14.0,1.6128202379676275,25,"(11, 46)"
1331,1332,1332,2286.0,1.0,15.046,9.807,14.0,1.5342102579789945,25,"(11, 47)"
1332,1333,1333,1856.0,1.0,14.332,10.224,14.0,1.4017996870109546,25,"(11, 48)"
1333,1334,1334,1808.0,1.0,14.508,11.993,14.0,1.2097056616359545,25,"(11, 49)"
1334,1335,1335,2067.0,1.0,13.144,11.994,14.0,1.0958812739703183,25,"(11, 48)"
1335,1336,1336,2076.0,1.0,11.981,9.135,14.0,1.3115489874110564,25,"(11, 49)"
1336,1337,1337,2050.0,1.0,9.411,8.733,14.0,1.0776365510133974,25,"(11, 50)"
1337,1338,1338,2060.0,1.0,9.126,11.995,14.0,0.760817007086286,25,"(11, 51)"
1338,1339,1339,1532.0,1.0,8.503,11.996,14.0,0.7088196065355118,25,"(11, 50)"
1339,1340,1340,1522.0,1.0,8.236,10.992,14.0,0.7492721979621543,25,"(11, 51)"
1340,1341,1341,1857.0,1.0,8.236,12.005,14.0,0.6860474802165765,25,"(11, 52)"
1341,1342,1342,1526.0,1.0,8.713,10.555,14.0,0.825485551871151,25,"(11, 53)"
1342,1343,1343,1864.0,1.0,8.713,10.555,14.0,0.825485551871151,25,"(11, 52)"
1343,1344,1344,1528.0,1.0,8.713,10.527,14.0,0.8276812007219531,25,"(11, 53)"
1344,1345,1345,1505.0,1.0,8.135,12.009,14.0,0.6774086102090099,25,"(11, 54)"
1345,1346,1346,1510.0,1.0,8.135,12.01,14.0,0.6773522064945878,25,"(11, 54)"
1346,1347,1347,1531.0,1.0,8.32,10.886,14.0,0.7642844019842,25,"(11, 55)"
1347,1348,1348,1507.0,1.0,8.32,10.886,14.0,0.7642844019842,25,"(11, 56)"
1348,1349,1349,1521.0,1.0,8.32,12.011,14.0,0.6926983598368163,25,"(11, 57)"
1349,1350,1350,1524.0,1.0,8.076,10.308,14.0,0.7834691501746217,25,"(11, 56)"
1350,1351,1351,1862.0,1.0,8.076,10.476,14.0,0.7709049255441008,25,"(11, 57)"
1351,1352,1352,1530.0,1.0,8.076,10.308,14.0,0.7834691501746217,25,"(11, 58)"
1352,1353,1353,1815.0,1.0,7.284,12.012,14.0,0.6063936063936064,25,"(11, 59)"
1353,1354,1354,1729.0,1.0,7.14,12.013,14.0,0.5943561142096062,25,"(11, 58)"
1354,1355,1355,1735.0,1.0,6.297,12.014,14.0,0.5241385050774097,25,"(11, 59)"
1355,1356,1356,1853.0,1.0,6.165,8.875,14.0,0.6946478873239437,25,"(11, 60)"
1356,1357,1357,1813.0,1.0,6.713,12.015,14.0,0.5587182688306284,25,"(11, 61)"
1357,1358,1358,,,,,,,25,"(11, 60)"
1358,1359,1359,1784.0,1.0,6.632,12.016,14.0,0.5519307589880159,25,"(11, 61)"
1359,1360,1360,1803.0,1.0,6.167,8.549,14.0,0.7213709205755059,26,"(12, 61)"
1360,1361,1361,1861.0,1.0,6.167,12.017,14.0,0.5131896479986685,26,"(12, 60)"
1361,1362,1362,1891.0,1.0,6.167,9.581,14.0,0.6436697630727481,26,"(12, 61)"
1362,1363,1363,1887.0,1.0,6.168,9.93,14.0,0.6211480362537765,26,"(12, 60)"
1363,1364,1364,197949.0,1.0,6.46,11.344,14.0,0.5694640338504937,26,"(12, 59)"
1364,1365,1365,1877.0,1.0,6.46,10.227,14.0,0.6316612887454777,26,"(12, 58)"
1365,1366,1366,1746.0,1.0,6.46,11.344,14.0,0.5694640338504937,26,"(12, 59)"
1366,1367,1367,1835.0,1.0,6.46,9.228,14.0,0.7000433463372345,26,"(12, 58)"
1367,1368,1368,1846.0,1.0,6.46,11.09,14.0,0.5825067628494139,26,"(12, 57)"
1368,1369,1369,1793.0,1.0,6.194,12.019,14.0,0.5153506947333388,26,"(12, 56)"
1369,1370,1370,2026.0,1.0,6.325,10.229,14.0,0.6183400136865774,26,"(12, 57)"
1370,1371,1371,1843.0,1.0,6.325,12.022,14.0,0.5261187822325736,26,"(12, 56)"
1371,1372,1372,1885.0,1.0,6.325,9.922,14.0,0.6374722838137472,26,"(12, 55)"
1372,1373,1373,1871.0,1.0,6.325,9.715,14.0,0.6510550694801853,26,"(12, 54)"
1373,1374,1374,721.0,1.0,6.325,9.471,14.0,0.6678281068524972,26,"(12, 55)"
1374,1375,1375,1824.0,1.0,6.579,12.027,14.0,0.5470192067847344,26,"(12, 54)"
1375,1376,1376,1736.0,1.0,6.579,11.213,14.0,0.5867296887541247,26,"(12, 53)"
1376,1377,1377,1848.0,1.0,6.092,9.81,14.0,0.6209989806320081,26,"(12, 52)"
1377,1378,1378,1872.0,1.0,6.092,9.195,14.0,0.6625339858618814,26,"(12, 53)"
1378,1379,1379,1884.0,1.0,6.337,9.403,14.0,0.6739338508986493,26,"(12, 52)"
1379,1380,1380,1880.0,1.0,6.485,8.998,14.0,0.7207157146032452,26,"(12, 51)"
1380,1381,1381,1500.0,1.0,6.485,12.029,14.0,0.5391138082966166,26,"(12, 50)"
1381,1382,1382,1501.0,1.0,6.524,12.035,14.0,0.542085583714167,26,"(12, 51)"
1382,1383,1383,1725.0,1.0,6.524,12.037,14.0,0.5419955138323502,26,"(12, 50)"
1383,1384,1384,1745.0,1.0,26.0,12.038,14.0,2.159827213822894,26,"(12, 49)"
1384,1385,1385,1855.0,1.0,5.284,9.113,14.0,0.5798310106441348,26,"(12, 48)"
1385,1386,1386,2025.0,1.0,4.721,10.23,14.0,0.461485826001955,26,"(12, 49)"
1386,1387,1387,1754.0,1.0,4.721,12.039,14.0,0.3921422045020351,26,"(12, 48)"
1387,1388,1388,1801.0,1.0,4.721,12.041,14.0,0.3920770700107964,26,"(12, 47)"
1388,1389,1389,1723.0,1.0,4.699,10.736,14.0,0.4376862891207153,26,"(12, 46)"
1389,1390,1390,1726.0,1.0,4.305,10.342,14.0,0.416263778766196,26,"(12, 47)"
1390,1391,1391,1756.0,1.0,4.305,12.043,14.0,0.3574690691688117,26,"(12, 46)"
1391,1392,1392,1764.0,1.0,4.305,12.043,14.0,0.3574690691688117,26,"(12, 45)"
1392,1393,1393,1832.0,1.0,4.305,10.636,14.0,0.4047574276043625,26,"(12, 44)"
1393,1394,1394,1799.0,1.0,4.442,12.046,14.0,0.3687531130665781,26,"(12, 45)"
1394,1395,1395,1839.0,1.0,4.38,12.047,14.0,0.3635759940234083,26,"(12, 44)"
1395,1396,1396,1525.0,1.0,4.272,12.048,14.0,0.3545816733067729,26,"(12, 43)"
1396,1397,1397,1527.0,1.0,4.272,12.049,14.0,0.354552244999585,26,"(12, 42)"
1397,1398,1398,1811.0,1.0,3.145,9.523,14.0,0.3302530715110784,26,"(12, 43)"
1398,1399,1399,1406.0,1.0,3.161,12.051,14.0,0.2623018836611069,26,"(12, 42)"
1399,1400,1400,2498.0,1.0,3.138,12.052,14.0,0.2603717225356787,26,"(12, 41)"
1400,1401,1401,,,,,,,26,"(12, 40)"
1401,1402,1402,,,,,,,26,"(12, 41)"
1402,1403,1403,,,,,,,26,"(12, 40)"
1403,1404,1404,1363.0,1.0,13.34,12.056,38.0,1.10650298606503,26,"(12, 39)"
1404,1405,1405,1366.0,1.0,13.09,12.057,38.0,1.085676370573111,26,"(12, 38)"
1405,1406,1406,1400.0,1.0,11.248,9.314,38.0,1.2076444062701308,26,"(12, 39)"
1406,1407,1407,1356.0,1.0,9.518,12.061,38.0,0.789155128098831,26,"(12, 38)"
1407,1408,1408,103084.0,1.0,9.403,9.906,38.0,0.9492226933171816,26,"(12, 37)"
1408,1409,1409,1351.0,1.0,9.572,9.876,38.0,0.9692183070068854,26,"(12, 36)"
1409,1410,1410,1354.0,1.0,10.111,12.063,38.0,0.8381828732487773,26,"(12, 37)"
1410,1411,1411,1353.0,1.0,10.111,12.065,38.0,0.8380439287194364,26,"(12, 36)"
1411,1412,1412,1349.0,1.0,9.603,12.252,38.0,0.783790401567091,26,"(12, 35)"
1412,1413,1413,1348.0,1.0,9.603,12.066,38.0,0.7958727001491794,26,"(12, 34)"
1413,1414,1414,1358.0,1.0,9.04,13.274,38.0,0.6810305861081813,26,"(12, 35)"
1414,1415,1415,1347.0,1.0,9.672,12.067,38.0,0.8015248197563604,26,"(12, 34)"
1415,1416,1416,1350.0,1.0,9.672,12.068,38.0,0.8014584023864767,26,"(12, 33)"
1416,1417,1417,1360.0,1.0,9.672,12.069,38.0,0.8013919960228685,26,"(12, 32)"
1417,1418,1418,1361.0,1.0,9.672,12.07,38.0,0.8013256006628003,26,"(12, 33)"
1418,1419,1419,1355.0,1.0,9.071,12.284,38.0,0.738440247476392,26,"(12, 32)"
1419,1420,1420,1357.0,1.0,9.071,12.071,38.0,0.7514704664070914,26,"(12, 31)"
1420,1421,1421,1352.0,1.0,9.294,12.135,38.0,0.7658838071693449,26,"(12, 31)"
1421,1422,1422,2532.0,2.0,11.627,12.023,54.0,0.9670631290027448,26,"(12, 27)"
1422,1423,1423,2530.0,2.0,10.859,11.831,54.0,0.9178429549488633,26,"(12, 26)"
1423,1424,1424,2523.0,2.0,11.622,12.072,54.0,0.96272365805169,26,"(12, 27)"
1424,1425,1425,2523.0,2.0,11.622,12.072,54.0,0.96272365805169,26,"(12, 26)"
1425,1426,1426,2531.0,2.0,10.859,12.235,54.0,0.8875357580711075,26,"(12, 25)"
1426,1427,1427,2529.0,2.0,5.594,12.616,54.0,0.4434051997463539,26,"(12, 24)"
1427,1428,1428,2528.0,2.0,5.349,12.114,54.0,0.4415552253590886,26,"(12, 25)"
1428,1429,1429,2517.0,2.0,5.648,12.073,54.0,0.4678207570612109,26,"(12, 24)"
1429,1430,1430,2524.0,2.0,5.648,12.073,54.0,0.4678207570612109,26,"(12, 23)"
1430,1431,1431,2527.0,2.0,5.533,12.074,54.0,0.4582574126221633,26,"(12, 22)"
1431,1432,1432,3023.0,2.0,12.142,12.399,59.0,0.9792725219775787,26,"(12, 23)"
1432,1433,1433,3022.0,2.0,10.369,13.463,59.0,0.7701849513481394,26,"(12, 22)"
1433,1434,1434,3024.0,2.0,10.075,12.078,59.0,0.8341612849809571,26,"(12, 21)"
1434,1435,1435,3024.0,2.0,10.075,12.078,59.0,0.8341612849809571,26,"(12, 20)"
1435,1436,1436,3020.0,2.0,10.369,13.299,59.0,0.7796826829084894,26,"(12, 21)"
1436,1437,1437,3021.0,2.0,10.369,14.012,59.0,0.7400085640879246,26,"(12, 20)"
1437,1438,1438,3019.0,2.0,5.546,12.312,59.0,0.450454840805718,26,"(12, 19)"
1438,1439,1439,3017.0,2.0,5.179,12.079,59.0,0.4287606589949499,26,"(12, 18)"
1439,1440,1440,3018.0,2.0,4.902,12.08,59.0,0.405794701986755,26,"(12, 19)"
1440,1441,1441,2648.0,2.0,4.902,12.081,59.0,0.4057611124906878,26,"(12, 18)"
1441,1442,1442,2029.0,2.0,14.332,12.087,14.0,1.1857367419541658,26,"(12, 17)"
1442,1443,1443,164581.0,2.0,12.963,12.089,14.0,1.0722971296219703,26,"(12, 16)"
1443,1444,1444,2074.0,2.0,13.924,9.5,14.0,1.4656842105263157,26,"(12, 17)"
1444,1445,1445,1798.0,2.0,13.59,9.299,14.0,1.4614474674696205,26,"(12, 16)"
1445,1446,1446,1795.0,2.0,13.59,9.879,14.0,1.375645308229578,26,"(12, 15)"
1446,1447,1447,2090.0,2.0,12.791,10.233,14.0,1.2499755692367829,26,"(12, 14)"
1447,1448,1448,1820.0,2.0,13.212,9.315,14.0,1.4183574879227054,26,"(12, 15)"
1448,1449,1449,1820.0,2.0,13.212,9.315,14.0,1.4183574879227054,26,"(12, 14)"
1449,1450,1450,1849.0,2.0,12.417,9.032,14.0,1.37477856510186,26,"(12, 13)"
1450,1451,1451,1849.0,2.0,12.417,9.032,14.0,1.37477856510186,26,"(12, 12)"
1451,1452,1452,1858.0,2.0,13.284,12.091,14.0,1.098668431064428,26,"(12, 13)"
1452,1453,1453,2118.0,2.0,13.061,12.092,14.0,1.0801356268607345,26,"(12, 12)"
1453,1454,1454,1889.0,2.0,12.784,12.093,14.0,1.057140494500951,26,"(12, 11)"
1454,1455,1455,1854.0,2.0,13.34,12.115,14.0,1.1011143210895584,26,"(12, 10)"
1455,1456,1456,2098.0,2.0,13.09,12.116,14.0,1.0803895675140311,26,"(12, 11)"
1456,1457,1457,2098.0,2.0,13.09,12.116,14.0,1.0803895675140311,26,"(12, 10)"
1457,1458,1458,137984.0,2.0,12.003,9.907,14.0,1.2115675784798627,26,"(12, 9)"
1458,1459,1459,137984.0,2.0,12.003,9.907,14.0,1.2115675784798627,26,"(12, 8)"
1459,1460,1460,1439.0,2.0,12.726,9.339,14.0,1.36267266302602,26,"(12, 9)"
1460,1461,1461,2473.0,2.0,12.726,8.959,14.0,1.420471034713696,26,"(12, 8)"
1461,1462,1462,1851.0,2.0,13.11,8.76,14.0,1.4965753424657533,26,"(12, 7)"
1462,1463,1463,2085.0,2.0,10.418,12.12,14.0,0.8595709570957095,26,"(12, 6)"
1463,1464,1464,2083.0,2.0,11.769,10.257,14.0,1.1474115238373794,26,"(12, 7)"
1464,1465,1465,2083.0,2.0,11.769,10.257,14.0,1.1474115238373794,26,"(12, 6)"
1465,1466,1466,2093.0,2.0,9.518,8.394,14.0,1.133905170359781,26,"(12, 5)"
1466,1467,1467,2093.0,2.0,9.518,8.394,14.0,1.133905170359781,26,"(12, 4)"
1467,1468,1468,2003.0,2.0,9.04,9.205,14.0,0.982074959261271,26,"(12, 5)"
1468,1469,1469,1999.0,2.0,8.936,12.121,14.0,0.7372329015757776,26,"(12, 4)"
1469,1470,1470,2015.0,2.0,8.936,10.788,14.0,0.8283277715980719,26,"(12, 3)"
1470,1471,1471,1833.0,2.0,8.991,12.126,14.0,0.7414646214745175,26,"(12, 2)"
1471,1472,1472,1503.0,2.0,8.863,12.127,14.0,0.7308485198317802,26,"(12, 3)"
1472,1473,1473,1504.0,2.0,7.985,10.732,14.0,0.7440365262765561,26,"(12, 2)"
1473,1474,1474,1499.0,2.0,8.076,12.131,14.0,0.665732421069986,27,"(13, 2)"
1474,1475,1475,1509.0,2.0,8.099,12.136,14.0,0.6673533289386948,27,"(13, 3)"
1475,1476,1476,1730.0,2.0,6.652,11.757,14.0,0.5657905928383091,27,"(13, 2)"
1476,1477,1477,2049.0,2.0,6.414,8.425,14.0,0.7613056379821957,27,"(13, 3)"
1477,1478,1478,36338.0,2.0,6.444,9.425,14.0,0.6837135278514588,27,"(13, 4)"
1478,1479,1479,1838.0,2.0,6.444,12.139,14.0,0.5308509761924376,27,"(13, 5)"
1479,1480,1480,1837.0,2.0,6.444,12.139,14.0,0.5308509761924376,27,"(13, 4)"
1480,1481,1481,1719.0,2.0,6.672,12.14,14.0,0.5495881383855025,27,"(13, 5)"
1481,1482,1482,252967.0,2.0,6.165,8.877,14.0,0.6944913822237242,27,"(13, 6)"
1482,1483,1483,1755.0,2.0,6.165,9.539,14.0,0.6462941608135024,27,"(13, 7)"
1483,1484,1484,1844.0,2.0,6.165,9.748,14.0,0.6324374230611408,27,"(13, 6)"
1484,1485,1485,1738.0,2.0,6.713,9.316,14.0,0.7205882352941176,27,"(13, 7)"
1485,1486,1486,1882.0,2.0,6.713,10.253,14.0,0.6547351994538184,27,"(13, 8)"
1486,1487,1487,1722.0,2.0,6.713,12.141,14.0,0.5529198583312742,27,"(13, 9)"
1487,1488,1488,1741.0,2.0,6.427,10.82,14.0,0.593992606284658,27,"(13, 8)"
1488,1489,1489,1878.0,2.0,6.632,12.143,14.0,0.5461582804908177,27,"(13, 9)"
1489,1490,1490,59771.0,2.0,6.167,9.52,14.0,0.6477941176470589,27,"(13, 10)"
1490,1491,1491,59771.0,2.0,6.167,9.52,14.0,0.6477941176470589,27,"(13, 11)"
1491,1492,1492,111156.0,2.0,6.167,9.882,14.0,0.6240639546650476,27,"(13, 10)"
1492,1493,1493,1845.0,2.0,6.167,9.885,14.0,0.6238745574102175,27,"(13, 11)"
1493,1494,1494,1720.0,2.0,6.167,12.144,14.0,0.5078227931488801,27,"(13, 12)"
1494,1495,1495,186183.0,2.0,6.168,9.719,14.0,0.6346331927152999,27,"(13, 13)"
1495,1496,1496,35571.0,2.0,6.168,9.515,14.0,0.6482396216500262,27,"(13, 12)"
1496,1497,1497,35571.0,2.0,6.168,9.515,14.0,0.6482396216500262,27,"(13, 13)"
1497,1498,1498,1829.0,2.0,6.168,10.244,14.0,0.60210855134713,27,"(13, 14)"
1498,1499,1499,1876.0,2.0,6.168,10.259,14.0,0.6012281898820547,27,"(13, 15)"
1499,1500,1500,1866.0,2.0,6.46,8.953,14.0,0.7215458505528873,27,"(13, 14)"
1500,1501,1501,1830.0,2.0,6.46,9.157,14.0,0.7054712242000655,27,"(13, 15)"
1501,1502,1502,1860.0,2.0,6.194,10.314,14.0,0.6005429513282916,27,"(13, 16)"
1502,1503,1503,55018.0,2.0,6.194,12.146,14.0,0.509962127449366,27,"(13, 17)"
1503,1504,1504,1874.0,2.0,6.325,9.529,14.0,0.6637632490292791,27,"(13, 16)"
1504,1505,1505,1737.0,2.0,6.325,12.147,14.0,0.5207047007491562,27,"(13, 17)"
1505,1506,1506,1426.0,2.0,6.579,12.027,14.0,0.5470192067847344,27,"(13, 18)"
1506,1507,1507,1744.0,2.0,6.579,11.213,14.0,0.5867296887541247,27,"(13, 19)"
1507,1508,1508,1868.0,2.0,6.579,9.158,14.0,0.7183882943874208,27,"(13, 18)"
1508,1509,1509,735.0,2.0,6.579,13.0,14.0,0.5060769230769231,27,"(13, 19)"
1509,1510,1510,1724.0,2.0,6.092,11.193,14.0,0.5442687393906906,27,"(13, 20)"
1510,1511,1511,1721.0,2.0,6.092,11.193,14.0,0.5442687393906906,27,"(13, 21)"
1511,1512,1512,1993.0,2.0,6.092,12.149,14.0,0.5014404477734793,27,"(13, 20)"
1512,1513,1513,1859.0,2.0,6.092,8.942,14.0,0.6812793558488034,27,"(13, 21)"
1513,1514,1514,1901.0,2.0,6.337,9.079,14.0,0.6979843595109593,27,"(13, 22)"
1514,1515,1515,1865.0,2.0,6.337,9.043,14.0,0.7007630211213093,27,"(13, 23)"
1515,1516,1516,1890.0,2.0,6.337,9.083,14.0,0.6976769789717053,27,"(13, 22)"
1516,1517,1517,1842.0,2.0,6.524,12.15,14.0,0.536954732510288,27,"(13, 23)"
1517,1518,1518,2005.0,2.0,6.524,12.151,14.0,0.536910542342194,27,"(13, 24)"
1518,1519,1519,1743.0,2.0,26.0,10.717,14.0,2.4260520668097416,27,"(13, 25)"
1519,1520,1520,1739.0,2.0,26.0,10.767,14.0,2.414785919940559,27,"(13, 24)"
1520,1521,1521,1847.0,2.0,6.269,11.304,14.0,0.5545824486907289,27,"(13, 25)"
1521,1522,1522,1810.0,2.0,6.269,12.152,14.0,0.5158821593153391,27,"(13, 26)"
1522,1523,1523,1867.0,2.0,5.135,8.455,14.0,0.6073329390892962,27,"(13, 27)"
1523,1524,1524,1902.0,2.0,5.239,8.913,14.0,0.5877931111859082,27,"(13, 26)"
1524,1525,1525,1852.0,2.0,4.902,9.543,14.0,0.5136749449858535,27,"(13, 27)"
1525,1526,1526,1382.0,1.0,8.318,6.786,38.0,1.2257589154140878,27,"(13, 31)"
1526,1527,1527,1381.0,1.0,7.798,8.174,38.0,0.9540004893564964,27,"(13, 31)"
1527,1528,1528,1371.0,1.0,7.444,12.153,38.0,0.6125236567102773,27,"(13, 32)"
1528,1529,1529,287936.0,1.0,7.004,9.134,38.0,0.766805342675717,27,"(13, 33)"
1529,1530,1530,1390.0,1.0,6.87,12.157,38.0,0.5651065229908695,27,"(13, 32)"
1530,1531,1531,1389.0,1.0,7.14,12.158,38.0,0.5872676427043921,27,"(13, 33)"
1531,1532,1532,1378.0,1.0,7.167,12.167,38.0,0.5890523547300074,27,"(13, 34)"
1532,1533,1533,1375.0,1.0,7.194,8.861,38.0,0.8118722491818079,27,"(13, 35)"
1533,1534,1534,1386.0,1.0,22.0,8.843,38.0,2.4878434920275923,27,"(13, 34)"
1534,1535,1535,1393.0,1.0,6.987,9.355,38.0,0.7468733297701764,27,"(13, 35)"
1535,1536,1536,1380.0,1.0,6.612,8.826,38.0,0.7491502379333786,27,"(13, 36)"
1536,1537,1537,71863.0,1.0,6.892,9.149,38.0,0.7533063722811237,27,"(13, 37)"
1537,1538,1538,58407.0,1.0,6.859,9.916,38.0,0.6917103670835014,27,"(13, 36)"
1538,1539,1539,1377.0,1.0,7.094,9.823,38.0,0.7221826325969664,27,"(13, 37)"
1539,1540,1540,1370.0,1.0,6.798,10.263,38.0,0.662379421221865,27,"(13, 38)"
1540,1541,1541,1372.0,1.0,6.604,12.168,38.0,0.5427350427350428,27,"(13, 39)"
1541,1542,1542,1392.0,1.0,6.414,12.169,38.0,0.5270769989317117,27,"(13, 38)"
1542,1543,1543,1373.0,1.0,6.29,12.175,38.0,0.5166324435318275,27,"(13, 39)"
1543,1544,1544,1379.0,1.0,6.29,10.264,38.0,0.6128215120810601,27,"(13, 40)"
1544,1545,1545,1359.0,1.0,6.672,9.919,38.0,0.6726484524649662,27,"(13, 41)"
1545,1546,1546,1369.0,1.0,6.672,12.176,38.0,0.5479632063074901,27,"(13, 40)"
1546,1547,1547,1391.0,1.0,6.672,9.951,38.0,0.6704853783539342,27,"(13, 41)"
1547,1548,1548,1367.0,1.0,6.427,9.621,38.0,0.6680178775595051,27,"(13, 42)"
1548,1549,1549,,,,,,,27,"(13, 43)"
1549,1550,1550,,,,,,,27,"(13, 42)"
1550,1551,1551,,,,,,,27,"(13, 43)"
1551,1552,1552,5792.0,1.0,12.938,13.028,106.0,0.9930918022720296,27,"(13, 44)"
1552,1553,1553,5830.0,1.0,13.403,14.156,106.0,0.9468070076292738,27,"(13, 45)"
1553,1554,1554,5814.0,1.0,13.036,13.824,106.0,0.9429976851851852,27,"(13, 44)"
1554,1555,1555,5871.0,1.0,12.597,14.615,106.0,0.8619226821758467,27,"(13, 45)"
1555,1556,1556,5797.0,1.0,13.061,14.756,106.0,0.8851314719436162,27,"(13, 46)"
1556,1557,1557,5824.0,1.0,10.995,13.943,106.0,0.7885677400846303,27,"(13, 47)"
1557,1558,1558,5820.0,1.0,11.155,13.699,106.0,0.8142930140886195,27,"(13, 46)"
1558,1559,1559,5802.0,1.0,9.146,13.258,106.0,0.6898476391612612,27,"(13, 47)"
1559,1560,1560,5819.0,1.0,8.928,14.027,106.0,0.6364867755043845,27,"(13, 48)"
1560,1561,1561,5892.0,1.0,9.059,13.945,106.0,0.6496235209752599,27,"(13, 49)"
1561,1562,1562,5794.0,1.0,8.927,13.732,106.0,0.6500873871249636,27,"(13, 48)"
1562,1563,1563,5800.0,1.0,8.503,13.93,106.0,0.6104091888011486,27,"(13, 49)"
1563,1564,1564,5822.0,1.0,8.503,14.128,106.0,0.6018544733861835,27,"(13, 50)"
1564,1565,1565,5883.0,1.0,8.503,13.637,106.0,0.623524235535675,27,"(13, 51)"
1565,1566,1566,5838.0,1.0,8.503,13.626,106.0,0.6240275943050052,27,"(13, 50)"
1566,1567,1567,5823.0,1.0,8.863,14.038,106.0,0.6313577432682718,27,"(13, 51)"
1567,1568,1568,5896.0,1.0,8.914,14.077,106.0,0.6332315123961071,27,"(13, 52)"
1568,1569,1569,5890.0,1.0,8.403,12.718,106.0,0.660717093882686,27,"(13, 53)"
1569,1570,1570,5816.0,1.0,8.615,13.325,106.0,0.6465290806754221,27,"(13, 52)"
1570,1571,1571,5809.0,1.0,8.739,12.837,106.0,0.6807665342369713,27,"(13, 53)"
1571,1572,1572,5798.0,1.0,8.739,13.539,106.0,0.6454686461333925,27,"(13, 54)"
1572,1573,1573,5798.0,1.0,8.739,13.539,106.0,0.6454686461333925,27,"(13, 55)"
1573,1574,1574,5811.0,1.0,8.739,13.773,106.0,0.6345022870834242,27,"(13, 54)"
1574,1575,1575,5858.0,1.0,8.739,12.748,106.0,0.6855192971446502,27,"(13, 55)"
1575,1576,1576,5805.0,1.0,8.596,13.913,106.0,0.6178394307482211,27,"(13, 56)"
1576,1577,1577,242430.0,1.0,8.713,12.956,106.0,0.6725069465884532,27,"(13, 57)"
1577,1578,1578,5825.0,1.0,8.318,13.081,106.0,0.6358841067196698,27,"(13, 56)"
1578,1579,1579,5804.0,1.0,8.318,13.955,106.0,0.5960587603009674,27,"(13, 57)"
1579,1580,1580,5834.0,1.0,8.318,13.946,106.0,0.596443424637889,27,"(13, 58)"
1580,1581,1581,5810.0,1.0,8.135,12.907,106.0,0.6302781436429844,27,"(13, 59)"
1581,1582,1582,5863.0,1.0,8.32,13.271,106.0,0.6269309019666943,27,"(13, 58)"
1582,1583,1583,183952.0,1.0,6.652,14.287,106.0,0.4655980961713445,27,"(13, 59)"
1583,1584,1584,5813.0,1.0,6.652,13.42,106.0,0.4956780923994039,27,"(13, 60)"
1584,1585,1585,188537.0,1.0,6.414,13.002,106.0,0.4933087217351176,27,"(13, 61)"
1585,1586,1586,5818.0,1.0,6.29,13.425,106.0,0.4685288640595903,27,"(13, 60)"
1586,1587,1587,5791.0,1.0,6.29,13.524,106.0,0.4650990831115055,27,"(13, 61)"
1587,1588,1588,5891.0,1.0,6.444,13.808,106.0,0.4666859791425261,28,"(14, 61)"
1588,1589,1589,5815.0,1.0,6.297,13.454,106.0,0.4680392448342499,28,"(14, 60)"
1589,1590,1590,5812.0,1.0,6.297,13.547,106.0,0.4648261607736029,28,"(14, 61)"
1590,1591,1591,5833.0,1.0,6.297,13.869,106.0,0.45403417694138,28,"(14, 60)"
1591,1592,1592,5832.0,1.0,6.297,13.21,106.0,0.4766843300529901,28,"(14, 59)"
1592,1593,1593,5895.0,1.0,6.297,12.859,106.0,0.4896959328097052,28,"(14, 58)"
1593,1594,1594,5836.0,1.0,6.672,12.63,106.0,0.5282660332541567,28,"(14, 59)"
1594,1595,1595,5795.0,1.0,6.672,12.63,106.0,0.5282660332541567,28,"(14, 58)"
1595,1596,1596,5837.0,1.0,6.672,12.745,106.0,0.5234994115339349,28,"(14, 57)"
1596,1597,1597,52758.0,1.0,6.165,13.32,106.0,0.4628378378378378,28,"(14, 56)"
1597,1598,1598,5803.0,1.0,6.165,12.432,106.0,0.4958976833976833,28,"(14, 57)"
1598,1599,1599,5893.0,1.0,6.165,13.357,106.0,0.4615557385640488,28,"(14, 56)"
1599,1600,1600,5808.0,1.0,6.427,10.265,106.0,0.6261081344374086,28,"(14, 55)"
1600,1601,1601,5799.0,1.0,6.427,9.461,106.0,0.6793150829722016,28,"(14, 54)"
1601,1602,1602,5821.0,1.0,6.632,9.841,106.0,0.6739152525149883,28,"(14, 54)"
1602,1603,1603,5828.0,1.0,6.194,13.194,106.0,0.4694558132484462,28,"(14, 53)"
1603,1604,1604,5827.0,1.0,5.008,12.982,106.0,0.3857649052534278,28,"(14, 52)"
1604,1605,1605,5806.0,1.0,4.199,12.406,106.0,0.3384652587457681,28,"(14, 53)"
1605,1606,1606,5835.0,1.0,3.608,4.122,106.0,0.8753032508491024,28,"(14, 52)"
1606,1607,1607,5870.0,1.0,2.318,4.961,106.0,0.4672445071558153,28,"(14, 51)"
1607,1608,1608,,,,,,,28,"(14, 50)"
1608,1609,1609,,,,,,,28,"(14, 51)"
1609,1610,1610,,,,,,,28,"(14, 50)"
1610,1611,1611,3782.0,1.0,10.11,2.743,82.0,3.685745534086766,28,"(14, 49)"
1611,1612,1612,4801.0,1.0,9.04,3.246,82.0,2.784966112138016,28,"(14, 48)"
1612,1613,1613,242496.0,1.0,4.451,1.872,82.0,2.37767094017094,28,"(14, 49)"
1613,1614,1614,670.0,1.0,12.813,12.178,27.0,1.052143209065528,28,"(14, 48)"
1614,1615,1615,866.0,1.0,12.003,13.069,27.0,0.918432932894636,28,"(14, 47)"
1615,1616,1616,690.0,1.0,12.003,12.181,27.0,0.985387078236598,28,"(14, 46)"
1616,1617,1617,673.0,1.0,12.06,12.182,27.0,0.9899852241011328,28,"(14, 47)"
1617,1618,1618,704.0,1.0,12.06,12.188,27.0,0.9894978667541844,28,"(14, 46)"
1618,1619,1619,693.0,1.0,11.927,11.654,27.0,1.0234254333276127,28,"(14, 45)"
1619,1620,1620,684.0,1.0,11.073,12.189,27.0,0.9084420379030274,28,"(14, 44)"
1620,1621,1621,694.0,1.0,10.929,12.19,27.0,0.8965545529122232,28,"(14, 45)"
1621,1622,1622,676.0,1.0,10.929,12.191,27.0,0.8964810105815766,28,"(14, 44)"
1622,1623,1623,136145.0,1.0,11.811,12.192,27.0,0.96875,28,"(14, 43)"
1623,1624,1624,234100.0,1.0,11.811,10.315,27.0,1.1450315075133302,28,"(14, 42)"
1624,1625,1625,703.0,1.0,10.821,12.193,27.0,0.8874764208972361,28,"(14, 43)"
1625,1626,1626,691.0,1.0,11.866,12.194,27.0,0.9731015253403312,28,"(14, 42)"
1626,1627,1627,669.0,1.0,11.269,12.195,27.0,0.9240672406724068,28,"(14, 41)"
1627,1628,1628,692.0,1.0,11.481,12.196,27.0,0.941374221056084,28,"(14, 40)"
1628,1629,1629,712.0,1.0,11.481,12.197,27.0,0.9412970402558006,28,"(14, 41)"
1629,1630,1630,671.0,1.0,11.627,11.741,27.0,0.9902904352269823,28,"(14, 40)"
1630,1631,1631,853.0,1.0,9.411,10.293,27.0,0.9143106965899156,28,"(14, 39)"
1631,1632,1632,846.0,1.0,10.111,12.2,27.0,0.8287704918032788,28,"(14, 38)"
1632,1633,1633,845.0,1.0,9.881,12.201,27.0,0.8098516515039751,28,"(14, 39)"
1633,1634,1634,698.0,1.0,8.927,10.271,27.0,0.8691461396163955,28,"(14, 38)"
1634,1635,1635,699.0,1.0,8.503,10.907,27.0,0.7795910882919226,28,"(14, 37)"
1635,1636,1636,149035.0,1.0,8.503,12.202,27.0,0.6968529749221439,28,"(14, 36)"
1636,1637,1637,665.0,1.0,8.863,12.203,27.0,0.7262968122592806,28,"(14, 37)"
1637,1638,1638,696.0,1.0,8.596,12.204,27.0,0.7043592264831202,28,"(14, 36)"
1638,1639,1639,681.0,1.0,8.68,12.205,27.0,0.7111839410077837,28,"(14, 35)"
1639,1640,1640,681.0,1.0,8.68,12.205,27.0,0.7111839410077837,28,"(14, 34)"
1640,1641,1641,701.0,1.0,7.194,12.206,27.0,0.5893822710142553,28,"(14, 35)"
1641,1642,1642,870.0,1.0,6.29,12.207,27.0,0.5152781191119848,28,"(14, 34)"
1642,1643,1643,851.0,1.0,6.29,12.208,27.0,0.5152359108781127,28,"(14, 33)"
1643,1644,1644,871.0,1.0,6.444,12.21,27.0,0.5277641277641277,28,"(14, 32)"
1644,1645,1645,856.0,1.0,6.444,10.988,27.0,0.5864579541317801,28,"(14, 33)"
1645,1646,1646,854.0,1.0,6.444,12.212,27.0,0.5276776940714052,28,"(14, 31)"
1646,1647,1647,844.0,1.0,6.672,12.215,27.0,0.5462136717151044,28,"(14, 31)"
1647,1648,1648,1989.0,2.0,4.923,10.294,14.0,0.4782397513114435,28,"(14, 27)"
1648,1649,1649,1728.0,2.0,4.699,12.218,14.0,0.3845964969716811,28,"(14, 26)"
1649,1650,1650,1727.0,2.0,4.305,12.219,14.0,0.3523201571323349,28,"(14, 27)"
1650,1651,1651,1840.0,2.0,3.145,10.37,14.0,0.3032786885245901,28,"(14, 26)"
1651,1652,1652,6761.0,2.0,2.045,1.555,130.0,1.315112540192926,28,"(14, 25)"
1652,1653,1653,34.0,2.0,11.607,12.22,1.0,0.949836333878887,28,"(14, 24)"
1653,1654,1654,1.0,2.0,11.047,10.272,1.0,1.0754478193146415,28,"(14, 25)"
1654,1655,1655,1365.0,2.0,9.071,11.503,38.0,0.7885768929844388,28,"(14, 24)"
1655,1656,1656,11.0,2.0,6.87,6.442,8.0,1.066438994101211,28,"(14, 23)"
1656,1657,1657,11.0,2.0,6.87,6.442,8.0,1.066438994101211,28,"(14, 22)"
1657,1658,1658,1364.0,2.0,10.046,12.222,38.0,0.8219603992799869,28,"(14, 23)"
1658,1659,1659,1364.0,2.0,10.046,12.222,38.0,0.8219603992799869,28,"(14, 22)"
1659,1660,1660,1368.0,2.0,7.004,9.318,38.0,0.7516634470916506,28,"(14, 21)"
1660,1661,1661,1399.0,2.0,7.364,12.224,38.0,0.6024214659685864,28,"(14, 20)"
1661,1662,1662,1387.0,2.0,7.193,12.225,38.0,0.5883844580777096,28,"(14, 21)"
1662,1663,1663,1387.0,2.0,7.193,12.225,38.0,0.5883844580777096,28,"(14, 20)"
1663,1664,1664,1385.0,2.0,7.14,10.325,38.0,0.6915254237288135,28,"(14, 19)"
1664,1665,1665,1395.0,2.0,6.612,9.811,38.0,0.6739374171847926,28,"(14, 18)"
1665,1666,1666,1388.0,2.0,7.143,8.709,38.0,0.8201860144677919,28,"(14, 19)"
1666,1667,1667,1388.0,2.0,7.143,8.709,38.0,0.8201860144677919,28,"(14, 18)"
1667,1668,1668,1401.0,2.0,6.842,11.274,38.0,0.6068830938442434,28,"(14, 17)"
1668,1669,1669,1398.0,2.0,6.8,10.295,38.0,0.6605148130160272,28,"(14, 16)"
1669,1670,1670,1388.0,2.0,7.143,8.709,38.0,0.8201860144677919,28,"(14, 17)"
1670,1671,1671,1388.0,2.0,7.143,8.709,38.0,0.8201860144677919,28,"(14, 16)"
1671,1672,1672,1397.0,2.0,6.798,10.298,38.0,0.6601281802291707,28,"(14, 15)"
1672,1673,1673,1374.0,2.0,7.042,9.75,38.0,0.7222564102564102,28,"(14, 14)"
1673,1674,1674,1384.0,2.0,6.29,12.226,38.0,0.5144773433665958,28,"(14, 15)"
1674,1675,1675,5888.0,2.0,13.403,13.993,106.0,0.9578360608875868,28,"(14, 14)"
1675,1676,1676,5880.0,2.0,13.284,13.958,106.0,0.9517122796962316,28,"(14, 13)"
1676,1677,1677,5878.0,2.0,8.927,13.349,106.0,0.6687392314031013,28,"(14, 12)"
1677,1678,1678,223170.0,2.0,8.863,13.442,106.0,0.6593512870108614,28,"(14, 13)"
1678,1679,1679,5875.0,2.0,8.863,13.87,106.0,0.6390050468637347,28,"(14, 12)"
1679,1680,1680,5879.0,2.0,8.863,13.106,106.0,0.6762551503128338,28,"(14, 11)"
1680,1681,1681,268408.0,2.0,8.961,13.994,106.0,0.6403458625125054,28,"(14, 10)"
1681,1682,1682,5881.0,2.0,8.961,13.661,106.0,0.6559549081326405,28,"(14, 11)"
1682,1683,1683,5874.0,2.0,8.914,14.254,106.0,0.6253683176652168,28,"(14, 9)"
1683,1684,1684,5886.0,2.0,8.318,13.16,106.0,0.6320668693009118,28,"(14, 8)"
1684,1685,1685,5873.0,2.0,6.297,12.852,106.0,0.4899626517273576,28,"(14, 9)"
1685,1686,1686,5873.0,2.0,6.297,12.852,106.0,0.4899626517273576,28,"(14, 8)"
1686,1687,1687,5885.0,2.0,6.297,12.811,106.0,0.491530715791117,28,"(14, 7)"
1687,1688,1688,5876.0,2.0,4.903,4.279,106.0,1.1458284645945314,28,"(14, 6)"
1688,1689,1689,847.0,1.0,6.672,12.229,27.0,0.5455883555482869,28,"(14, 7)"
1689,1690,1690,717.0,1.0,6.632,12.232,27.0,0.5421844342707652,28,"(14, 6)"
1690,1691,1691,848.0,1.0,6.194,12.233,27.0,0.5063353224883511,28,"(14, 5)"
1691,1692,1692,861.0,1.0,6.092,12.236,27.0,0.4978751225890813,28,"(14, 4)"
1692,1693,1693,868.0,1.0,5.924,8.794,27.0,0.6736411189447351,28,"(14, 5)"
1693,1694,1694,849.0,1.0,5.53,8.474,27.0,0.6525843757375501,28,"(14, 4)"
1694,1695,1695,852.0,1.0,6.036,8.935,27.0,0.6755456071628426,28,"(14, 3)"
1695,1696,1696,859.0,1.0,5.025,12.246,27.0,0.4103380695737383,28,"(14, 2)"
1696,1697,1697,197891.0,1.0,4.848,12.247,27.0,0.3958520453988732,28,"(14, 3)"
1697,1698,1698,869.0,1.0,4.848,9.888,27.0,0.4902912621359223,28,"(14, 2)"
1698,1699,1699,48298.0,1.0,4.883,9.789,27.0,0.4988252119726223,29,"(15, 2)"
1699,1700,1700,48298.0,1.0,4.883,9.789,27.0,0.4988252119726223,29,"(15, 3)"
1700,1701,1701,707.0,1.0,4.776,12.248,27.0,0.3899412148922273,29,"(15, 2)"
1701,1702,1702,695.0,1.0,4.884,12.249,27.0,0.3987264266470732,29,"(15, 3)"
1702,1703,1703,679.0,1.0,4.639,12.25,27.0,0.3786938775510204,29,"(15, 4)"
1703,1704,1704,682.0,1.0,4.665,11.588,27.0,0.4025716258198136,29,"(15, 5)"
1704,1705,1705,714.0,1.0,4.665,12.253,27.0,0.3807230882232922,29,"(15, 4)"
1705,1706,1706,680.0,1.0,4.554,11.524,27.0,0.3951752863589032,29,"(15, 5)"
1706,1707,1707,674.0,1.0,4.423,11.119,27.0,0.3977875708247144,29,"(15, 6)"
1707,1708,1708,683.0,1.0,4.423,12.254,27.0,0.3609433654316958,29,"(15, 7)"
1708,1709,1709,668.0,1.0,3.785,12.255,27.0,0.3088535291717666,29,"(15, 6)"
1709,1710,1710,688.0,1.0,3.785,12.257,27.0,0.3088031329036469,29,"(15, 7)"
1710,1711,1711,689.0,1.0,3.547,12.258,27.0,0.2893620492739436,29,"(15, 8)"
1711,1712,1712,702.0,2.0,10.821,12.259,27.0,0.8826984256464637,29,"(15, 9)"
1712,1713,1713,857.0,2.0,11.997,9.549,27.0,1.2563619227144205,29,"(15, 8)"
1713,1714,1714,857.0,2.0,11.997,9.549,27.0,1.2563619227144205,29,"(15, 9)"
1714,1715,1715,132276.0,2.0,11.481,12.197,27.0,0.9412970402558006,29,"(15, 10)"
1715,1716,1716,667.0,2.0,11.481,12.261,27.0,0.9363836554930268,29,"(15, 11)"
1716,1717,1717,710.0,2.0,11.481,12.262,27.0,0.9363072908171588,29,"(15, 10)"
1717,1718,1718,713.0,2.0,11.481,12.263,27.0,0.936230938595776,29,"(15, 11)"
1718,1719,1719,843.0,2.0,9.335,12.264,27.0,0.761170906718852,29,"(15, 12)"
1719,1720,1720,858.0,2.0,9.411,12.265,27.0,0.7673053403995107,29,"(15, 13)"
1720,1721,1721,202260.0,2.0,9.881,9.751,27.0,1.0133319659522102,29,"(15, 12)"
1721,1722,1722,708.0,2.0,8.927,12.27,27.0,0.7275468622656887,29,"(15, 13)"
1722,1723,1723,860.0,2.0,6.858,11.136,27.0,0.6158405172413793,29,"(15, 14)"
1723,1724,1724,862.0,2.0,7.182,12.272,27.0,0.5852346805736637,29,"(15, 15)"
1724,1725,1725,709.0,2.0,6.632,12.232,27.0,0.5421844342707652,29,"(15, 14)"
1725,1726,1726,664.0,2.0,6.167,12.273,27.0,0.502485129960075,29,"(15, 15)"
1726,1727,1727,863.0,2.0,6.46,10.636,27.0,0.6073711921775103,29,"(15, 16)"
1727,1728,1728,677.0,2.0,6.194,11.604,27.0,0.5337814546708032,29,"(15, 17)"
1728,1729,1729,850.0,2.0,5.05,12.274,27.0,0.4114388137526479,29,"(15, 16)"
1729,1730,1730,192202.0,2.0,4.665,11.588,27.0,0.4025716258198136,29,"(15, 17)"
1730,1731,1731,678.0,2.0,4.884,12.277,27.0,0.3978170562841085,29,"(15, 18)"
1731,1732,1732,678.0,2.0,4.884,12.277,27.0,0.3978170562841085,29,"(15, 19)"
1732,1733,1733,686.0,2.0,4.665,10.889,27.0,0.4284139957755533,29,"(15, 18)"
1733,1734,1734,686.0,2.0,4.665,10.889,27.0,0.4284139957755533,29,"(15, 19)"
1734,1735,1735,687.0,2.0,4.423,12.278,27.0,0.3602378237497963,29,"(15, 20)"
1735,1736,1736,685.0,2.0,4.124,12.279,27.0,0.3358579688899747,29,"(15, 21)"
1736,1737,1737,672.0,2.0,4.272,12.28,27.0,0.3478827361563518,29,"(15, 20)"
1737,1738,1738,705.0,2.0,4.272,12.281,27.0,0.347854409250061,29,"(15, 21)"
1738,1739,1739,706.0,2.0,4.272,12.282,27.0,0.3478260869565218,29,"(15, 22)"
1739,1740,1740,675.0,2.0,3.654,12.283,27.0,0.2974843279329154,29,"(15, 23)"
1740,1741,1741,700.0,2.0,3.654,12.286,27.0,0.2974116881002767,29,"(15, 22)"
1741,1742,1742,,,,,,,29,"(15, 23)"
1742,1743,1743,,,,,,,29,"(15, 24)"
1743,1744,1744,,,,,,,29,"(15, 25)"
1744,1745,1745,2066.0,1.0,13.047,12.288,41.0,1.061767578125,29,"(15, 24)"
1745,1746,1746,2066.0,1.0,13.047,12.288,41.0,1.061767578125,29,"(15, 25)"
1746,1747,1747,2065.0,1.0,9.783,12.289,41.0,0.796077793148344,29,"(15, 26)"
1747,1748,1748,1407.0,1.0,8.863,12.127,41.0,0.7308485198317802,29,"(15, 27)"
1748,1749,1749,1482.0,1.0,8.596,12.29,41.0,0.6994304312449147,29,"(15, 26)"
1749,1750,1750,1483.0,1.0,8.596,12.291,41.0,0.6993735253437474,29,"(15, 27)"
1750,1751,1751,1443.0,1.0,8.236,12.292,41.0,0.6700292873413602,29,"(15, 31)"
1751,1752,1752,1430.0,1.0,8.713,10.527,41.0,0.8276812007219531,29,"(15, 31)"
1752,1753,1753,1404.0,1.0,8.135,12.01,41.0,0.6773522064945878,29,"(15, 32)"
1753,1754,1754,1459.0,1.0,8.68,12.293,41.0,0.706092898397462,29,"(15, 33)"
1754,1755,1755,1466.0,1.0,7.985,11.113,41.0,0.718527850265455,29,"(15, 32)"
1755,1756,1756,1408.0,1.0,8.436,11.197,41.0,0.7534160935964991,29,"(15, 33)"
1756,1757,1757,4212.0,1.0,8.082,3.742,41.0,2.159807589524319,29,"(15, 34)"
1757,1758,1758,261850.0,1.0,2.791,1.644,41.0,1.6976885644768858,29,"(15, 35)"
1758,1759,1759,4234.0,1.0,1.084,3.122,41.0,0.3472133247918001,29,"(15, 34)"
1759,1760,1760,6901.0,1.0,0.957,0.742,41.0,1.2897574123989215,29,"(15, 35)"
1760,1761,1761,,,,,,,29,"(15, 36)"
1761,1762,1762,2548.0,1.0,19.015,12.294,57.0,1.5466894420042296,29,"(15, 37)"
1762,1763,1763,2551.0,1.0,19.92,12.295,57.0,1.6201708011386744,29,"(15, 36)"
1763,1764,1764,2560.0,1.0,16.787,12.296,57.0,1.3652407286922577,29,"(15, 37)"
1764,1765,1765,2567.0,1.0,17.265,12.298,57.0,1.4038868108635552,29,"(15, 38)"
1765,1766,1766,2563.0,1.0,15.528,8.969,57.0,1.7312966885940464,29,"(15, 39)"
1766,1767,1767,2554.0,1.0,15.8,8.025,57.0,1.968847352024922,29,"(15, 38)"
1767,1768,1768,2535.0,1.0,14.355,7.764,57.0,1.8489180834621328,29,"(15, 39)"
1768,1769,1769,2555.0,1.0,14.731,12.302,57.0,1.197447569500894,29,"(15, 40)"
1769,1770,1770,2540.0,1.0,10.881,12.303,57.0,0.8844184345281638,29,"(15, 41)"
1770,1771,1771,2537.0,1.0,8.955,9.519,57.0,0.9407500787897888,29,"(15, 40)"
1771,1772,1772,2538.0,1.0,9.118,12.306,57.0,0.7409393791646353,29,"(15, 41)"
1772,1773,1773,2541.0,1.0,8.318,12.307,57.0,0.6758755179978874,29,"(15, 42)"
1773,1774,1774,2544.0,1.0,8.082,12.313,57.0,0.6563794363680663,29,"(15, 43)"
1774,1775,1775,2542.0,1.0,7.515,8.657,57.0,0.868083631743098,29,"(15, 42)"
1775,1776,1776,2534.0,1.0,7.474,8.531,57.0,0.8760989333020748,29,"(15, 43)"
1776,1777,1777,2533.0,1.0,7.474,8.027,57.0,0.9311075121465056,29,"(15, 44)"
1777,1778,1778,2539.0,1.0,7.474,8.531,57.0,0.8760989333020748,29,"(15, 45)"
1778,1779,1779,105218.0,1.0,7.857,9.06,57.0,0.8672185430463576,29,"(15, 44)"
1779,1780,1780,3375.0,1.0,7.526,9.058,57.0,0.830867741223228,29,"(15, 45)"
1780,1781,1781,3539.0,1.0,7.532,9.176,57.0,0.8208369659982563,29,"(15, 46)"
1781,1782,1782,2564.0,1.0,6.396,12.315,57.0,0.5193666260657734,29,"(15, 47)"
1782,1783,1783,2570.0,1.0,5.91,9.094,57.0,0.6498790411260172,29,"(15, 46)"
1783,1784,1784,2550.0,1.0,5.824,9.303,57.0,0.6260346124905943,29,"(15, 47)"
1784,1785,1785,2559.0,1.0,6.098,8.849,57.0,0.6891174143971069,29,"(15, 48)"
1785,1786,1786,2561.0,1.0,5.53,9.044,57.0,0.6114551083591331,29,"(15, 49)"
1786,1787,1787,2569.0,1.0,6.036,12.317,57.0,0.4900543963627506,29,"(15, 48)"
1787,1788,1788,2543.0,1.0,6.036,9.448,57.0,0.638865368331922,29,"(15, 49)"
1788,1789,1789,2536.0,1.0,5.569,12.324,57.0,0.451882505679974,29,"(15, 50)"
1789,1790,1790,2549.0,1.0,5.025,12.325,57.0,0.4077079107505071,29,"(15, 51)"
1790,1791,1791,2566.0,1.0,4.697,12.326,57.0,0.3810644166801882,29,"(15, 50)"
1791,1792,1792,2553.0,1.0,3.88,8.799,57.0,0.4409591999090806,29,"(15, 51)"
1792,1793,1793,2547.0,1.0,3.357,12.327,57.0,0.2723290338281821,29,"(15, 52)"
1793,1794,1794,2557.0,1.0,3.029,8.098,57.0,0.3740429735737218,29,"(15, 53)"
1794,1795,1795,2558.0,1.0,3.029,8.634,57.0,0.3508223303219828,29,"(15, 52)"
1795,1796,1796,2562.0,1.0,18.0,12.328,57.0,1.4600908500973395,29,"(15, 53)"
1796,1797,1797,2545.0,1.0,3.001,8.371,57.0,0.3584995818898578,29,"(15, 54)"
1797,1798,1798,2820.0,1.0,3.017,7.687,57.0,0.3924808117601144,29,"(15, 55)"
1798,1799,1799,2556.0,1.0,3.017,7.359,57.0,0.4099741812746297,29,"(15, 54)"
1799,1800,1800,2565.0,1.0,2.227,8.888,57.0,0.2505625562556255,29,"(15, 55)"
1800,1801,1801,2546.0,1.0,1.764,10.312,57.0,0.1710628394103956,29,"(15, 56)"
1801,1802,1802,2552.0,1.0,1.384,6.837,57.0,0.2024279654819365,29,"(15, 57)"
1802,1803,1803,2568.0,1.0,1.326,7.093,57.0,0.1869448752290991,29,"(15, 56)"
1803,1804,1804,,,,,,,29,"(15, 57)"
1804,1805,1805,,,,,,,29,"(15, 58)"
1805,1806,1806,,,,,,,29,"(15, 59)"
1806,1807,1807,63.0,1.0,13.036,7.699,16.0,1.6932069099883102,29,"(15, 58)"
1807,1808,1808,125.0,1.0,11.629,9.07,16.0,1.2821389195148842,29,"(15, 59)"
1808,1809,1809,145.0,1.0,12.037,8.957,16.0,1.343865133415206,29,"(15, 60)"
1809,1810,1810,124.0,1.0,11.703,9.045,16.0,1.2938640132669983,29,"(15, 61)"
1810,1811,1811,73.0,1.0,11.703,8.814,16.0,1.3277739959155888,29,"(15, 60)"
1811,1812,1812,104.0,1.0,11.703,8.933,16.0,1.310086197246166,29,"(15, 61)"
1812,1813,1813,55.0,1.0,11.953,8.62,16.0,1.3866589327146173,2,"(16, 61)"
1813,1814,1814,67.0,1.0,11.953,8.62,16.0,1.3866589327146173,2,"(16, 60)"
1814,1815,1815,130.0,1.0,11.953,9.052,16.0,1.3204816615112682,2,"(16, 61)"
1815,1816,1816,98.0,1.0,11.927,6.521,16.0,1.8290139549148905,2,"(16, 60)"
1816,1817,1817,49.0,1.0,11.927,6.484,16.0,1.8394509561998769,2,"(16, 59)"
1817,1818,1818,49.0,1.0,11.927,6.484,16.0,1.8394509561998769,2,"(16, 58)"
1818,1819,1819,77.0,1.0,11.073,6.488,16.0,1.7066892725030829,2,"(16, 59)"
1819,1820,1820,141.0,1.0,11.073,6.687,16.0,1.6558995065051592,2,"(16, 58)"
1820,1821,1821,132.0,1.0,10.372,6.758,16.0,1.534773601657295,2,"(16, 57)"
1821,1822,1822,132.0,1.0,10.372,6.758,16.0,1.534773601657295,2,"(16, 56)"
1822,1823,1823,521.0,1.0,10.372,6.229,16.0,1.6651147856798845,2,"(16, 57)"
1823,1824,1824,131.0,1.0,10.446,7.828,16.0,1.334440470107307,2,"(16, 56)"
1824,1825,1825,117.0,1.0,10.446,7.76,16.0,1.3461340206185568,2,"(16, 55)"
1825,1826,1826,46.0,1.0,9.11,8.256,16.0,1.10343992248062,2,"(16, 54)"
1826,1827,1827,138.0,1.0,9.324,8.641,16.0,1.0790417775720402,2,"(16, 55)"
1827,1828,1828,120.0,1.0,9.783,9.372,16.0,1.043854033290653,2,"(16, 54)"
1828,1829,1829,62.0,1.0,9.603,9.137,16.0,1.0510014227864726,2,"(16, 53)"
1829,1830,1830,90.0,1.0,9.071,7.075,16.0,1.282120141342756,2,"(16, 52)"
1830,1831,1831,50.0,1.0,9.217,7.666,16.0,1.2023219410383512,2,"(16, 53)"
1831,1832,1832,88.0,1.0,8.936,7.504,16.0,1.1908315565031984,2,"(16, 52)"
1832,1833,1833,100.0,1.0,8.936,7.052,16.0,1.2671582529778789,2,"(16, 51)"
1833,1834,1834,57.0,1.0,9.294,6.914,16.0,1.3442291003760487,2,"(16, 50)"
1834,1835,1835,84.0,1.0,9.294,7.474,16.0,1.2435108375702435,2,"(16, 51)"
1835,1836,1836,118.0,1.0,9.294,7.16,16.0,1.2980446927374305,2,"(16, 50)"
1836,1837,1837,59.0,1.0,9.294,6.942,16.0,1.3388072601555747,2,"(16, 49)"
1837,1838,1838,51.0,1.0,8.991,7.821,16.0,1.1495972382048332,2,"(16, 48)"
1838,1839,1839,66.0,1.0,8.914,9.775,16.0,0.9119181585677748,2,"(16, 49)"
1839,1840,1840,54.0,1.0,8.318,8.695,16.0,0.9566417481311098,2,"(16, 48)"
1840,1841,1841,114.0,1.0,8.135,8.487,16.0,0.9585248026393308,2,"(16, 47)"
1841,1842,1842,123.0,1.0,8.354,9.394,16.0,0.8892910368320204,2,"(16, 46)"
1842,1843,1843,136.0,1.0,8.354,8.071,16.0,1.035063808697807,2,"(16, 47)"
1843,1844,1844,79.0,1.0,8.415,9.138,16.0,0.9208798424162836,2,"(16, 46)"
1844,1845,1845,78.0,1.0,7.62,9.422,16.0,0.8087454892804076,2,"(16, 45)"
1845,1846,1846,101.0,1.0,29.0,9.023,16.0,3.214008644574976,2,"(16, 44)"
1846,1847,1847,140.0,1.0,7.681,7.539,16.0,1.018835389308927,2,"(16, 45)"
1847,1848,1848,56.0,1.0,7.681,7.326,16.0,1.0484575484575485,2,"(16, 44)"
1848,1849,1849,86.0,1.0,7.681,7.326,16.0,1.0484575484575485,2,"(16, 43)"
1849,1850,1850,72.0,1.0,8.138,7.161,16.0,1.1364334590141043,2,"(16, 42)"
1850,1851,1851,60.0,1.0,8.138,7.442,16.0,1.0935232464391291,2,"(16, 43)"
1851,1852,1852,92.0,1.0,8.138,7.442,16.0,1.0935232464391291,2,"(16, 42)"
1852,1853,1853,68.0,1.0,8.159,7.723,16.0,1.056454745565195,2,"(16, 41)"
1853,1854,1854,87.0,1.0,7.226,7.648,16.0,0.9448221757322176,2,"(16, 40)"
1854,1855,1855,53.0,1.0,7.226,7.77,16.0,0.92998712998713,2,"(16, 41)"
1855,1856,1856,70.0,1.0,7.521,7.572,16.0,0.9932646592709984,2,"(16, 40)"
1856,1857,1857,129.0,1.0,7.521,7.149,16.0,1.0520352496852707,2,"(16, 39)"
1857,1858,1858,74.0,1.0,7.521,7.93,16.0,0.948423707440101,2,"(16, 38)"
1858,1859,1859,108.0,1.0,7.521,7.822,16.0,0.9615187931475326,2,"(16, 39)"
1859,1860,1860,143.0,1.0,7.643,7.27,16.0,1.0513067400275105,2,"(16, 38)"
1860,1861,1861,81.0,1.0,7.444,7.752,16.0,0.9602683178534572,2,"(16, 37)"
1861,1862,1862,142.0,1.0,7.444,7.752,16.0,0.9602683178534572,2,"(16, 36)"
1862,1863,1863,58.0,1.0,6.209,7.512,16.0,0.8265441959531417,2,"(16, 37)"
1863,1864,1864,116.0,1.0,6.579,7.255,16.0,0.9068228807718814,2,"(16, 36)"
1864,1865,1865,139.0,1.0,5.924,6.998,16.0,0.8465275793083739,2,"(16, 35)"
1865,1866,1866,94.0,1.0,5.824,6.662,16.0,0.8742119483638547,2,"(16, 34)"
1866,1867,1867,95.0,1.0,6.098,6.365,16.0,0.9580518460329928,2,"(16, 35)"
1867,1868,1868,69.0,1.0,4.643,6.994,16.0,0.6638547326279668,2,"(16, 34)"
1868,1869,1869,47.0,1.0,4.643,7.001,16.0,0.6631909727181831,2,"(16, 33)"
1869,1870,1870,91.0,1.0,4.495,7.008,16.0,0.6414098173515982,2,"(16, 32)"
1870,1871,1871,146.0,1.0,4.415,6.814,16.0,0.6479307308482536,2,"(16, 33)"
1871,1872,1872,48.0,1.0,4.415,6.898,16.0,0.6400405914757901,2,"(16, 32)"
1872,1873,1873,80.0,1.0,4.401,7.13,16.0,0.6172510518934081,2,"(16, 31)"
1873,1874,1874,89.0,1.0,4.401,7.254,16.0,0.6066997518610422,2,"(16, 31)"
1874,1875,1875,2819.0,2.0,14.222,7.704,57.0,1.8460539979231567,2,"(16, 27)"
1875,1876,1876,2824.0,2.0,14.508,12.329,57.0,1.1767377727309594,2,"(16, 26)"
1876,1877,1877,3634.0,2.0,10.767,12.331,57.0,0.8731651934149703,2,"(16, 27)"
1877,1878,1878,2827.0,2.0,8.135,12.332,57.0,0.6596659098280895,2,"(16, 26)"
1878,1879,1879,2829.0,2.0,7.756,8.588,57.0,0.9031206334420122,2,"(16, 25)"
1879,1880,1880,2823.0,2.0,7.756,7.387,57.0,1.0499526194666309,2,"(16, 24)"
1880,1881,1881,2831.0,2.0,5.91,8.668,57.0,0.6818181818181819,2,"(16, 25)"
1881,1882,1882,2825.0,2.0,5.91,9.094,57.0,0.6498790411260172,2,"(16, 24)"
1882,1883,1883,3658.0,2.0,5.775,9.761,57.0,0.5916402007990985,2,"(16, 23)"
1883,1884,1884,2956.0,2.0,5.05,9.846,57.0,0.512898639041235,2,"(16, 22)"
1884,1885,1885,2821.0,2.0,4.857,12.333,57.0,0.393821454633909,2,"(16, 23)"
1885,1886,1886,2818.0,2.0,4.923,12.334,57.0,0.3991405869952976,2,"(16, 22)"
1886,1887,1887,2828.0,2.0,3.88,8.8,57.0,0.4409090909090908,2,"(16, 21)"
1887,1888,1888,2817.0,2.0,3.88,8.537,57.0,0.454492210378353,2,"(16, 20)"
1888,1889,1889,2957.0,2.0,3.138,12.94,57.0,0.2425038639876352,2,"(16, 21)"
1889,1890,1890,2826.0,2.0,3.055,8.56,57.0,0.3568925233644859,2,"(16, 20)"
1890,1891,1891,2830.0,2.0,2.964,12.335,57.0,0.2402918524523712,2,"(16, 19)"
1891,1892,1892,2822.0,2.0,3.017,7.37,57.0,0.4093622795115332,2,"(16, 18)"
1892,1893,1893,2955.0,2.0,1.384,7.046,57.0,0.1964235026965654,2,"(16, 19)"
1893,1894,1894,107.0,1.0,4.401,7.514,16.0,0.5857066808623902,2,"(16, 18)"
1894,1895,1895,135.0,1.0,3.61,3.614,16.0,0.9988931931377976,2,"(16, 17)"
1895,1896,1896,111.0,1.0,3.61,3.248,16.0,1.1114532019704433,2,"(16, 16)"
1896,1897,1897,128.0,1.0,3.61,3.578,16.0,1.0089435438792622,2,"(16, 17)"
1897,1898,1898,93.0,1.0,3.377,3.45,16.0,0.9788405797101448,2,"(16, 16)"
1898,1899,1899,83.0,1.0,3.145,3.375,16.0,0.9318518518518518,2,"(16, 15)"
1899,1900,1900,127.0,1.0,3.161,3.243,16.0,0.9747147702744372,2,"(16, 14)"
1900,1901,1901,144.0,1.0,3.138,3.351,16.0,0.936436884512086,2,"(16, 15)"
1901,1902,1902,97.0,1.0,3.138,3.161,16.0,0.9927238215754508,2,"(16, 14)"
1902,1903,1903,119.0,1.0,3.18,3.343,16.0,0.9512413999401736,2,"(16, 13)"
1903,1904,1904,102.0,1.0,2.875,3.541,16.0,0.8119175374188082,2,"(16, 12)"
1904,1905,1905,137.0,1.0,2.117,4.166,16.0,0.5081613058089294,2,"(16, 13)"
1905,1906,1906,121.0,1.0,2.117,4.143,16.0,0.5109823799179339,2,"(16, 12)"
1906,1907,1907,106.0,1.0,2.117,4.257,16.0,0.4972985670660089,2,"(16, 11)"
1907,1908,1908,64.0,1.0,2.117,4.083,16.0,0.5184913054126867,2,"(16, 10)"
1908,1909,1909,113.0,1.0,2.117,3.971,16.0,0.5331150843616217,2,"(16, 11)"
1909,1910,1910,45.0,1.0,2.117,4.27,16.0,0.4957845433255269,2,"(16, 10)"
1910,1911,1911,103.0,1.0,2.141,3.945,16.0,0.5427122940430925,2,"(16, 9)"
1911,1912,1912,134.0,1.0,2.141,3.808,16.0,0.5622373949579832,2,"(16, 8)"
1912,1913,1913,76.0,1.0,2.141,3.864,16.0,0.5540890269151139,2,"(16, 9)"
1913,1914,1914,105.0,1.0,2.141,3.946,16.0,0.5425747592498733,2,"(16, 8)"
1914,1915,1915,133.0,1.0,1.195,3.382,16.0,0.3533412182140745,2,"(16, 7)"
1915,1916,1916,75.0,1.0,1.195,3.362,16.0,0.3554431885782272,2,"(16, 6)"
1916,1917,1917,99.0,1.0,1.195,3.508,16.0,0.3406499429874572,2,"(16, 7)"
1917,1918,1918,65.0,2.0,10.269,9.638,16.0,1.0654700145258351,2,"(16, 6)"
1918,1919,1919,109.0,2.0,10.584,6.459,16.0,1.638643752902926,2,"(16, 5)"
1919,1920,1920,109.0,2.0,10.584,6.459,16.0,1.638643752902926,2,"(16, 4)"
1920,1921,1921,71.0,2.0,10.584,6.754,16.0,1.567071365116968,2,"(16, 5)"
1921,1922,1922,71.0,2.0,10.584,6.754,16.0,1.567071365116968,2,"(16, 4)"
1922,1923,1923,96.0,2.0,9.294,6.659,16.0,1.395705060819943,2,"(16, 3)"
1923,1924,1924,96.0,2.0,9.294,6.659,16.0,1.395705060819943,2,"(16, 2)"
1924,1925,1925,82.0,2.0,8.415,9.282,16.0,0.9065934065934064,2,"(16, 3)"
1925,1926,1926,85.0,2.0,8.39,8.078,16.0,1.0386234216390198,2,"(16, 2)"
1926,1927,1927,112.0,2.0,8.39,8.132,16.0,1.03172651254304,30,"(17, 2)"
1927,1928,1928,110.0,2.0,7.444,7.364,16.0,1.0108636610537751,30,"(17, 3)"
1928,1929,1929,115.0,2.0,7.444,7.752,16.0,0.9602683178534572,30,"(17, 2)"
1929,1930,1930,61.0,2.0,6.579,7.706,16.0,0.8537503244225279,30,"(17, 3)"
1930,1931,1931,122.0,2.0,6.098,6.477,16.0,0.9414852555195306,30,"(17, 4)"
1931,1932,1932,,,,,,,30,"(17, 5)"
1932,1933,1933,,,,,,,30,"(17, 4)"
1933,1934,1934,,,,,,,30,"(17, 5)"
1934,1935,1935,1329.0,1.0,8.738,12.336,37.0,0.7083333333333333,30,"(17, 6)"
1935,1936,1936,194826.0,1.0,8.082,12.337,37.0,0.6551025370835698,30,"(17, 7)"
1936,1937,1937,1265.0,1.0,29.0,12.338,37.0,2.350461987356136,30,"(17, 6)"
1937,1938,1938,1273.0,1.0,8.159,8.546,37.0,0.9547156564474608,30,"(17, 7)"
1938,1939,1939,1263.0,1.0,7.524,12.342,37.0,0.6096256684491979,30,"(17, 8)"
1939,1940,1940,1306.0,1.0,7.883,12.343,37.0,0.6386615895649356,30,"(17, 9)"
1940,1941,1941,1313.0,1.0,7.474,9.898,37.0,0.7551020408163266,30,"(17, 8)"
1941,1942,1942,1255.0,1.0,7.343,10.89,37.0,0.6742883379247016,30,"(17, 9)"
1942,1943,1943,1240.0,1.0,7.301,9.054,37.0,0.8063839187099624,30,"(17, 11)"
1943,1944,1944,1276.0,1.0,7.364,12.344,37.0,0.5965651328580687,30,"(17, 10)"
1944,1945,1945,1325.0,1.0,7.466,9.241,37.0,0.8079212206471161,30,"(17, 11)"
1945,1946,1946,1230.0,1.0,7.471,12.345,37.0,0.6051842851356825,30,"(17, 12)"
1946,1947,1947,1302.0,1.0,7.471,8.444,37.0,0.8847702510658455,30,"(17, 13)"
1947,1948,1948,1231.0,1.0,7.471,12.346,37.0,0.6051352664830715,30,"(17, 12)"
1948,1949,1949,1271.0,1.0,6.87,8.958,37.0,0.7669122572002679,30,"(17, 13)"
1949,1950,1950,1283.0,1.0,6.87,12.347,37.0,0.5564104640803434,30,"(17, 14)"
1950,1951,1951,1264.0,1.0,6.87,12.348,37.0,0.5563654033041788,30,"(17, 15)"
1951,1952,1952,1254.0,1.0,6.858,9.55,37.0,0.7181151832460733,30,"(17, 14)"
1952,1953,1953,1244.0,1.0,6.858,9.577,37.0,0.7160906338101701,30,"(17, 15)"
1953,1954,1954,1317.0,1.0,7.182,9.477,37.0,0.7578347578347578,30,"(17, 16)"
1954,1955,1955,1261.0,1.0,7.182,12.349,37.0,0.5815855534861123,30,"(17, 17)"
1955,1956,1956,1232.0,1.0,7.14,10.325,37.0,0.6915254237288135,30,"(17, 16)"
1956,1957,1957,1316.0,1.0,7.167,12.355,37.0,0.5800890327802509,30,"(17, 17)"
1957,1958,1958,1282.0,1.0,22.0,9.92,37.0,2.217741935483871,30,"(17, 18)"
1958,1959,1959,1285.0,1.0,6.987,12.356,37.0,0.5654742635157008,30,"(17, 19)"
1959,1960,1960,1322.0,1.0,6.987,8.461,37.0,0.8257889138399717,30,"(17, 18)"
1960,1961,1961,1258.0,1.0,6.987,8.541,37.0,0.8180540920266948,30,"(17, 19)"
1961,1962,1962,23356.0,1.0,6.987,12.357,37.0,0.5654285020636077,30,"(17, 20)"
1962,1963,1963,1290.0,1.0,6.892,8.384,37.0,0.8220419847328244,30,"(17, 21)"
1963,1964,1964,1247.0,1.0,6.892,9.592,37.0,0.7185154295246038,30,"(17, 20)"
1964,1965,1965,1267.0,1.0,7.094,9.847,37.0,0.7204224636945263,30,"(17, 21)"
1965,1966,1966,1274.0,1.0,7.143,9.552,37.0,0.7478015075376885,30,"(17, 22)"
1966,1967,1967,103874.0,1.0,6.798,12.359,37.0,0.550044501982361,30,"(17, 23)"
1967,1968,1968,1262.0,1.0,7.06,10.501,37.0,0.672316922197886,30,"(17, 22)"
1968,1969,1969,1323.0,1.0,7.06,12.363,37.0,0.5710588044972903,30,"(17, 23)"
1969,1970,1970,1289.0,1.0,7.06,9.553,37.0,0.7390348581597402,30,"(17, 24)"
1970,1971,1971,1297.0,1.0,6.818,12.364,37.0,0.5514396635393076,30,"(17, 25)"
1971,1972,1972,1330.0,1.0,6.818,9.555,37.0,0.7135531135531136,30,"(17, 24)"
1972,1973,1973,1257.0,1.0,6.818,10.067,37.0,0.6772623423065461,30,"(17, 25)"
1973,1974,1974,82743.0,1.0,6.902,12.365,37.0,0.5581884350990699,30,"(17, 26)"
1974,1975,1975,1319.0,1.0,6.414,9.889,37.0,0.6485994539387198,30,"(17, 27)"
1975,1976,1976,1251.0,1.0,6.444,9.521,37.0,0.676819661800231,30,"(17, 26)"
1976,1977,1977,1259.0,1.0,6.297,12.366,37.0,0.5092188258127123,30,"(17, 27)"
1977,1978,1978,,,,,,,30,"(17, 31)"
1978,1979,1979,1292.0,1.0,6.297,9.858,37.0,0.6387705416920267,30,"(17, 31)"
1979,1980,1980,1270.0,1.0,6.297,12.367,37.0,0.5091776501981078,30,"(17, 33)"
1980,1981,1981,1272.0,1.0,6.672,12.247,37.0,0.5447864783212215,30,"(17, 32)"
1981,1982,1982,1277.0,1.0,6.165,9.421,37.0,0.6543891306655345,30,"(17, 33)"
1982,1983,1983,1328.0,1.0,6.165,12.368,37.0,0.4984637774902975,30,"(17, 34)"
1983,1984,1984,1266.0,1.0,5.061,12.37,37.0,0.4091350040420372,30,"(17, 35)"
1984,1985,1985,,,,,,,30,"(17, 34)"
1985,1986,1986,,,,,,,30,"(17, 35)"
1986,1987,1987,,,,,,,30,"(17, 36)"
1987,1988,1988,1217.0,1.0,7.826,8.677,36.0,0.9019246283277632,30,"(17, 37)"
1988,1989,1989,1214.0,1.0,29.0,9.097,36.0,3.1878641310322084,30,"(17, 36)"
1989,1990,1990,1164.0,1.0,7.681,9.026,36.0,0.8509860403279416,30,"(17, 37)"
1990,1991,1991,1140.0,1.0,7.883,9.237,36.0,0.8534156111291544,30,"(17, 38)"
1991,1992,1992,1208.0,1.0,7.894,12.371,36.0,0.6381052461401665,30,"(17, 39)"
1992,1993,1993,1201.0,1.0,7.317,12.372,36.0,0.5914161008729389,30,"(17, 38)"
1993,1994,1994,1228.0,1.0,7.526,12.373,36.0,0.60825992079528,30,"(17, 39)"
1994,1995,1995,1157.0,1.0,7.004,8.665,36.0,0.8083092902481247,30,"(17, 40)"
1995,1996,1996,1216.0,1.0,6.998,8.862,36.0,0.7896637327916949,30,"(17, 41)"
1996,1997,1997,1215.0,1.0,7.364,8.637,36.0,0.8526108602524024,30,"(17, 40)"
1997,1998,1998,1204.0,1.0,7.471,12.374,36.0,0.6037659608857281,30,"(17, 41)"
1998,1999,1999,1212.0,1.0,7.471,9.063,36.0,0.8243407260289087,30,"(17, 42)"
1999,2000,2000,1175.0,1.0,6.87,10.929,36.0,0.6286027998902004,30,"(17, 43)"
2000,2001,2001,1213.0,1.0,6.87,8.744,36.0,0.7856816102470265,30,"(17, 42)"
2001,2002,2002,1149.0,1.0,7.193,12.375,36.0,0.5812525252525252,30,"(17, 43)"
2002,2003,2003,1185.0,1.0,7.193,9.921,36.0,0.7250277189799416,30,"(17, 44)"
2003,2004,2004,1167.0,1.0,7.182,12.376,36.0,0.580316742081448,30,"(17, 45)"
2004,2005,2005,1223.0,1.0,7.14,9.055,36.0,0.7885146327995582,30,"(17, 44)"
2005,2006,2006,1226.0,1.0,7.14,10.325,36.0,0.6915254237288135,30,"(17, 45)"
2006,2007,2007,1202.0,1.0,22.0,8.647,36.0,2.544234994795883,30,"(17, 46)"
2007,2008,2008,1145.0,1.0,22.0,8.052,36.0,2.73224043715847,30,"(17, 47)"
2008,2009,2009,1170.0,1.0,22.0,8.535,36.0,2.5776215582893967,30,"(17, 46)"
2009,2010,2010,1206.0,1.0,22.0,7.933,36.0,2.7732257657884785,30,"(17, 47)"
2010,2011,2011,1152.0,1.0,6.987,9.283,36.0,0.7526661639556178,30,"(17, 48)"
2011,2012,2012,1193.0,1.0,6.987,8.541,36.0,0.8180540920266948,30,"(17, 49)"
2012,2013,2013,1146.0,1.0,6.987,8.57,36.0,0.8152858809801633,30,"(17, 48)"
2013,2014,2014,1183.0,1.0,6.987,8.434,36.0,0.8284325349774723,30,"(17, 49)"
2014,2015,2015,1218.0,1.0,6.987,8.461,36.0,0.8257889138399717,30,"(17, 50)"
2015,2016,2016,1139.0,1.0,6.987,8.484,36.0,0.8235502121640735,30,"(17, 51)"
2016,2017,2017,1198.0,1.0,6.892,8.673,36.0,0.7946500634151966,30,"(17, 50)"
2017,2018,2018,1199.0,1.0,7.143,9.15,36.0,0.780655737704918,30,"(17, 51)"
2018,2019,2019,1148.0,1.0,7.143,9.526,36.0,0.7498425362166702,30,"(17, 52)"
2019,2020,2020,1227.0,1.0,7.143,12.378,36.0,0.5770722249151721,30,"(17, 53)"
2020,2021,2021,1177.0,1.0,6.842,9.003,36.0,0.7599688992558036,30,"(17, 52)"
2021,2022,2022,1180.0,1.0,6.842,9.061,36.0,0.7551042931243792,30,"(17, 53)"
2022,2023,2023,1143.0,1.0,6.842,8.993,36.0,0.7608139664183253,30,"(17, 54)"
2023,2024,2024,1200.0,1.0,6.842,9.307,36.0,0.7351455893413559,30,"(17, 54)"
2024,2025,2025,1159.0,1.0,6.8,12.38,36.0,0.5492730210016155,30,"(17, 55)"
2025,2026,2026,1210.0,1.0,6.8,8.918,36.0,0.7625028033191299,30,"(17, 56)"
2026,2027,2027,1209.0,1.0,6.8,8.623,36.0,0.7885886582395918,30,"(17, 57)"
2027,2028,2028,1173.0,1.0,7.069,9.345,36.0,0.7564472980203317,30,"(17, 56)"
2028,2029,2029,1222.0,1.0,7.069,12.383,36.0,0.5708632803036421,30,"(17, 57)"
2029,2030,2030,1155.0,1.0,7.069,12.385,36.0,0.5707710940654017,30,"(17, 58)"
2030,2031,2031,1162.0,1.0,7.069,9.763,36.0,0.7240602273891222,30,"(17, 59)"
2031,2032,2032,1220.0,1.0,6.798,12.386,36.0,0.5488454706927176,30,"(17, 58)"
2032,2033,2033,1225.0,1.0,6.798,12.387,36.0,0.5488011625090821,30,"(17, 59)"
2033,2034,2034,1211.0,1.0,6.604,12.388,36.0,0.5330965450435906,30,"(17, 60)"
2034,2035,2035,1224.0,1.0,6.604,9.764,36.0,0.6763621466612045,30,"(17, 61)"
2035,2036,2036,1172.0,1.0,6.672,12.389,36.0,0.5385422552264105,30,"(17, 60)"
2036,2037,2037,1229.0,1.0,6.165,9.791,36.0,0.6296598917373097,30,"(17, 61)"
2037,2038,2038,295703.0,1.0,6.165,12.39,36.0,0.4975786924939467,31,"(18, 61)"
2038,2039,2039,1219.0,1.0,6.165,12.39,36.0,0.4975786924939467,31,"(18, 60)"
2039,2040,2040,1158.0,1.0,6.165,12.391,36.0,0.4975385360342184,31,"(18, 61)"
2040,2041,2041,1221.0,1.0,6.713,12.393,36.0,0.541676753005729,31,"(18, 60)"
2041,2042,2042,1207.0,1.0,6.427,12.394,36.0,0.5185573664676456,31,"(18, 59)"
2042,2043,2043,1153.0,1.0,6.427,9.713,36.0,0.6616905178626583,31,"(18, 58)"
2043,2044,2044,1141.0,1.0,5.061,12.397,36.0,0.4082439299830604,31,"(18, 59)"
2044,2045,2045,,,,,,,31,"(18, 58)"
2045,2046,2046,,,,,,,31,"(18, 57)"
2046,2047,2047,,,,,,,31,"(18, 56)"
2047,2048,2048,2220.0,1.0,11.953,12.398,50.0,0.9641071140506532,31,"(18, 57)"
2048,2049,2049,2256.0,1.0,10.821,12.401,50.0,0.8725909200870897,31,"(18, 56)"
2049,2050,2050,2245.0,1.0,11.231,12.711,50.0,0.8835654157816064,31,"(18, 55)"
2050,2051,2051,2233.0,1.0,11.866,12.402,50.0,0.9567811643283342,31,"(18, 54)"
2051,2052,2052,2217.0,1.0,11.269,12.535,50.0,0.8990027921818907,31,"(18, 55)"
2052,2053,2053,2236.0,1.0,11.588,12.84,50.0,0.9024922118380062,31,"(18, 54)"
2053,2054,2054,2221.0,1.0,11.588,12.403,50.0,0.93429009110699,31,"(18, 53)"
2054,2055,2055,2219.0,1.0,11.337,12.46,50.0,0.9098715890850722,31,"(18, 52)"
2055,2056,2056,2230.0,1.0,11.481,12.404,50.0,0.9255885198323122,31,"(18, 53)"
2056,2057,2057,2232.0,1.0,11.468,12.407,50.0,0.924316917868945,31,"(18, 52)"
2057,2058,2058,2246.0,1.0,11.047,12.408,50.0,0.8903127014829143,31,"(18, 51)"
2058,2059,2059,2246.0,1.0,11.047,12.408,50.0,0.8903127014829143,31,"(18, 50)"
2059,2060,2060,2244.0,1.0,8.914,14.662,50.0,0.6079661710544264,31,"(18, 51)"
2060,2061,2061,2235.0,1.0,8.615,13.663,50.0,0.6305350215911586,31,"(18, 50)"
2061,2062,2062,2234.0,1.0,6.844,15.247,50.0,0.4488751885616843,31,"(18, 49)"
2062,2063,2063,2243.0,1.0,6.902,12.409,50.0,0.5562092029978242,31,"(18, 48)"
2063,2064,2064,2218.0,1.0,6.961,13.51,50.0,0.5152479644707624,31,"(18, 49)"
2064,2065,2065,2231.0,1.0,6.167,14.277,50.0,0.4319534916298942,31,"(18, 48)"
2065,2066,2066,2240.0,1.0,6.083,12.41,50.0,0.4901692183722804,31,"(18, 47)"
2066,2067,2067,2254.0,1.0,5.569,12.667,50.0,0.439646325096708,31,"(18, 46)"
2067,2068,2068,2257.0,1.0,5.681,12.411,50.0,0.4577391024091531,31,"(18, 47)"
2068,2069,2069,2255.0,1.0,5.796,12.234,50.0,0.4737616478666013,31,"(18, 46)"
2069,2070,2070,2252.0,1.0,5.587,12.466,50.0,0.4481790470078614,31,"(18, 45)"
2070,2071,2071,2261.0,1.0,5.737,12.668,50.0,0.4528733817492896,31,"(18, 44)"
2071,2072,2072,2259.0,1.0,5.594,12.846,50.0,0.4354662930094971,31,"(18, 45)"
2072,2073,2073,2260.0,1.0,5.349,12.412,50.0,0.4309539155655816,31,"(18, 44)"
2073,2074,2074,2248.0,1.0,5.349,12.412,50.0,0.4309539155655816,31,"(18, 43)"
2074,2075,2075,2250.0,1.0,5.648,11.624,50.0,0.4858912594631795,31,"(18, 42)"
2075,2076,2076,2239.0,1.0,5.277,7.003,50.0,0.7535341996287306,31,"(18, 43)"
2076,2077,2077,2247.0,1.0,5.356,15.174,50.0,0.3529721892711217,31,"(18, 42)"
2077,2078,2078,2249.0,1.0,3.017,12.413,50.0,0.2430516394102956,31,"(18, 41)"
2078,2079,2079,2258.0,1.0,2.95,12.414,50.0,0.2376349283067504,31,"(18, 40)"
2079,2080,2080,2242.0,1.0,2.698,7.761,50.0,0.3476356139672723,31,"(18, 41)"
2080,2081,2081,2237.0,1.0,1.972,7.395,50.0,0.2666666666666666,31,"(18, 40)"
2081,2082,2082,2241.0,1.0,1.972,5.817,50.0,0.3390063606670104,31,"(18, 39)"
2082,2083,2083,2238.0,1.0,27.0,5.847,50.0,4.617752693689071,31,"(18, 38)"
2083,2084,2084,2253.0,1.0,1.665,3.721,50.0,0.4474603601182478,31,"(18, 39)"
2084,2085,2085,2251.0,1.0,1.665,3.844,50.0,0.4331425598335068,31,"(18, 38)"
2085,2086,2086,,,,,,,31,"(18, 37)"
2086,2087,2087,,,,,,,31,"(18, 36)"
2087,2088,2088,,,,,,,31,"(18, 37)"
2088,2089,2089,2126.0,1.0,13.956,9.731,48.0,1.4341794265748635,31,"(18, 36)"
2089,2090,2090,2135.0,1.0,13.368,10.673,48.0,1.2525063243699055,31,"(18, 35)"
2090,2091,2091,168295.0,1.0,12.813,12.415,48.0,1.0320579943616597,31,"(18, 34)"
2091,2092,2092,2139.0,1.0,13.09,9.848,48.0,1.329203899268887,31,"(18, 35)"
2092,2093,2093,2144.0,1.0,13.25,12.416,48.0,1.0671713917525774,31,"(18, 34)"
2093,2094,2094,2146.0,1.0,11.934,12.417,48.0,0.9611017153901908,31,"(18, 33)"
2094,2095,2095,2114.0,1.0,7.444,12.418,48.0,0.5994524077951361,31,"(18, 32)"
2095,2096,2096,2130.0,1.0,11.997,9.819,48.0,1.221814848762603,31,"(18, 33)"
2096,2097,2097,2130.0,1.0,11.997,9.819,48.0,1.221814848762603,31,"(18, 32)"
2097,2098,2098,184222.0,1.0,7.532,9.765,48.0,0.771326164874552,31,"(18, 31)"
2098,2099,2099,282832.0,1.0,22.0,12.419,48.0,1.7714791851195748,31,"(18, 31)"
2099,2100,2100,1269.0,2.0,9.318,12.421,37.0,0.7501811448353595,31,"(18, 27)"
2100,2101,2101,1300.0,2.0,7.681,12.422,37.0,0.6183384318145226,31,"(18, 26)"
2101,2102,2102,1312.0,2.0,7.756,9.812,37.0,0.7904606604158174,31,"(18, 27)"
2102,2103,2103,1321.0,2.0,7.226,12.423,37.0,0.5816630443532158,31,"(18, 26)"
2103,2104,2104,1249.0,2.0,6.995,9.697,37.0,0.7213571207589977,31,"(18, 25)"
2104,2105,2105,1245.0,2.0,7.466,12.425,37.0,0.6008853118712273,31,"(18, 24)"
2105,2106,2106,1304.0,2.0,7.466,12.426,37.0,0.6008369547722517,31,"(18, 25)"
2106,2107,2107,1304.0,2.0,7.466,12.426,37.0,0.6008369547722517,31,"(18, 24)"
2107,2108,2108,1315.0,2.0,7.466,8.609,37.0,0.8672319665466373,31,"(18, 23)"
2108,2109,2109,1307.0,2.0,7.471,9.473,37.0,0.7886625145149372,31,"(18, 22)"
2109,2110,2110,1242.0,2.0,7.471,9.813,37.0,0.761337001936207,31,"(18, 23)"
2110,2111,2111,1286.0,2.0,7.471,12.427,37.0,0.601190955178241,31,"(18, 22)"
2111,2112,2112,1278.0,2.0,6.87,9.527,37.0,0.7211084286763935,31,"(18, 21)"
2112,2113,2113,1311.0,2.0,6.87,12.428,37.0,0.5527840360476344,31,"(18, 20)"
2113,2114,2114,1310.0,2.0,6.87,10.106,37.0,0.679794181674253,31,"(18, 21)"
2114,2115,2115,1295.0,2.0,6.858,9.056,37.0,0.7572879858657244,31,"(18, 20)"
2115,2116,2116,1284.0,2.0,7.182,12.429,37.0,0.5778421433743665,31,"(18, 19)"
2116,2117,2117,1284.0,2.0,7.182,12.429,37.0,0.5778421433743665,31,"(18, 18)"
2117,2118,2118,1246.0,2.0,7.182,12.43,37.0,0.5777956556717619,31,"(18, 19)"
2118,2119,2119,1296.0,2.0,7.14,11.081,37.0,0.6443461781427668,31,"(18, 18)"
2119,2120,2120,1309.0,2.0,7.14,9.639,37.0,0.7407407407407408,31,"(18, 17)"
2120,2121,2121,1309.0,2.0,7.14,9.639,37.0,0.7407407407407408,31,"(18, 16)"
2121,2122,2122,1253.0,2.0,7.14,12.431,37.0,0.5743705252996542,31,"(18, 17)"
2122,2123,2123,1281.0,2.0,7.194,9.027,37.0,0.7969425058158858,31,"(18, 16)"
2123,2124,2124,1250.0,2.0,22.0,8.843,37.0,2.4878434920275923,31,"(18, 15)"
2124,2125,2125,1299.0,2.0,22.0,12.433,37.0,1.7694844365800693,31,"(18, 14)"
2125,2126,2126,1280.0,2.0,22.0,12.433,37.0,1.7694844365800693,31,"(18, 15)"
2126,2127,2127,1280.0,2.0,22.0,12.433,37.0,1.7694844365800693,31,"(18, 14)"
2127,2128,2128,1293.0,2.0,22.0,9.188,37.0,2.394427514148889,31,"(18, 13)"
2128,2129,2129,1293.0,2.0,22.0,9.188,37.0,2.394427514148889,31,"(18, 12)"
2129,2130,2130,1280.0,2.0,22.0,12.433,37.0,1.7694844365800693,31,"(18, 13)"
2130,2131,2131,1280.0,2.0,22.0,12.433,37.0,1.7694844365800693,31,"(18, 12)"
2131,2132,2132,1298.0,2.0,6.987,12.436,37.0,0.5618366034094564,31,"(18, 11)"
2132,2133,2133,1252.0,2.0,6.987,12.437,37.0,0.5617914288011578,31,"(18, 10)"
2133,2134,2134,1314.0,2.0,6.987,8.919,37.0,0.7833837874201144,31,"(18, 11)"
2134,2135,2135,1268.0,2.0,6.612,8.538,37.0,0.7744202389318341,31,"(18, 10)"
2135,2136,2136,1318.0,2.0,6.612,12.439,37.0,0.5315539834391833,31,"(18, 9)"
2136,2137,2137,1241.0,2.0,6.612,12.441,37.0,0.5314685314685315,31,"(18, 8)"
2137,2138,2138,1248.0,2.0,6.892,8.529,37.0,0.808066596318443,31,"(18, 9)"
2138,2139,2139,1288.0,2.0,6.859,8.685,37.0,0.7897524467472653,31,"(18, 8)"
2139,2140,2140,1238.0,2.0,6.859,9.814,37.0,0.6988995312818422,31,"(18, 7)"
2140,2141,2141,1237.0,2.0,7.094,9.322,37.0,0.7609954945290711,31,"(18, 6)"
2141,2142,2142,1235.0,2.0,7.094,9.308,37.0,0.7621400945423292,31,"(18, 7)"
2142,2143,2143,1326.0,2.0,7.094,9.321,37.0,0.7610771376461754,31,"(18, 6)"
2143,2144,2144,1236.0,2.0,7.143,9.225,37.0,0.7743089430894309,31,"(18, 5)"
2144,2145,2145,1256.0,2.0,7.143,8.948,37.0,0.7982789450156459,31,"(18, 4)"
2145,2146,2146,1305.0,2.0,6.842,9.16,37.0,0.746943231441048,31,"(18, 5)"
2146,2147,2147,1234.0,2.0,6.8,9.065,37.0,0.7501378929950359,31,"(18, 4)"
2147,2148,2148,1243.0,2.0,7.042,12.442,37.0,0.5659861758559717,31,"(18, 3)"
2148,2149,2149,1233.0,2.0,6.818,9.374,37.0,0.7273309152976316,31,"(18, 2)"
2149,2150,2150,1303.0,2.0,6.818,10.343,37.0,0.659189790196268,31,"(18, 3)"
2150,2151,2151,1301.0,2.0,6.902,12.443,37.0,0.5546893835891666,31,"(18, 2)"
2151,2152,2152,1287.0,2.0,6.672,12.444,37.0,0.5361620057859209,32,"(19, 2)"
2152,2153,2153,1239.0,2.0,6.672,12.445,37.0,0.5361189232623543,32,"(19, 3)"
2153,2154,2154,1260.0,2.0,6.165,12.446,37.0,0.4953398682307569,32,"(19, 2)"
2154,2155,2155,1308.0,2.0,6.165,9.463,37.0,0.6514847300010568,32,"(19, 3)"
2155,2156,2156,1291.0,2.0,6.165,12.447,37.0,0.4953000723065799,32,"(19, 4)"
2156,2157,2157,1169.0,2.0,7.681,12.422,36.0,0.6183384318145226,32,"(19, 5)"
2157,2158,2158,1187.0,2.0,7.858,8.467,36.0,0.92807369788591,32,"(19, 4)"
2158,2159,2159,1160.0,2.0,7.466,9.647,36.0,0.7739193531667876,32,"(19, 5)"
2159,2160,2160,1188.0,2.0,7.471,12.45,36.0,0.6000803212851405,32,"(19, 6)"
2160,2161,2161,1163.0,2.0,7.471,9.118,36.0,0.819368282518096,32,"(19, 7)"
2161,2162,2162,1165.0,2.0,6.87,9.104,36.0,0.7546133567662566,32,"(19, 6)"
2162,2163,2163,1178.0,2.0,6.858,8.724,36.0,0.7861072902338376,32,"(19, 7)"
2163,2164,2164,1171.0,2.0,7.193,8.964,36.0,0.8024319500223114,32,"(19, 8)"
2164,2165,2165,1205.0,2.0,7.14,9.084,36.0,0.7859973579920739,32,"(19, 9)"
2165,2166,2166,1161.0,2.0,7.14,10.325,36.0,0.6915254237288135,32,"(19, 8)"
2166,2167,2167,1191.0,2.0,7.14,8.586,36.0,0.8315863032844164,32,"(19, 9)"
2167,2168,2168,1151.0,2.0,7.14,12.451,36.0,0.5734479158300537,32,"(19, 10)"
2168,2169,2169,1192.0,2.0,7.167,12.452,36.0,0.5755701895277867,32,"(19, 11)"
2169,2170,2170,1186.0,2.0,7.194,9.384,36.0,0.7666240409207161,32,"(19, 10)"
2170,2171,2171,1184.0,2.0,6.612,8.967,36.0,0.7373703579792572,32,"(19, 11)"
2171,2172,2172,1144.0,2.0,22.0,8.345,36.0,2.6363091671659675,32,"(19, 12)"
2172,2173,2173,1144.0,2.0,22.0,8.345,36.0,2.6363091671659675,32,"(19, 13)"
2173,2174,2174,1189.0,2.0,6.987,8.746,36.0,0.7988794877658357,32,"(19, 12)"
2174,2175,2175,1189.0,2.0,6.987,8.746,36.0,0.7988794877658357,32,"(19, 13)"
2175,2176,2176,277291.0,2.0,6.612,8.878,36.0,0.7447623338589773,32,"(19, 14)"
2176,2177,2177,277291.0,2.0,6.612,8.878,36.0,0.7447623338589773,32,"(19, 15)"
2177,2178,2178,1203.0,2.0,6.612,8.576,36.0,0.7709888059701492,32,"(19, 14)"
2178,2179,2179,1179.0,2.0,6.612,8.737,36.0,0.7567815039487238,32,"(19, 15)"
2179,2180,2180,277291.0,2.0,6.612,8.878,36.0,0.7447623338589773,32,"(19, 16)"
2180,2181,2181,277291.0,2.0,6.612,8.878,36.0,0.7447623338589773,32,"(19, 17)"
2181,2182,2182,1196.0,2.0,6.892,9.449,36.0,0.7293893533707271,32,"(19, 16)"
2182,2183,2183,1196.0,2.0,6.892,9.449,36.0,0.7293893533707271,32,"(19, 17)"
2183,2184,2184,1150.0,2.0,7.094,9.305,36.0,0.7623858140784525,32,"(19, 18)"
2184,2185,2185,1147.0,2.0,7.143,9.309,36.0,0.7673219465033838,32,"(19, 19)"
2185,2186,2186,1176.0,2.0,6.842,8.937,36.0,0.7655812912610496,32,"(19, 18)"
2186,2187,2187,1174.0,2.0,6.842,9.815,36.0,0.6970962812022414,32,"(19, 19)"
2187,2188,2188,1195.0,2.0,6.842,12.453,36.0,0.549425841162772,32,"(19, 20)"
2188,2189,2189,1195.0,2.0,6.842,12.453,36.0,0.549425841162772,32,"(19, 21)"
2189,2190,2190,1197.0,2.0,6.8,9.54,36.0,0.7127882599580713,32,"(19, 20)"
2190,2191,2191,1142.0,2.0,6.798,12.454,36.0,0.5458487233017504,32,"(19, 21)"
2191,2192,2192,1194.0,2.0,7.069,12.455,36.0,0.5675632276194299,32,"(19, 22)"
2192,2193,2193,1194.0,2.0,7.069,12.455,36.0,0.5675632276194299,32,"(19, 23)"
2193,2194,2194,1154.0,2.0,6.604,12.456,36.0,0.5301862556197816,32,"(19, 22)"
2194,2195,2195,1190.0,2.0,6.165,12.368,36.0,0.4984637774902975,32,"(19, 23)"
2195,2196,2196,1156.0,2.0,6.427,12.457,36.0,0.5159348157662358,32,"(19, 24)"
2196,2197,2197,2318.0,2.0,11.146,12.458,50.0,0.8946861454487077,32,"(19, 25)"
2197,2198,2198,1181.0,2.0,6.427,9.89,36.0,0.6498483316481294,32,"(19, 24)"
2198,2199,2199,1181.0,2.0,6.427,9.89,36.0,0.6498483316481294,32,"(19, 25)"
2199,2200,2200,2320.0,2.0,10.823,12.464,50.0,0.8683408215661104,32,"(19, 26)"
2200,2201,2201,2223.0,2.0,11.424,12.467,50.0,0.9163391353172374,32,"(19, 27)"
2201,2202,2202,91375.0,2.0,11.588,12.476,50.0,0.9288233408143636,32,"(19, 26)"
2202,2203,2203,285430.0,2.0,11.622,12.468,50.0,0.9321462945139556,32,"(19, 27)"
2203,2204,2204,2124.0,1.0,22.0,12.419,48.0,1.7714791851195748,32,"(19, 31)"
2204,2205,2205,2150.0,1.0,6.612,10.742,48.0,0.6155278346676596,32,"(19, 31)"
2205,2206,2206,2149.0,1.0,6.892,12.47,48.0,0.5526864474739375,32,"(19, 32)"
2206,2207,2207,2107.0,1.0,6.892,12.47,48.0,0.5526864474739375,32,"(19, 33)"
2207,2208,2208,2158.0,1.0,6.859,12.474,48.0,0.5498637165303832,32,"(19, 32)"
2208,2209,2209,2128.0,1.0,6.859,9.849,48.0,0.6964158797847497,32,"(19, 33)"
2209,2210,2210,2125.0,1.0,6.672,12.475,48.0,0.5348296593186372,32,"(19, 34)"
2210,2211,2211,2140.0,1.0,6.632,12.477,48.0,0.5315380299751542,32,"(19, 35)"
2211,2212,2212,2156.0,1.0,6.167,7.923,48.0,0.7783667802600025,32,"(19, 34)"
2212,2213,2213,2154.0,1.0,6.168,7.531,48.0,0.8190147390784757,32,"(19, 35)"
2213,2214,2214,2138.0,1.0,6.46,7.604,48.0,0.8495528669121515,32,"(19, 36)"
2214,2215,2215,2123.0,1.0,6.325,7.34,48.0,0.8617166212534061,32,"(19, 37)"
2215,2216,2216,2109.0,1.0,6.579,7.319,48.0,0.8988932914332559,32,"(19, 36)"
2216,2217,2217,2104.0,1.0,5.179,12.478,48.0,0.4150504888603943,32,"(19, 37)"
2217,2218,2218,2152.0,1.0,4.902,12.479,48.0,0.3928199374949916,32,"(19, 38)"
2218,2219,2219,2137.0,1.0,3.95,10.684,48.0,0.3697117184575066,32,"(19, 39)"
2219,2220,2220,2499.0,1.0,3.95,10.684,48.0,0.3697117184575066,32,"(19, 38)"
2220,2221,2221,2142.0,1.0,3.95,12.48,48.0,0.3165064102564102,32,"(19, 39)"
2221,2222,2222,2132.0,1.0,4.043,12.481,48.0,0.3239323772133643,32,"(19, 40)"
2222,2223,2223,2115.0,1.0,4.138,12.482,48.0,0.3315173850344496,32,"(19, 41)"
2223,2224,2224,2143.0,1.0,4.138,10.75,48.0,0.3849302325581395,32,"(19, 40)"
2224,2225,2225,2136.0,1.0,28.0,12.484,48.0,2.242870874719641,32,"(19, 41)"
2225,2226,2226,2145.0,1.0,28.0,9.8,48.0,2.8571428571428568,32,"(19, 42)"
2226,2227,2227,2133.0,1.0,28.0,9.892,48.0,2.8305701577031948,32,"(19, 43)"
2227,2228,2228,2111.0,1.0,4.06,12.485,48.0,0.3251902282739287,32,"(19, 42)"
2228,2229,2229,2102.0,1.0,4.06,12.486,48.0,0.3251641838859522,32,"(19, 43)"
2229,2230,2230,2148.0,1.0,3.879,9.669,48.0,0.4011790257524045,32,"(19, 44)"
2230,2231,2231,2157.0,1.0,3.879,9.669,48.0,0.4011790257524045,32,"(19, 45)"
2231,2232,2232,2112.0,1.0,3.879,10.857,48.0,0.3572810168554849,32,"(19, 44)"
2232,2233,2233,,,,,,,32,"(19, 45)"
2233,2234,2234,,,,,,,32,"(19, 46)"
2234,2235,2235,,,,,,,32,"(19, 47)"
2235,2236,2236,436.0,1.0,10.213,7.184,21.0,1.42163140311804,32,"(19, 46)"
2236,2237,2237,430.0,1.0,9.545,6.799,21.0,1.4038829239594055,32,"(19, 47)"
2237,2238,2238,422.0,1.0,9.401,7.328,21.0,1.2828875545851528,32,"(19, 48)"
2238,2239,2239,426.0,1.0,9.628,7.655,21.0,1.2577400391900715,32,"(19, 49)"
2239,2240,2240,420.0,1.0,8.714,4.991,21.0,1.745942696854338,32,"(19, 48)"
2240,2241,2241,427.0,1.0,7.985,8.029,21.0,0.9945198654876076,32,"(19, 49)"
2241,2242,2242,300724.0,1.0,8.354,6.556,21.0,1.2742525930445392,32,"(19, 50)"
2242,2243,2243,421.0,1.0,7.488,7.237,21.0,1.0346828796462624,32,"(19, 51)"
2243,2244,2244,304496.0,1.0,6.87,5.328,21.0,1.2894144144144144,32,"(19, 50)"
2244,2245,2245,428.0,1.0,5.676,7.863,21.0,0.7218618847768027,32,"(19, 51)"
2245,2246,2246,424.0,1.0,5.648,6.642,21.0,0.8503462812405901,32,"(19, 52)"
2246,2247,2247,205305.0,1.0,25.0,6.226,21.0,4.0154192097655,32,"(19, 53)"
2247,2248,2248,433.0,1.0,5.008,7.356,21.0,0.680804785209353,32,"(19, 52)"
2248,2249,2249,431.0,1.0,4.848,8.167,21.0,0.5936084241459533,32,"(19, 53)"
2249,2250,2250,425.0,1.0,4.199,9.85,21.0,0.4262944162436548,32,"(19, 54)"
2250,2251,2251,432.0,1.0,3.785,3.303,21.0,1.145927944293067,32,"(19, 55)"
2251,2252,2252,429.0,1.0,3.377,3.07,21.0,1.1,32,"(19, 54)"
2252,2253,2253,419.0,1.0,0.69,1.791,21.0,0.3852596314907872,32,"(19, 55)"
2253,2254,2254,,,,,,,32,"(19, 56)"
2254,2255,2255,,,,,,,32,"(19, 57)"
2255,2256,2256,5715.0,1.0,11.918,12.489,104.0,0.9542797661942508,32,"(19, 56)"
2256,2257,2257,5720.0,1.0,12.11,14.085,104.0,0.8597799077032303,32,"(19, 57)"
2257,2258,2258,5724.0,1.0,12.142,12.638,104.0,0.9607532837474284,32,"(19, 58)"
2258,2259,2259,5731.0,1.0,11.372,12.49,104.0,0.91048839071257,32,"(19, 59)"
2259,2260,2260,5709.0,1.0,11.372,12.491,104.0,0.9104154991593948,32,"(19, 58)"
2260,2261,2261,5714.0,1.0,22.0,12.492,104.0,1.7611271213576687,32,"(19, 59)"
2261,2262,2262,5707.0,1.0,7.143,12.493,104.0,0.5717601857039942,32,"(19, 60)"
2262,2263,2263,5716.0,1.0,7.143,12.495,104.0,0.5716686674669869,32,"(19, 61)"
2263,2264,2264,5708.0,1.0,6.29,12.496,104.0,0.5033610755441741,32,"(19, 60)"
2264,2265,2265,5706.0,1.0,6.194,12.802,104.0,0.4838306514607092,32,"(19, 61)"
2265,2266,2266,5712.0,1.0,6.579,12.497,104.0,0.5264463471233096,33,"(20, 61)"
2266,2267,2267,5732.0,1.0,6.231,12.5,104.0,0.49848,33,"(20, 60)"
2267,2268,2268,5718.0,1.0,6.269,12.138,104.0,0.5164771791069369,33,"(20, 61)"
2268,2269,2269,5727.0,1.0,5.924,12.501,104.0,0.4738820894328454,33,"(20, 60)"
2269,2270,2270,5722.0,1.0,6.153,12.93,104.0,0.4758700696055684,33,"(20, 59)"
2270,2271,2271,5729.0,1.0,5.91,12.503,104.0,0.4726865552267456,33,"(20, 58)"
2271,2272,2272,5721.0,1.0,5.824,12.61,104.0,0.4618556701030928,33,"(20, 59)"
2272,2273,2273,34934.0,1.0,5.53,12.505,104.0,0.4422231107556977,33,"(20, 58)"
2273,2274,2274,5719.0,1.0,4.495,13.578,104.0,0.3310502283105023,33,"(20, 57)"
2274,2275,2275,5730.0,1.0,4.426,12.506,104.0,0.3539101231408924,33,"(20, 56)"
2275,2276,2276,5713.0,1.0,3.142,12.507,104.0,0.2512193171823779,33,"(20, 57)"
2276,2277,2277,5723.0,1.0,3.138,12.509,104.0,0.2508593812455032,33,"(20, 56)"
2277,2278,2278,5711.0,1.0,3.029,12.51,104.0,0.2421262989608313,33,"(20, 55)"
2278,2279,2279,5726.0,1.0,2.878,7.157,104.0,0.4021237948861255,33,"(20, 54)"
2279,2280,2280,5717.0,1.0,2.86,12.511,104.0,0.2285988330269363,33,"(20, 54)"
2280,2281,2281,5725.0,1.0,1.684,11.105,104.0,0.1516434038721296,33,"(20, 53)"
2281,2282,2282,,,,,,,33,"(20, 52)"
2282,2283,2283,,,,,,,33,"(20, 53)"
2283,2284,2284,437.0,1.0,14.115,8.92,22.0,1.5823991031390134,33,"(20, 52)"
2284,2285,2285,585.0,1.0,11.011,9.196,22.0,1.1973684210526316,33,"(20, 51)"
2285,2286,2286,458.0,1.0,10.418,8.635,22.0,1.2064852345107122,33,"(20, 50)"
2286,2287,2287,457.0,1.0,10.972,9.497,22.0,1.1553122038538486,33,"(20, 51)"
2287,2288,2288,457.0,1.0,10.972,9.497,22.0,1.1553122038538486,33,"(20, 50)"
2288,2289,2289,461.0,1.0,10.047,8.991,22.0,1.1174507841174508,33,"(20, 49)"
2289,2290,2290,455.0,1.0,10.841,8.351,22.0,1.298167884085738,33,"(20, 48)"
2290,2291,2291,456.0,1.0,10.792,9.161,22.0,1.1780373321689772,33,"(20, 49)"
2291,2292,2292,456.0,1.0,10.792,9.161,22.0,1.1780373321689772,33,"(20, 48)"
2292,2293,2293,460.0,1.0,10.547,8.796,22.0,1.199067758071851,33,"(20, 47)"
2293,2294,2294,447.0,1.0,10.547,7.85,22.0,1.343566878980892,33,"(20, 46)"
2294,2295,2295,448.0,1.0,10.369,8.048,22.0,1.2883946322067594,33,"(20, 47)"
2295,2296,2296,439.0,1.0,10.344,8.203,22.0,1.261002072412532,33,"(20, 46)"
2296,2297,2297,440.0,1.0,9.955,7.995,22.0,1.2451532207629767,33,"(20, 45)"
2297,2298,2298,467.0,1.0,10.11,8.574,22.0,1.179146256123163,33,"(20, 44)"
2298,2299,2299,463.0,1.0,8.308,8.77,22.0,0.947320410490308,33,"(20, 45)"
2299,2300,2300,442.0,1.0,8.308,9.25,22.0,0.8981621621621622,33,"(20, 44)"
2300,2301,2301,438.0,1.0,8.308,8.901,22.0,0.933378272104258,33,"(20, 43)"
2301,2302,2302,445.0,1.0,6.798,7.192,22.0,0.9452169076751946,33,"(20, 42)"
2302,2303,2303,465.0,1.0,7.042,7.974,22.0,0.8831201404564836,33,"(20, 43)"
2303,2304,2304,450.0,1.0,7.06,7.32,22.0,0.96448087431694,33,"(20, 42)"
2304,2305,2305,468.0,1.0,6.902,8.84,22.0,0.7807692307692308,33,"(20, 41)"
2305,2306,2306,470.0,1.0,6.652,8.361,22.0,0.7955986126061475,33,"(20, 40)"
2306,2307,2307,478.0,1.0,5.179,8.069,22.0,0.6418391374395835,33,"(20, 41)"
2307,2308,2308,464.0,1.0,5.179,9.319,22.0,0.555746324712952,33,"(20, 40)"
2308,2309,2309,476.0,1.0,4.902,8.435,22.0,0.5811499703615886,33,"(20, 39)"
2309,2310,2310,453.0,1.0,4.697,7.063,22.0,0.6650148662041626,33,"(20, 38)"
2310,2311,2311,452.0,1.0,3.465,6.172,22.0,0.5614063512637719,33,"(20, 39)"
2311,2312,2312,443.0,1.0,3.465,5.58,22.0,0.6209677419354839,33,"(20, 38)"
2312,2313,2313,475.0,1.0,3.357,5.788,22.0,0.5799930891499655,33,"(20, 37)"
2313,2314,2314,477.0,1.0,3.357,6.07,22.0,0.5530477759472817,33,"(20, 36)"
2314,2315,2315,472.0,1.0,3.336,5.837,22.0,0.5715264690765804,33,"(20, 37)"
2315,2316,2316,449.0,1.0,3.142,5.589,22.0,0.5621757022723206,33,"(20, 36)"
2316,2317,2317,446.0,1.0,1.44,3.645,22.0,0.3950617283950617,33,"(20, 35)"
2317,2318,2318,462.0,1.0,1.359,3.649,22.0,0.372430802959715,33,"(20, 34)"
2318,2319,2319,459.0,1.0,1.125,2.024,22.0,0.5558300395256917,33,"(20, 35)"
2319,2320,2320,451.0,1.0,1.125,1.938,22.0,0.5804953560371517,33,"(20, 34)"
2320,2321,2321,444.0,1.0,0.794,1.615,22.0,0.491640866873065,33,"(20, 33)"
2321,2322,2322,473.0,1.0,0.794,3.269,22.0,0.2428877332517589,33,"(20, 32)"
2322,2323,2323,454.0,1.0,0.564,2.234,22.0,0.252461951656222,33,"(20, 33)"
2323,2324,2324,,,,,,,33,"(20, 31)"
2324,2325,2325,,,,,,,33,"(20, 31)"
2325,2326,2326,2226.0,2.0,8.615,13.874,50.0,0.6209456537408101,33,"(20, 27)"
2326,2327,2327,2225.0,2.0,6.325,13.741,50.0,0.4603012881158577,33,"(20, 26)"
2327,2328,2328,2227.0,2.0,6.036,12.483,50.0,0.4835376111511655,33,"(20, 27)"
2328,2329,2329,2348.0,2.0,5.796,11.997,50.0,0.4831207801950488,33,"(20, 26)"
2329,2330,2330,2294.0,2.0,5.587,12.965,50.0,0.4309294253760123,33,"(20, 25)"
2330,2331,2331,2347.0,2.0,5.587,12.965,50.0,0.4309294253760123,33,"(20, 24)"
2331,2332,2332,2305.0,2.0,5.737,12.543,50.0,0.457386590129953,33,"(20, 25)"
2332,2333,2333,2307.0,2.0,5.594,12.268,50.0,0.4559830453211607,33,"(20, 24)"
2333,2334,2334,2343.0,2.0,5.594,12.676,50.0,0.441306405806248,33,"(20, 23)"
2334,2335,2335,2292.0,2.0,5.349,11.749,50.0,0.4552727891735467,33,"(20, 22)"
2335,2336,2336,2293.0,2.0,5.349,12.114,50.0,0.4415552253590886,33,"(20, 23)"
2336,2337,2337,2324.0,2.0,5.775,12.544,50.0,0.4603794642857143,33,"(20, 22)"
2337,2338,2338,2229.0,2.0,2.666,5.908,50.0,0.451252538930264,33,"(20, 21)"
2338,2339,2339,2222.0,2.0,2.119,5.786,50.0,0.3662288282060146,33,"(20, 20)"
2339,2340,2340,2171.0,2.0,12.726,12.513,48.0,1.0170222968113165,33,"(20, 21)"
2340,2341,2341,2196.0,2.0,13.11,9.198,48.0,1.4253098499673842,33,"(20, 20)"
2341,2342,2342,2188.0,2.0,13.144,9.556,48.0,1.3754709083298453,33,"(20, 19)"
2342,2343,2343,2188.0,2.0,13.144,9.556,48.0,1.3754709083298453,33,"(20, 18)"
2343,2344,2344,2183.0,2.0,12.035,9.668,48.0,1.2448282995448905,33,"(20, 19)"
2344,2345,2345,2186.0,2.0,6.612,12.516,48.0,0.5282837967401726,33,"(20, 18)"
2345,2346,2346,2170.0,2.0,6.892,11.5,48.0,0.599304347826087,33,"(20, 17)"
2346,2347,2347,2187.0,2.0,6.859,12.517,48.0,0.5479747543341056,33,"(20, 16)"
2347,2348,2348,2159.0,2.0,7.094,9.69,48.0,0.7320949432404541,33,"(20, 17)"
2348,2349,2349,2151.0,2.0,6.485,7.151,48.0,0.906866172563278,33,"(20, 16)"
2349,2350,2350,2197.0,2.0,6.46,7.558,48.0,0.8547234718179413,33,"(20, 15)"
2350,2351,2351,2197.0,2.0,6.46,7.558,48.0,0.8547234718179413,33,"(20, 14)"
2351,2352,2352,2153.0,2.0,6.337,7.458,48.0,0.8496916063287744,33,"(20, 15)"
2352,2353,2353,2153.0,2.0,6.337,7.458,48.0,0.8496916063287744,33,"(20, 14)"
2353,2354,2354,196870.0,2.0,3.95,12.521,48.0,0.3154700103825573,33,"(20, 13)"
2354,2355,2355,293531.0,2.0,4.138,10.541,48.0,0.3925623754861967,33,"(20, 12)"
2355,2356,2356,2105.0,2.0,3.861,10.206,48.0,0.3783068783068783,33,"(20, 13)"
2356,2357,2357,2173.0,2.0,4.06,12.522,48.0,0.3242293563328541,33,"(20, 12)"
2357,2358,2358,2174.0,2.0,3.765,12.523,48.0,0.3006468098698395,33,"(20, 11)"
2358,2359,2359,2172.0,2.0,3.879,9.669,48.0,0.4011790257524045,33,"(20, 10)"
2359,2360,2360,334.0,2.0,11.269,6.354,21.0,1.773528485993075,33,"(20, 11)"
2360,2361,2361,336.0,2.0,10.995,7.238,21.0,1.519066040342636,33,"(20, 9)"
2361,2362,2362,341.0,2.0,10.728,7.017,21.0,1.5288584865327062,33,"(20, 8)"
2362,2363,2363,344.0,2.0,9.401,7.376,21.0,1.2745390455531451,33,"(20, 9)"
2363,2364,2364,335.0,2.0,9.518,5.95,21.0,1.5996638655462183,33,"(20, 8)"
2364,2365,2365,333.0,2.0,8.714,7.639,21.0,1.1407252258148972,33,"(20, 7)"
2365,2366,2366,337.0,2.0,6.8,8.306,21.0,0.8186852877437997,33,"(20, 6)"
2366,2367,2367,339.0,2.0,6.042,8.072,21.0,0.7485133795837463,33,"(20, 7)"
2367,2368,2368,338.0,2.0,4.848,4.999,21.0,0.9697939587917584,33,"(20, 6)"
2368,2369,2369,345.0,2.0,3.752,12.524,21.0,0.2995847971893963,33,"(20, 5)"
2369,2370,2370,343.0,2.0,2.621,2.422,21.0,1.0821635012386457,33,"(20, 4)"
2370,2371,2371,340.0,2.0,2.052,6.879,21.0,0.2982991713911906,33,"(20, 5)"
2371,2372,2372,33262.0,2.0,12.625,12.525,104.0,1.0079840319361275,33,"(20, 4)"
2372,2373,2373,5668.0,2.0,11.744,12.891,104.0,0.9110231944767668,33,"(20, 3)"
2373,2374,2374,5680.0,2.0,11.818,12.528,104.0,0.9433269476372924,33,"(20, 2)"
2374,2375,2375,5683.0,2.0,11.958,12.529,104.0,0.9544257323010616,33,"(20, 3)"
2375,2376,2376,181222.0,2.0,6.427,12.931,104.0,0.4970226587270899,33,"(20, 2)"
2376,2377,2377,5676.0,2.0,6.524,12.53,104.0,0.5206703910614525,34,"(21, 2)"
2377,2378,2378,71695.0,2.0,6.416,12.533,104.0,0.5119285087369345,34,"(21, 3)"
2378,2379,2379,5672.0,2.0,5.738,12.534,104.0,0.4577947981490346,34,"(21, 2)"
2379,2380,2380,5684.0,2.0,5.824,12.908,104.0,0.4511930585683297,34,"(21, 3)"
2380,2381,2381,5674.0,2.0,5.681,12.536,104.0,0.453174856413529,34,"(21, 4)"
2381,2382,2382,5675.0,2.0,5.796,13.217,104.0,0.4385261405765302,34,"(21, 5)"
2382,2383,2383,5679.0,2.0,4.442,12.595,104.0,0.3526796347757046,34,"(21, 4)"
2383,2384,2384,5670.0,2.0,4.442,12.646,104.0,0.3512573145658706,34,"(21, 5)"
2384,2385,2385,5682.0,2.0,2.964,12.537,104.0,0.2364201962191911,34,"(21, 6)"
2385,2386,2386,5671.0,2.0,2.698,5.724,104.0,0.4713487071977638,34,"(21, 7)"
2386,2387,2387,5677.0,2.0,2.666,6.972,104.0,0.3823866896156052,34,"(21, 6)"
2387,2388,2388,5681.0,2.0,2.621,6.91,104.0,0.3793053545586107,34,"(21, 7)"
2388,2389,2389,471.0,2.0,10.081,8.44,22.0,1.1944312796208532,34,"(21, 8)"
2389,2390,2390,466.0,2.0,8.308,8.923,22.0,0.9310769920430348,34,"(21, 9)"
2390,2391,2391,441.0,2.0,8.308,8.905,22.0,0.9329590117911286,34,"(21, 8)"
2391,2392,2392,474.0,2.0,7.06,7.272,22.0,0.9708470847084708,34,"(21, 9)"
2392,2393,2393,469.0,2.0,0.742,1.616,22.0,0.4591584158415841,34,"(21, 10)"
2393,2394,2394,5571.0,1.0,12.726,8.365,102.0,1.5213389121338914,34,"(21, 11)"
2394,2395,2395,5567.0,1.0,12.107,12.886,102.0,0.9395467949712868,34,"(21, 10)"
2395,2396,2396,5578.0,1.0,12.625,12.598,102.0,1.00214319733291,34,"(21, 11)"
2396,2397,2397,68951.0,1.0,10.081,12.538,102.0,0.804035731376615,34,"(21, 12)"
2397,2398,2398,72603.0,1.0,10.213,12.539,102.0,0.8144987638567669,34,"(21, 13)"
2398,2399,2399,5582.0,1.0,10.213,12.54,102.0,0.8144338118022328,34,"(21, 12)"
2399,2400,2400,5583.0,1.0,10.651,14.048,102.0,0.7581862186788155,34,"(21, 13)"
2400,2401,2401,5564.0,1.0,10.3,12.541,102.0,0.8213061159397178,34,"(21, 14)"
2401,2402,2402,263419.0,1.0,9.895,12.542,102.0,0.7889491309201084,34,"(21, 15)"
2402,2403,2403,5576.0,1.0,5.533,12.549,102.0,0.4409116264244163,34,"(21, 14)"
2403,2404,2404,5572.0,1.0,5.533,12.55,102.0,0.4408764940239044,34,"(21, 15)"
2404,2405,2405,5599.0,1.0,5.356,9.557,102.0,0.5604269122109449,34,"(21, 16)"
2405,2406,2406,5568.0,1.0,5.485,12.551,102.0,0.437016970759302,34,"(21, 17)"
2406,2407,2407,5573.0,1.0,5.229,12.552,102.0,0.4165869980879541,34,"(21, 16)"
2407,2408,2408,5563.0,1.0,5.061,12.834,102.0,0.3943431510051426,34,"(21, 17)"
2408,2409,2409,5575.0,1.0,4.755,6.09,102.0,0.7807881773399015,34,"(21, 18)"
2409,2410,2410,5577.0,1.0,3.879,4.409,102.0,0.8797913359038331,34,"(21, 19)"
2410,2411,2411,5579.0,1.0,2.832,4.828,102.0,0.5865782932891466,34,"(21, 18)"
2411,2412,2412,5598.0,1.0,2.119,6.204,102.0,0.3415538362346873,34,"(21, 19)"
2412,2413,2413,5596.0,1.0,1.575,3.957,102.0,0.3980288097043215,34,"(21, 20)"
2413,2414,2414,5581.0,1.0,1.575,3.806,102.0,0.4138202837624802,34,"(21, 21)"
2414,2415,2415,5565.0,1.0,1.575,3.806,102.0,0.4138202837624802,34,"(21, 20)"
2415,2416,2416,134275.0,1.0,1.359,1.29,102.0,1.0534883720930233,34,"(21, 21)"
2416,2417,2417,18302.0,1.0,1.326,3.291,102.0,0.4029170464904285,34,"(21, 22)"
2417,2418,2418,5569.0,1.0,1.085,1.25,102.0,0.868,34,"(21, 23)"
2418,2419,2419,5733.0,1.0,0.591,0.795,102.0,0.7433962264150943,34,"(21, 22)"
2419,2420,2420,5589.0,2.0,10.972,12.555,102.0,0.8739147749900438,34,"(21, 23)"
2420,2421,2421,5584.0,2.0,15.006,14.683,102.0,1.0219982292447047,34,"(21, 24)"
2421,2422,2422,5584.0,2.0,15.006,14.683,102.0,1.0219982292447047,34,"(21, 25)"
2422,2423,2423,60521.0,2.0,10.841,12.556,102.0,0.8634119146224912,34,"(21, 24)"
2423,2424,2424,190606.0,2.0,10.547,12.557,102.0,0.8399299195667755,34,"(21, 25)"
2424,2425,2425,5594.0,2.0,10.213,12.56,102.0,0.8131369426751591,34,"(21, 26)"
2425,2426,2426,5590.0,2.0,10.535,12.565,102.0,0.8384401114206128,34,"(21, 27)"
2426,2427,2427,5586.0,2.0,5.432,12.566,102.0,0.4322775744071304,34,"(21, 26)"
2427,2428,2428,5593.0,2.0,5.179,12.569,102.0,0.412045508791471,34,"(21, 27)"
2428,2429,2429,,,,,,,34,"(21, 31)"
2429,2430,2430,,,,,,,34,"(21, 31)"
2430,2431,2431,4823.0,1.0,34.0,2.094,93.0,16.23686723973257,34,"(21, 32)"
2431,2432,2432,4823.0,1.0,34.0,2.094,93.0,16.23686723973257,34,"(21, 33)"
2432,2433,2433,4737.0,1.0,13.285,2.027,93.0,6.55402072027627,34,"(21, 32)"
2433,2434,2434,4737.0,1.0,13.285,2.027,93.0,6.55402072027627,34,"(21, 33)"
2434,2435,2435,4705.0,1.0,11.778,2.921,93.0,4.032180760013694,34,"(21, 34)"
2435,2436,2436,4822.0,1.0,10.821,1.93,93.0,5.606735751295337,34,"(21, 35)"
2436,2437,2437,4691.0,1.0,10.577,2.149,93.0,4.921824104234528,34,"(21, 34)"
2437,2438,2438,4812.0,1.0,10.369,2.849,93.0,3.639522639522639,34,"(21, 35)"
2438,2439,2439,4688.0,1.0,10.535,1.511,93.0,6.972203838517538,34,"(21, 36)"
2439,2440,2440,4688.0,1.0,10.535,1.511,93.0,6.972203838517538,34,"(21, 37)"
2440,2441,2441,4824.0,1.0,9.955,1.519,93.0,6.553653719552337,34,"(21, 36)"
2441,2442,2442,4824.0,1.0,9.955,1.519,93.0,6.553653719552337,34,"(21, 37)"
2442,2443,2443,163735.0,1.0,9.572,2.575,93.0,3.717281553398058,34,"(21, 38)"
2443,2444,2444,56148.0,1.0,9.126,2.275,93.0,4.011428571428572,34,"(21, 39)"
2444,2445,2445,4819.0,1.0,9.295,2.028,93.0,4.583333333333333,34,"(21, 38)"
2445,2446,2446,4702.0,1.0,7.985,1.792,93.0,4.455915178571429,34,"(21, 39)"
2446,2447,2447,4807.0,1.0,8.436,2.119,93.0,3.98112317130722,34,"(21, 40)"
2447,2448,2448,4699.0,1.0,8.63,1.795,93.0,4.807799442896936,34,"(21, 41)"
2448,2449,2449,4742.0,1.0,8.45,2.337,93.0,3.615746683782626,34,"(21, 40)"
2449,2450,2450,4694.0,1.0,8.415,3.156,93.0,2.666349809885931,34,"(21, 41)"
2450,2451,2451,253841.0,1.0,8.138,3.665,93.0,2.2204638472032743,34,"(21, 42)"
2451,2452,2452,4818.0,1.0,8.021,1.932,93.0,4.151656314699793,34,"(21, 43)"
2452,2453,2453,4800.0,1.0,7.524,2.935,93.0,2.563543441226576,34,"(21, 42)"
2453,2454,2454,4809.0,1.0,7.515,2.953,93.0,2.5448696241110733,34,"(21, 43)"
2454,2455,2455,4826.0,1.0,7.645,3.481,93.0,2.196207986210859,34,"(21, 44)"
2455,2456,2456,4810.0,1.0,6.998,1.619,93.0,4.322421247683756,34,"(21, 45)"
2456,2457,2457,4820.0,1.0,7.488,1.645,93.0,4.551975683890578,34,"(21, 44)"
2457,2458,2458,4814.0,1.0,7.182,2.105,93.0,3.4118764845605702,34,"(21, 45)"
2458,2459,2459,4799.0,1.0,7.194,1.943,93.0,3.702521873391662,34,"(21, 46)"
2459,2460,2460,4747.0,1.0,6.8,2.97,93.0,2.2895622895622894,34,"(21, 47)"
2460,2461,2461,107811.0,1.0,6.632,3.27,93.0,2.028134556574924,34,"(21, 46)"
2461,2462,2462,107811.0,1.0,6.632,3.27,93.0,2.028134556574924,34,"(21, 47)"
2462,2463,2463,4765.0,1.0,6.46,3.725,93.0,1.734228187919463,34,"(21, 48)"
2463,2464,2464,4745.0,1.0,6.524,3.425,93.0,1.9048175182481752,34,"(21, 49)"
2464,2465,2465,4816.0,1.0,6.166,2.906,93.0,2.1218169304886443,34,"(21, 48)"
2465,2466,2466,229867.0,1.0,6.231,3.085,93.0,2.019773095623987,34,"(21, 49)"
2466,2467,2467,4817.0,1.0,5.91,2.684,93.0,2.20193740685544,34,"(21, 50)"
2467,2468,2468,4743.0,1.0,6.036,2.852,93.0,2.1164095371669003,34,"(21, 51)"
2468,2469,2469,4808.0,1.0,5.533,3.133,93.0,1.7660389403127994,34,"(21, 50)"
2469,2470,2470,4753.0,1.0,5.533,3.133,93.0,1.7660389403127994,34,"(21, 51)"
2470,2471,2471,4739.0,1.0,5.388,2.256,93.0,2.388297872340426,34,"(21, 52)"
2471,2472,2472,4746.0,1.0,5.432,2.338,93.0,2.3233532934131738,34,"(21, 53)"
2472,2473,2473,4802.0,1.0,5.136,3.217,93.0,1.596518495492695,34,"(21, 52)"
2473,2474,2474,4744.0,1.0,4.814,2.854,93.0,1.6867554309740715,34,"(21, 53)"
2474,2475,2475,4813.0,1.0,4.776,2.12,93.0,2.252830188679245,34,"(21, 54)"
2475,2476,2476,4749.0,1.0,4.417,2.637,93.0,1.6750094804702311,34,"(21, 55)"
2476,2477,2477,4750.0,1.0,4.174,1.726,93.0,2.4183082271147165,34,"(21, 54)"
2477,2478,2478,4828.0,1.0,3.998,1.998,93.0,2.001001001001001,34,"(21, 55)"
2478,2479,2479,204498.0,1.0,4.043,3.205,93.0,1.2614664586583464,34,"(21, 56)"
2479,2480,2480,4798.0,1.0,3.702,1.988,93.0,1.862173038229376,34,"(21, 57)"
2480,2481,2481,4805.0,1.0,3.727,3.086,93.0,1.2077122488658458,34,"(21, 56)"
2481,2482,2482,4827.0,1.0,3.727,3.201,93.0,1.1643236488597313,34,"(21, 57)"
2482,2483,2483,4821.0,1.0,3.727,3.244,93.0,1.1488902589395806,34,"(21, 58)"
2483,2484,2484,4751.0,1.0,3.785,3.255,93.0,1.1628264208909371,34,"(21, 59)"
2484,2485,2485,4714.0,1.0,3.785,1.862,93.0,2.0327604726100965,34,"(21, 58)"
2485,2486,2486,4714.0,1.0,3.785,1.862,93.0,2.0327604726100965,34,"(21, 59)"
2486,2487,2487,4740.0,1.0,3.55,2.363,93.0,1.5023275497249258,34,"(21, 60)"
2487,2488,2488,4757.0,1.0,3.138,2.391,93.0,1.3124215809284818,34,"(21, 61)"
2488,2489,2489,4806.0,1.0,2.908,2.165,93.0,1.3431870669745958,34,"(21, 60)"
2489,2490,2490,4780.0,1.0,2.666,3.038,93.0,0.8775510204081632,34,"(21, 61)"
2490,2491,2491,4803.0,1.0,2.666,2.175,93.0,1.2257471264367816,35,"(22, 61)"
2491,2492,2492,4748.0,1.0,2.066,1.658,93.0,1.2460796139927623,35,"(22, 60)"
2492,2493,2493,4815.0,1.0,2.052,1.648,93.0,1.2451456310679612,35,"(22, 61)"
2493,2494,2494,,,,,,,35,"(22, 60)"
2494,2495,2495,,,,,,,35,"(22, 59)"
2495,2496,2496,,,,,,,35,"(22, 58)"
2496,2497,2497,38.0,1.0,15.8,2.342,15.0,6.746370623398804,35,"(22, 59)"
2497,2498,2498,6501.0,1.0,4.814,8.313,15.0,0.5790929868880067,35,"(22, 58)"
2498,2499,2499,6438.0,1.0,3.377,8.37,15.0,0.4034647550776583,35,"(22, 57)"
2499,2500,2500,6489.0,1.0,1.202,3.383,15.0,0.3553059414720662,35,"(22, 56)"
2500,2501,2501,134163.0,1.0,15.658,12.57,97.0,1.2456642800318218,35,"(22, 57)"
2501,2502,2502,4976.0,1.0,13.899,12.572,97.0,1.1055520203627107,35,"(22, 56)"
2502,2503,2503,5320.0,1.0,13.106,12.574,97.0,1.042309527596628,35,"(22, 55)"
2503,2504,2504,4736.0,1.0,10.597,7.517,97.0,1.40973792736464,35,"(22, 54)"
2504,2505,2505,115308.0,1.0,9.401,18.987,97.0,0.4951282456417549,35,"(22, 55)"
2505,2506,2506,5346.0,1.0,8.991,7.753,97.0,1.159680123823036,35,"(22, 54)"
2506,2507,2507,5340.0,1.0,8.32,7.336,97.0,1.1341330425299891,35,"(22, 53)"
2507,2508,2508,4970.0,1.0,8.68,7.428,97.0,1.1685514270328488,35,"(22, 52)"
2508,2509,2509,5137.0,1.0,7.798,4.832,97.0,1.6138245033112584,35,"(22, 53)"
2509,2510,2510,5249.0,1.0,8.018,5.386,97.0,1.4886743408837728,35,"(22, 52)"
2510,2511,2511,5134.0,1.0,7.526,12.576,97.0,0.5984414758269719,35,"(22, 51)"
2511,2512,2512,273352.0,1.0,6.042,8.801,97.0,0.6865128962617884,35,"(22, 50)"
2512,2513,2513,5315.0,1.0,6.396,12.577,97.0,0.508547348334261,35,"(22, 51)"
2513,2514,2514,5315.0,1.0,6.396,12.577,97.0,0.508547348334261,35,"(22, 50)"
2514,2515,2515,5301.0,1.0,6.184,4.856,97.0,1.2734761120263591,35,"(22, 49)"
2515,2516,2516,5072.0,1.0,6.184,4.495,97.0,1.375750834260289,35,"(22, 48)"
2516,2517,2517,5200.0,1.0,5.594,12.58,97.0,0.4446740858505564,35,"(22, 49)"
2517,2518,2518,5200.0,1.0,5.594,12.58,97.0,0.4446740858505564,35,"(22, 48)"
2518,2519,2519,91974.0,1.0,5.092,7.996,97.0,0.6368184092046022,35,"(22, 47)"
2519,2520,2520,244170.0,1.0,5.092,6.183,97.0,0.8235484392689633,35,"(22, 46)"
2520,2521,2521,5025.0,1.0,5.229,8.039,97.0,0.650454036571713,35,"(22, 47)"
2521,2522,2522,5357.0,1.0,5.229,12.587,97.0,0.4154286168268849,35,"(22, 46)"
2522,2523,2523,235193.0,1.0,5.432,9.641,97.0,0.5634270303910384,35,"(22, 45)"
2523,2524,2524,4782.0,1.0,5.179,6.96,97.0,0.7441091954022989,35,"(22, 44)"
2524,2525,2525,5345.0,1.0,4.857,19.485,97.0,0.2492686682063125,35,"(22, 45)"
2525,2526,2526,5221.0,1.0,4.415,12.588,97.0,0.3507308547823324,35,"(22, 44)"
2526,2527,2527,169488.0,1.0,4.59,12.589,97.0,0.3646040193820001,35,"(22, 43)"
2527,2528,2528,5070.0,1.0,4.505,6.297,97.0,0.715420041289503,35,"(22, 42)"
2528,2529,2529,5305.0,1.0,3.95,7.228,97.0,0.546485888212507,35,"(22, 43)"
2529,2530,2530,216020.0,1.0,4.043,7.396,97.0,0.5466468361276365,35,"(22, 42)"
2530,2531,2531,5024.0,1.0,3.287,5.71,97.0,0.5756567425569177,35,"(22, 41)"
2531,2532,2532,5312.0,1.0,3.415,6.766,97.0,0.504729530002956,35,"(22, 40)"
2532,2533,2533,5100.0,1.0,3.142,12.592,97.0,0.2495235069885641,35,"(22, 41)"
2533,2534,2534,5280.0,1.0,2.964,12.726,97.0,0.2329090051862329,35,"(22, 40)"
2534,2535,2535,5004.0,1.0,3.063,12.593,97.0,0.2432303660763916,35,"(22, 39)"
2535,2536,2536,5054.0,1.0,2.698,5.164,97.0,0.5224632068164214,35,"(22, 38)"
2536,2537,2537,5326.0,1.0,2.791,1.799,97.0,1.5514174541411896,35,"(22, 39)"
2537,2538,2538,5255.0,1.0,2.621,5.656,97.0,0.4634016973125884,35,"(22, 38)"
2538,2539,2539,5480.0,1.0,0.794,1.727,97.0,0.4597568037058483,35,"(22, 37)"
2539,2540,2540,,,,,,,35,"(22, 36)"
2540,2541,2541,,,,,,,35,"(22, 37)"
2541,2542,2542,2582.0,1.0,12.855,12.599,58.0,1.020319072942297,35,"(22, 36)"
2542,2543,2543,2624.0,1.0,12.855,4.995,58.0,2.5735735735735736,35,"(22, 35)"
2543,2544,2544,2638.0,1.0,12.952,14.313,58.0,0.9049116188080766,35,"(22, 34)"
2544,2545,2545,2578.0,1.0,13.309,12.601,58.0,1.056186016982779,35,"(22, 35)"
2545,2546,2546,2596.0,1.0,13.25,13.786,58.0,0.9611199767880458,35,"(22, 34)"
2546,2547,2547,2621.0,1.0,12.003,12.913,58.0,0.9295283822504452,35,"(22, 33)"
2547,2548,2548,2595.0,1.0,12.003,13.05,58.0,0.9197701149425288,35,"(22, 32)"
2548,2549,2549,2612.0,1.0,13.144,12.925,58.0,1.016943907156673,35,"(22, 33)"
2549,2550,2550,2601.0,1.0,13.11,14.373,58.0,0.9121269046128156,35,"(22, 32)"
2550,2551,2551,2644.0,1.0,13.11,8.219,58.0,1.5950845601654704,35,"(22, 31)"
2551,2552,2552,2634.0,1.0,11.155,6.048,58.0,1.844411375661376,35,"(22, 31)"
2552,2553,2553,5592.0,2.0,2.832,4.828,102.0,0.5865782932891466,35,"(22, 27)"
2553,2554,2554,5587.0,2.0,27.0,6.363,102.0,4.243281471004243,35,"(22, 26)"
2554,2555,2555,5585.0,2.0,0.591,1.293,102.0,0.45707656612529,35,"(22, 27)"
2555,2556,2556,5588.0,2.0,0.601,2.277,102.0,0.2639437856829161,35,"(22, 26)"
2556,2557,2557,4770.0,2.0,9.518,2.202,93.0,4.322434150772025,35,"(22, 25)"
2557,2558,2558,4773.0,2.0,9.628,2.641,93.0,3.645588792124196,35,"(22, 24)"
2558,2559,2559,4774.0,2.0,9.523,2.075,93.0,4.589397590361445,35,"(22, 25)"
2559,2560,2560,4774.0,2.0,9.523,2.075,93.0,4.589397590361445,35,"(22, 24)"
2560,2561,2561,4768.0,2.0,7.985,3.087,93.0,2.5866537091026887,35,"(22, 23)"
2561,2562,2562,4768.0,2.0,7.985,3.087,93.0,2.5866537091026887,35,"(22, 22)"
2562,2563,2563,4764.0,2.0,8.436,1.95,93.0,4.326153846153846,35,"(22, 23)"
2563,2564,2564,4764.0,2.0,8.436,1.95,93.0,4.326153846153846,35,"(22, 22)"
2564,2565,2565,4771.0,2.0,7.284,1.626,93.0,4.479704797047971,35,"(22, 21)"
2565,2566,2566,4756.0,2.0,7.094,1.625,93.0,4.365538461538462,35,"(22, 20)"
2566,2567,2567,4762.0,2.0,7.069,2.763,93.0,2.558450959102425,35,"(22, 21)"
2567,2568,2568,4772.0,2.0,6.798,2.573,93.0,2.6420520792848814,35,"(22, 20)"
2568,2569,2569,4759.0,2.0,5.91,3.183,93.0,1.8567389255419413,35,"(22, 19)"
2569,2570,2570,4779.0,2.0,5.616,3.294,93.0,1.7049180327868851,35,"(22, 18)"
2570,2571,2571,4775.0,2.0,6.036,2.685,93.0,2.24804469273743,35,"(22, 19)"
2571,2572,2572,4775.0,2.0,6.036,2.685,93.0,2.24804469273743,35,"(22, 18)"
2572,2573,2573,4769.0,2.0,5.388,2.976,93.0,1.810483870967742,35,"(22, 17)"
2573,2574,2574,4769.0,2.0,5.388,2.976,93.0,1.810483870967742,35,"(22, 16)"
2574,2575,2575,4754.0,2.0,5.229,2.41,93.0,2.169709543568465,35,"(22, 17)"
2575,2576,2576,4767.0,2.0,4.883,2.811,93.0,1.737104233368908,35,"(22, 16)"
2576,2577,2577,4766.0,2.0,4.009,2.103,93.0,1.9063242986210176,35,"(22, 15)"
2577,2578,2578,4755.0,2.0,3.855,1.651,93.0,2.3349485160508783,35,"(22, 14)"
2578,2579,2579,4778.0,2.0,3.702,1.802,93.0,2.0543840177580464,35,"(22, 15)"
2579,2580,2580,295473.0,2.0,3.165,2.782,93.0,1.1376707404744788,35,"(22, 14)"
2580,2581,2581,4777.0,2.0,3.063,1.803,93.0,1.698835274542429,35,"(22, 13)"
2581,2582,2582,4758.0,2.0,2.799,2.205,93.0,1.2693877551020407,35,"(22, 12)"
2582,2583,2583,4760.0,2.0,2.791,1.876,93.0,1.4877398720682302,35,"(22, 13)"
2583,2584,2584,4761.0,2.0,2.718,1.955,93.0,1.3902813299232737,35,"(22, 12)"
2584,2585,2585,4763.0,2.0,2.449,2.501,93.0,0.9792083166733306,35,"(22, 11)"
2585,2586,2586,4752.0,2.0,2.37,2.058,93.0,1.1516034985422745,35,"(22, 10)"
2586,2587,2587,5362.0,2.0,7.494,9.893,97.0,0.7575053067825734,35,"(22, 11)"
2587,2588,2588,2625.0,1.0,10.792,5.126,58.0,2.1053452984783454,35,"(22, 10)"
2588,2589,2589,248565.0,2.0,5.136,7.288,97.0,0.7047200878155873,35,"(22, 9)"
2589,2590,2590,248565.0,2.0,5.136,7.288,97.0,0.7047200878155873,35,"(22, 8)"
2590,2591,2591,2594.0,1.0,10.597,5.454,58.0,1.942977631096443,35,"(22, 9)"
2591,2592,2592,2594.0,1.0,10.597,5.454,58.0,1.942977631096443,35,"(22, 8)"
2592,2593,2593,2615.0,1.0,10.419,6.149,58.0,1.694421857212555,35,"(22, 7)"
2593,2594,2594,2647.0,1.0,10.728,4.897,58.0,2.190729017765979,35,"(22, 6)"
2594,2595,2595,2590.0,1.0,9.582,13.536,58.0,0.7078900709219859,35,"(22, 7)"
2595,2596,2596,2961.0,1.0,9.582,13.536,58.0,0.7078900709219859,35,"(22, 6)"
2596,2597,2597,2607.0,1.0,8.955,12.602,58.0,0.7106014918266942,35,"(22, 5)"
2597,2598,2598,3015.0,1.0,8.883,13.49,58.0,0.6584877687175685,35,"(22, 4)"
2598,2599,2599,2640.0,1.0,8.948,12.603,58.0,0.709989684995636,35,"(22, 5)"
2599,2600,2600,2637.0,1.0,8.909,12.604,58.0,0.7068390986988259,35,"(22, 4)"
2600,2601,2601,2600.0,1.0,9.523,13.119,58.0,0.7258937419010595,35,"(22, 3)"
2601,2602,2602,2583.0,1.0,30.0,4.93,58.0,6.085192697768763,35,"(22, 2)"
2602,2603,2603,2642.0,1.0,9.276,6.299,58.0,1.47261470074615,35,"(22, 3)"
2603,2604,2604,2622.0,1.0,8.32,14.052,58.0,0.592086535724452,35,"(22, 2)"
2604,2605,2605,117112.0,1.0,7.143,4.376,58.0,1.6323126142595976,36,"(23, 2)"
2605,2606,2606,2620.0,1.0,6.818,12.605,58.0,0.5408964696548988,36,"(23, 3)"
2606,2607,2607,2960.0,1.0,6.374,4.072,58.0,1.5653241650294694,36,"(23, 2)"
2607,2608,2608,2627.0,1.0,6.29,5.235,58.0,1.20152817574021,36,"(23, 3)"
2608,2609,2609,2587.0,1.0,6.297,4.833,58.0,1.302917442582247,36,"(23, 4)"
2609,2610,2610,2588.0,1.0,6.672,4.569,58.0,1.4602757715036112,36,"(23, 5)"
2610,2611,2611,7347.0,1.0,6.165,5.971,58.0,1.0324903701222576,36,"(23, 4)"
2611,2612,2612,2632.0,1.0,6.713,4.691,58.0,1.4310381581752292,36,"(23, 5)"
2612,2613,2613,2603.0,1.0,6.713,5.137,58.0,1.3067938485497372,36,"(23, 6)"
2613,2614,2614,174738.0,1.0,6.713,5.777,58.0,1.1620218106283535,36,"(23, 7)"
2614,2615,2615,2572.0,1.0,6.632,4.729,58.0,1.4024106576443225,36,"(23, 6)"
2615,2616,2616,2584.0,1.0,6.167,4.847,58.0,1.2723334021043944,36,"(23, 7)"
2616,2617,2617,2597.0,1.0,6.167,4.504,58.0,1.369227353463588,36,"(23, 8)"
2617,2618,2618,2579.0,1.0,6.168,5.05,58.0,1.2213861386138614,36,"(23, 9)"
2618,2619,2619,2619.0,1.0,6.168,4.434,58.0,1.3910690121786198,36,"(23, 8)"
2619,2620,2620,2616.0,1.0,6.46,12.607,58.0,0.512413738399302,36,"(23, 9)"
2620,2621,2621,2639.0,1.0,6.194,12.72,58.0,0.4869496855345911,36,"(23, 11)"
2621,2622,2622,2630.0,1.0,6.325,12.608,58.0,0.5016656091370558,36,"(23, 10)"
2622,2623,2623,2606.0,1.0,6.579,12.609,58.0,0.5217701641684511,36,"(23, 11)"
2623,2624,2624,2592.0,1.0,5.91,13.085,58.0,0.4516622086358425,36,"(23, 12)"
2624,2625,2625,2576.0,1.0,5.616,12.058,58.0,0.4657488804113451,36,"(23, 13)"
2625,2626,2626,2574.0,1.0,5.616,12.058,58.0,0.4657488804113451,36,"(23, 12)"
2626,2627,2627,2645.0,1.0,5.681,12.611,58.0,0.4504797399096027,36,"(23, 13)"
2627,2628,2628,2581.0,1.0,5.533,3.526,58.0,1.56920022688599,36,"(23, 14)"
2628,2629,2629,2617.0,1.0,4.495,13.226,58.0,0.3398608800846817,36,"(23, 15)"
2629,2630,2630,2605.0,1.0,4.495,13.38,58.0,0.335949177877429,36,"(23, 14)"
2630,2631,2631,2646.0,1.0,4.415,12.721,58.0,0.347063910069963,36,"(23, 15)"
2631,2632,2632,2609.0,1.0,4.415,14.089,58.0,0.3133650365533394,36,"(23, 16)"
2632,2633,2633,2577.0,1.0,4.501,12.612,58.0,0.3568823342848081,36,"(23, 17)"
2633,2634,2634,2635.0,1.0,4.305,12.862,58.0,0.3347068885087855,36,"(23, 16)"
2634,2635,2635,2575.0,1.0,4.305,12.744,58.0,0.3378060263653484,36,"(23, 17)"
2635,2636,2636,2623.0,1.0,4.34,13.548,58.0,0.3203424859757898,36,"(23, 18)"
2636,2637,2637,2643.0,1.0,4.161,13.974,58.0,0.2977672820953198,36,"(23, 19)"
2637,2638,2638,2959.0,1.0,4.161,13.879,58.0,0.2998054614885798,36,"(23, 18)"
2638,2639,2639,2591.0,1.0,4.161,13.763,58.0,0.3023323403327763,36,"(23, 19)"
2639,2640,2640,2610.0,1.0,4.043,13.339,58.0,0.3030961841217482,36,"(23, 20)"
2640,2641,2641,2599.0,1.0,28.0,13.381,58.0,2.092519243703759,36,"(23, 21)"
2641,2642,2642,2618.0,1.0,3.547,13.074,58.0,0.2713018204069145,36,"(23, 20)"
2642,2643,2643,2975.0,1.0,3.377,12.613,58.0,0.2677396337112503,36,"(23, 21)"
2643,2644,2644,2573.0,1.0,3.313,11.86,58.0,0.2793423271500843,36,"(23, 22)"
2644,2645,2645,157413.0,1.0,3.313,12.615,58.0,0.2626238604835513,36,"(23, 23)"
2645,2646,2646,2976.0,1.0,3.415,13.835,58.0,0.2468377303939284,36,"(23, 22)"
2646,2647,2647,2602.0,1.0,3.415,5.511,58.0,0.6196697514062783,36,"(23, 23)"
2647,2648,2648,2593.0,1.0,3.336,13.599,58.0,0.2453121553055371,36,"(23, 24)"
2648,2649,2649,2589.0,1.0,3.145,3.872,58.0,0.8122417355371901,36,"(23, 25)"
2649,2650,2650,2631.0,1.0,3.161,13.311,58.0,0.2374727668845316,36,"(23, 24)"
2650,2651,2651,2585.0,1.0,3.138,13.34,58.0,0.2352323838080959,36,"(23, 25)"
2651,2652,2652,2598.0,1.0,3.138,13.574,58.0,0.2311772506261971,36,"(23, 26)"
2652,2653,2653,2629.0,1.0,2.567,1.999,58.0,1.2841420710355178,36,"(23, 27)"
2653,2654,2654,2633.0,1.0,2.341,14.792,58.0,0.1582612222823148,36,"(23, 26)"
2654,2655,2655,2614.0,1.0,2.28,13.836,58.0,0.1647875108412836,36,"(23, 27)"
2655,2656,2656,,,,,,,36,"(23, 31)"
2656,2657,2657,2604.0,1.0,1.931,13.901,58.0,0.1389108697216027,36,"(23, 31)"
2657,2658,2658,218022.0,1.0,1.821,11.974,58.0,0.1520795055954568,36,"(23, 33)"
2658,2659,2659,2626.0,1.0,1.125,6.2,58.0,0.1814516129032258,36,"(23, 32)"
2659,2660,2660,2613.0,1.0,1.117,5.871,58.0,0.1902571963890308,36,"(23, 33)"
2660,2661,2661,,,,,,,36,"(23, 34)"
2661,2662,2662,,,,,,,36,"(23, 35)"
2662,2663,2663,,,,,,,36,"(23, 34)"
2663,2664,2664,2296.0,1.0,12.382,12.617,52.0,0.9813743362130458,36,"(23, 35)"
2664,2665,2665,2297.0,1.0,13.144,12.619,52.0,1.0416039305808702,36,"(23, 36)"
2665,2666,2666,2287.0,1.0,11.88,12.62,52.0,0.9413629160063391,36,"(23, 37)"
2666,2667,2667,2291.0,1.0,12.035,12.623,52.0,0.953418363305078,36,"(23, 36)"
2667,2668,2668,2289.0,1.0,7.985,8.809,52.0,0.9064593029855832,36,"(23, 37)"
2668,2669,2669,2298.0,1.0,6.444,12.624,52.0,0.5104562737642585,36,"(23, 38)"
2669,2670,2670,2288.0,1.0,4.161,9.14,52.0,0.4552516411378555,36,"(23, 39)"
2670,2671,2671,,,,,,,36,"(23, 38)"
2671,2672,2672,250.0,1.0,13.699,6.145,17.0,2.229292107404394,36,"(23, 39)"
2672,2673,2673,228.0,1.0,13.921,9.45,17.0,1.4731216931216933,36,"(23, 40)"
2673,2674,2674,190.0,1.0,13.257,9.593,17.0,1.3819451683519233,36,"(23, 41)"
2674,2675,2675,242.0,1.0,13.285,9.163,17.0,1.4498526683400632,36,"(23, 40)"
2675,2676,2676,237806.0,1.0,13.061,7.113,17.0,1.8362153802896104,36,"(23, 41)"
2676,2677,2677,230.0,1.0,11.771,12.626,17.0,0.9322825914779028,36,"(23, 42)"
2677,2678,2678,197.0,1.0,12.107,9.564,17.0,1.265892931827687,36,"(23, 43)"
2678,2679,2679,148.0,1.0,11.744,7.087,17.0,1.657118667983632,36,"(23, 42)"
2679,2680,2680,278.0,1.0,11.744,8.797,17.0,1.3350005683755826,36,"(23, 43)"
2680,2681,2681,248.0,1.0,11.793,8.193,17.0,1.4393994873672646,36,"(23, 44)"
2681,2682,2682,184.0,1.0,10.028,6.432,17.0,1.5590796019900497,36,"(23, 45)"
2682,2683,2683,351.0,1.0,10.917,7.592,17.0,1.4379610115911483,36,"(23, 44)"
2683,2684,2684,147.0,1.0,10.213,8.614,17.0,1.185628047364755,36,"(23, 45)"
2684,2685,2685,159.0,1.0,10.335,6.843,17.0,1.5103024989039897,36,"(23, 46)"
2685,2686,2686,159.0,1.0,10.335,6.843,17.0,1.5103024989039897,36,"(23, 47)"
2686,2687,2687,359.0,1.0,10.369,6.091,17.0,1.7023477261533408,36,"(23, 46)"
2687,2688,2688,185.0,1.0,9.794,8.587,17.0,1.140561313613602,36,"(23, 47)"
2688,2689,2689,358.0,1.0,9.603,6.481,17.0,1.4817157846011415,36,"(23, 48)"
2689,2690,2690,225.0,1.0,9.603,6.943,17.0,1.3831196888952904,36,"(23, 49)"
2690,2691,2691,199.0,1.0,9.071,6.77,17.0,1.3398818316100445,36,"(23, 48)"
2691,2692,2692,255.0,1.0,9.039,8.973,17.0,1.007355399531929,36,"(23, 49)"
2692,2693,2693,195.0,1.0,8.948,6.877,17.0,1.3011487567253164,36,"(23, 50)"
2693,2694,2694,364.0,1.0,8.909,5.923,17.0,1.5041364173560696,36,"(23, 51)"
2694,2695,2695,162.0,1.0,9.523,7.153,17.0,1.331329512092828,36,"(23, 50)"
2695,2696,2696,206.0,1.0,9.523,6.823,17.0,1.3957203576139527,36,"(23, 51)"
2696,2697,2697,212.0,1.0,9.523,6.212,17.0,1.5330006439150032,36,"(23, 52)"
2697,2698,2698,213.0,1.0,9.523,8.565,17.0,1.1118505545826036,36,"(23, 53)"
2698,2699,2699,177.0,1.0,8.904,7.322,17.0,1.216061185468451,36,"(23, 52)"
2699,2700,2700,152.0,1.0,8.904,7.322,17.0,1.216061185468451,36,"(23, 53)"
2700,2701,2701,287.0,1.0,8.78,7.781,17.0,1.1283896671379,36,"(23, 54)"
2701,2702,2702,245.0,1.0,8.78,6.724,17.0,1.3057703747769185,36,"(23, 54)"
2702,2703,2703,207.0,1.0,8.78,6.858,17.0,1.2802566345873432,36,"(23, 55)"
2703,2704,2704,233.0,1.0,9.138,8.49,17.0,1.0763250883392226,36,"(23, 56)"
2704,2705,2705,210.0,1.0,9.138,6.433,17.0,1.4204881081921343,36,"(23, 57)"
2705,2706,2706,354.0,1.0,9.138,6.389,17.0,1.4302707778995147,36,"(23, 56)"
2706,2707,2707,215.0,1.0,30.0,6.371,17.0,4.708836917281431,36,"(23, 57)"
2707,2708,2708,158.0,1.0,30.0,6.697,17.0,4.479617739286248,36,"(23, 58)"
2708,2709,2709,220.0,1.0,30.0,6.567,17.0,4.568296025582458,36,"(23, 59)"
2709,2710,2710,311.0,1.0,9.405,6.419,17.0,1.465181492444306,36,"(23, 58)"
2710,2711,2711,218.0,1.0,9.405,6.209,17.0,1.5147366725720728,36,"(23, 59)"
2711,2712,2712,165.0,1.0,9.405,5.889,17.0,1.5970453387671928,36,"(23, 60)"
2712,2713,2713,290.0,1.0,9.318,6.538,17.0,1.4252064851636586,36,"(23, 61)"
2713,2714,2714,223.0,1.0,8.738,8.08,17.0,1.0814356435643564,36,"(23, 60)"
2714,2715,2715,322.0,1.0,8.927,7.537,17.0,1.1844235106806422,36,"(23, 61)"
2715,2716,2716,164.0,1.0,8.503,5.443,17.0,1.562189968767224,37,"(24, 61)"
2716,2717,2717,183.0,1.0,8.503,5.84,17.0,1.4559931506849315,37,"(24, 60)"
2717,2718,2718,181.0,1.0,8.739,9.406,17.0,0.929087816287476,37,"(24, 61)"
2718,2719,2719,192.0,1.0,8.596,8.636,17.0,0.9953682260305698,37,"(24, 60)"
2719,2720,2720,180.0,1.0,8.596,8.924,17.0,0.9632451815329448,37,"(24, 59)"
2720,2721,2721,280.0,1.0,7.814,7.162,17.0,1.0910360234571348,37,"(24, 58)"
2721,2722,2722,166.0,1.0,7.814,7.388,17.0,1.0576610720086628,37,"(24, 59)"
2722,2723,2723,226.0,1.0,7.45,7.131,17.0,1.0447342588697237,37,"(24, 58)"
2723,2724,2724,342.0,1.0,7.45,7.429,17.0,1.0028267599946157,37,"(24, 57)"
2724,2725,2725,175.0,1.0,7.532,7.331,17.0,1.0274178147592414,37,"(24, 56)"
2725,2726,2726,161.0,1.0,7.364,6.851,17.0,1.0748795796234123,37,"(24, 57)"
2726,2727,2727,361.0,1.0,6.995,6.626,17.0,1.0556897072140057,37,"(24, 56)"
2727,2728,2728,299.0,1.0,7.182,7.738,17.0,0.9281468079607134,37,"(24, 55)"
2728,2729,2729,229.0,1.0,6.892,7.719,17.0,0.8928617696592823,37,"(24, 54)"
2729,2730,2730,235.0,1.0,7.094,4.042,17.0,1.7550717466600694,37,"(24, 55)"
2730,2731,2731,241.0,1.0,7.143,7.713,17.0,0.926098794243485,37,"(24, 54)"
2731,2732,2732,240.0,1.0,7.143,9.057,17.0,0.7886717456111294,37,"(24, 53)"
2732,2733,2733,264.0,1.0,6.842,7.488,17.0,0.9137286324786325,37,"(24, 52)"
2733,2734,2734,205.0,1.0,6.8,8.121,17.0,0.8373353035340475,37,"(24, 53)"
2734,2735,2735,216.0,1.0,6.844,8.414,17.0,0.813406227715712,37,"(24, 52)"
2735,2736,2736,230201.0,1.0,6.902,8.075,17.0,0.8547368421052632,37,"(24, 51)"
2736,2737,2737,150.0,1.0,6.902,7.005,17.0,0.9852962169878658,37,"(24, 50)"
2737,2738,2738,153.0,1.0,6.902,7.444,17.0,0.9271896829661472,37,"(24, 51)"
2738,2739,2739,214.0,1.0,6.374,7.603,17.0,0.8383532815993686,37,"(24, 50)"
2739,2740,2740,324.0,1.0,6.168,6.8,17.0,0.9070588235294118,37,"(24, 49)"
2740,2741,2741,182.0,1.0,6.485,6.582,17.0,0.985262838043148,37,"(24, 48)"
2741,2742,2742,362.0,1.0,6.485,6.372,17.0,1.0177338355304455,37,"(24, 49)"
2742,2743,2743,201.0,1.0,6.184,7.903,17.0,0.782487662912818,37,"(24, 48)"
2743,2744,2744,157.0,1.0,5.795,6.454,17.0,0.8978927796715216,37,"(24, 47)"
2744,2745,2745,363.0,1.0,6.231,6.478,17.0,0.9618709478234024,37,"(24, 46)"
2745,2746,2746,332.0,1.0,5.804,6.496,17.0,0.8934729064039408,37,"(24, 47)"
2746,2747,2747,169.0,1.0,5.738,6.234,17.0,0.920436316971447,37,"(24, 46)"
2747,2748,2748,208.0,1.0,5.681,5.344,17.0,1.0630613772455089,37,"(24, 45)"
2748,2749,2749,203.0,1.0,5.775,4.863,17.0,1.187538556446638,37,"(24, 44)"
2749,2750,2750,187.0,1.0,5.832,5.189,17.0,1.1239159761032953,37,"(24, 45)"
2750,2751,2751,312.0,1.0,5.832,5.355,17.0,1.0890756302521007,37,"(24, 44)"
2751,2752,2752,194.0,1.0,5.676,5.167,17.0,1.098509773562996,37,"(24, 43)"
2752,2753,2753,224.0,1.0,5.277,7.015,17.0,0.7522451888809694,37,"(24, 42)"
2753,2754,2754,204.0,1.0,5.277,6.434,17.0,0.8201740752253652,37,"(24, 43)"
2754,2755,2755,292.0,1.0,5.32,9.101,17.0,0.5845511482254697,37,"(24, 42)"
2755,2756,2756,239.0,1.0,4.874,7.616,17.0,0.6399684873949579,37,"(24, 41)"
2756,2757,2757,219.0,1.0,4.874,7.384,17.0,0.6600758396533044,37,"(24, 40)"
2757,2758,2758,196.0,1.0,4.776,7.303,17.0,0.6539778173353417,37,"(24, 41)"
2758,2759,2759,234.0,1.0,4.426,7.096,17.0,0.6237316798196167,37,"(24, 40)"
2759,2760,2760,355.0,1.0,4.401,5.848,17.0,0.7525649794801641,37,"(24, 39)"
2760,2761,2761,202.0,1.0,4.199,6.126,17.0,0.6854391119817173,37,"(24, 38)"
2761,2762,2762,353.0,1.0,28.0,7.229,17.0,3.873288144971642,37,"(24, 39)"
2762,2763,2763,353.0,1.0,28.0,7.229,17.0,3.873288144971642,37,"(24, 38)"
2763,2764,2764,279.0,1.0,28.0,5.401,17.0,5.184225143491946,37,"(24, 37)"
2764,2765,2765,154.0,1.0,3.752,5.086,17.0,0.7377113645300825,37,"(24, 36)"
2765,2766,2766,346.0,1.0,3.752,5.192,17.0,0.7226502311248073,37,"(24, 37)"
2766,2767,2767,155.0,1.0,3.879,4.915,17.0,0.7892166836215666,37,"(24, 36)"
2767,2768,2768,357.0,1.0,3.812,7.789,17.0,0.4894081396841699,37,"(24, 35)"
2768,2769,2769,237.0,1.0,3.812,5.608,17.0,0.6797432239657633,37,"(24, 34)"
2769,2770,2770,163.0,1.0,3.812,5.608,17.0,0.6797432239657633,37,"(24, 35)"
2770,2771,2771,246.0,1.0,3.812,5.646,17.0,0.6751682607155508,37,"(24, 34)"
2771,2772,2772,295.0,1.0,3.782,8.17,17.0,0.4629130966952264,37,"(24, 33)"
2772,2773,2773,156.0,1.0,3.558,5.142,17.0,0.6919486581096849,37,"(24, 32)"
2773,2774,2774,174.0,1.0,3.558,4.429,17.0,0.8033416121020546,37,"(24, 33)"
2774,2775,2775,254.0,1.0,3.608,5.251,17.0,0.6871072176728242,37,"(24, 32)"
2775,2776,2776,173.0,1.0,3.727,6.262,17.0,0.5951772596614501,37,"(24, 31)"
2776,2777,2777,189.0,1.0,3.654,4.249,17.0,0.8599670510708403,37,"(24, 31)"
2777,2778,2778,3002.0,2.0,13.368,9.562,58.0,1.3980338841246602,37,"(24, 27)"
2778,2779,2779,3004.0,2.0,13.34,14.392,58.0,0.9269038354641468,37,"(24, 26)"
2779,2780,2780,68115.0,2.0,13.309,12.692,58.0,1.0486132997163566,37,"(24, 27)"
2780,2781,2781,290452.0,2.0,13.309,14.073,58.0,0.9457116464151212,37,"(24, 26)"
2781,2782,2782,2982.0,2.0,12.035,13.014,58.0,0.9247733210388812,37,"(24, 25)"
2782,2783,2783,2999.0,2.0,9.582,13.536,58.0,0.7078900709219859,37,"(24, 24)"
2783,2784,2784,2988.0,2.0,8.909,13.035,58.0,0.6834675872650556,37,"(24, 25)"
2784,2785,2785,3013.0,2.0,8.78,13.582,58.0,0.6464438227065232,37,"(24, 24)"
2785,2786,2786,99762.0,2.0,7.143,4.376,58.0,1.6323126142595976,37,"(24, 23)"
2786,2787,2787,61806.0,2.0,6.842,4.282,58.0,1.597851471275105,37,"(24, 22)"
2787,2788,2788,2987.0,2.0,6.604,12.627,58.0,0.5230062564346242,37,"(24, 23)"
2788,2789,2789,3007.0,2.0,6.652,3.915,58.0,1.6991060025542783,37,"(24, 22)"
2789,2790,2790,2970.0,2.0,6.396,8.89,58.0,0.7194600674915635,37,"(24, 21)"
2790,2791,2791,2995.0,2.0,6.444,4.779,58.0,1.3483992467043315,37,"(24, 20)"
2791,2792,2792,2989.0,2.0,6.165,4.458,58.0,1.382907133243607,37,"(24, 21)"
2792,2793,2793,3001.0,2.0,6.427,7.593,58.0,0.8464375082312656,37,"(24, 20)"
2793,2794,2794,2983.0,2.0,6.632,5.93,58.0,1.118381112984823,37,"(24, 19)"
2794,2795,2795,2997.0,2.0,6.168,4.938,58.0,1.2490886998784934,37,"(24, 18)"
2795,2796,2796,2981.0,2.0,6.168,5.928,58.0,1.040485829959514,37,"(24, 19)"
2796,2797,2797,2985.0,2.0,6.168,8.995,58.0,0.6857142857142858,37,"(24, 18)"
2797,2798,2798,51383.0,2.0,6.46,12.628,58.0,0.5115616091225847,37,"(24, 17)"
2798,2799,2799,2993.0,2.0,6.325,12.678,58.0,0.498895724877741,37,"(24, 16)"
2799,2800,2800,2986.0,2.0,5.616,12.058,58.0,0.4657488804113451,37,"(24, 17)"
2800,2801,2801,2991.0,2.0,5.533,3.646,58.0,1.5175534832693365,37,"(24, 16)"
2801,2802,2802,2641.0,2.0,4.501,12.612,58.0,0.3568823342848081,37,"(24, 15)"
2802,2803,2803,3009.0,2.0,4.501,13.341,58.0,0.3373810059215951,37,"(24, 14)"
2803,2804,2804,2994.0,2.0,4.38,2.563,58.0,1.708934841982052,37,"(24, 15)"
2804,2805,2805,2972.0,2.0,4.38,12.866,58.0,0.3404321467433546,37,"(24, 14)"
2805,2806,2806,3006.0,2.0,4.34,13.484,58.0,0.3218629486799169,37,"(24, 13)"
2806,2807,2807,3000.0,2.0,4.34,13.512,58.0,0.3211959739490823,37,"(24, 12)"
2807,2808,2808,2998.0,2.0,4.161,13.115,58.0,0.3172703011818528,37,"(24, 13)"
2808,2809,2809,2968.0,2.0,4.161,13.879,58.0,0.2998054614885798,37,"(24, 12)"
2809,2810,2810,2958.0,2.0,4.161,12.914,58.0,0.3222084559392906,37,"(24, 11)"
2810,2811,2811,2966.0,2.0,3.998,13.326,58.0,0.30001500825454,37,"(24, 10)"
2811,2812,2812,2967.0,2.0,3.95,13.424,58.0,0.2942491060786651,37,"(24, 11)"
2812,2813,2813,3008.0,2.0,3.861,12.986,58.0,0.297320190974896,37,"(24, 10)"
2813,2814,2814,3012.0,2.0,3.88,7.913,58.0,0.490332364463541,37,"(24, 9)"
2814,2815,2815,3014.0,2.0,3.466,12.629,58.0,0.2744476997386966,37,"(24, 8)"
2815,2816,2816,288108.0,2.0,3.313,11.86,58.0,0.2793423271500843,37,"(24, 9)"
2816,2817,2817,70685.0,2.0,3.313,11.734,58.0,0.2823419123913414,37,"(24, 8)"
2817,2818,2818,2984.0,2.0,3.536,13.909,58.0,0.254223883816234,37,"(24, 7)"
2818,2819,2819,2963.0,2.0,3.287,12.746,58.0,0.2578848266122705,37,"(24, 6)"
2819,2820,2820,2973.0,2.0,3.415,13.82,58.0,0.2471056439942112,37,"(24, 7)"
2820,2821,2821,2977.0,2.0,3.398,13.131,58.0,0.2587769400654939,37,"(24, 6)"
2821,2822,2822,2996.0,2.0,3.142,6.564,58.0,0.4786715417428397,37,"(24, 5)"
2822,2823,2823,2980.0,2.0,3.161,13.382,58.0,0.236212823195337,37,"(24, 4)"
2823,2824,2824,2608.0,2.0,2.168,15.675,58.0,0.1383094098883572,37,"(24, 5)"
2824,2825,2825,2962.0,2.0,2.045,12.631,58.0,0.161903253899137,37,"(24, 4)"
2825,2826,2826,3016.0,2.0,27.0,13.042,58.0,2.070234626591014,37,"(24, 3)"
2826,2827,2827,2979.0,2.0,1.931,12.974,58.0,0.1488361338060737,37,"(24, 2)"
2827,2828,2828,3003.0,2.0,1.931,13.15,58.0,0.1468441064638783,37,"(24, 3)"
2828,2829,2829,2971.0,2.0,1.821,12.16,58.0,0.1497532894736842,37,"(24, 2)"
2829,2830,2830,2990.0,2.0,1.195,5.845,58.0,0.204448246364414,38,"(25, 2)"
2830,2831,2831,128333.0,2.0,1.195,5.96,58.0,0.200503355704698,38,"(25, 3)"
2831,2832,2832,194721.0,2.0,1.195,6.24,58.0,0.1915064102564102,38,"(25, 2)"
2832,2833,2833,2370.0,2.0,11.287,12.64,52.0,0.8929588607594937,38,"(25, 3)"
2833,2834,2834,2369.0,2.0,11.481,12.641,52.0,0.9082351079819636,38,"(25, 4)"
2834,2835,2835,2374.0,2.0,5.569,12.642,52.0,0.440515741180193,38,"(25, 5)"
2835,2836,2836,2377.0,2.0,5.587,12.644,52.0,0.4418696614995254,38,"(25, 4)"
2836,2837,2837,2365.0,2.0,5.229,13.929,52.0,0.3754038337281929,38,"(25, 5)"
2837,2838,2838,2368.0,2.0,4.272,9.851,52.0,0.4336615572023145,38,"(25, 6)"
2838,2839,2839,2367.0,2.0,3.313,8.005,52.0,0.4138663335415365,38,"(25, 7)"
2839,2840,2840,2366.0,2.0,3.138,4.026,52.0,0.7794336810730254,38,"(25, 6)"
2840,2841,2841,2373.0,2.0,3.055,12.645,52.0,0.2415974693554765,38,"(25, 7)"
2841,2842,2842,2376.0,2.0,3.162,3.887,52.0,0.8134808335477232,38,"(25, 8)"
2842,2843,2843,2371.0,2.0,2.91,13.43,52.0,0.2166790766939687,38,"(25, 9)"
2843,2844,2844,2363.0,2.0,3.063,3.733,52.0,0.8205196892579695,38,"(25, 8)"
2844,2845,2845,2362.0,2.0,2.543,3.361,52.0,0.7566200535554894,38,"(25, 9)"
2845,2846,2846,2364.0,2.0,2.527,3.227,52.0,0.7830802603036877,38,"(25, 10)"
2846,2847,2847,2375.0,2.0,1.805,3.054,52.0,0.5910281597904388,38,"(25, 11)"
2847,2848,2848,2372.0,2.0,0.707,1.456,52.0,0.4855769230769231,38,"(25, 10)"
2848,2849,2849,348.0,1.0,3.654,4.364,17.0,0.8373052245646196,38,"(25, 11)"
2849,2850,2850,160.0,1.0,3.654,4.344,17.0,0.8411602209944751,38,"(25, 12)"
2850,2851,2851,310.0,1.0,3.654,4.249,17.0,0.8599670510708403,38,"(25, 13)"
2851,2852,2852,270.0,1.0,3.55,5.101,17.0,0.6959419721623211,38,"(25, 12)"
2852,2853,2853,209.0,1.0,3.547,4.417,17.0,0.803033733303147,38,"(25, 13)"
2853,2854,2854,236.0,1.0,3.547,4.283,17.0,0.8281578332944197,38,"(25, 14)"
2854,2855,2855,232.0,1.0,3.491,4.423,17.0,0.7892832918833371,38,"(25, 15)"
2855,2856,2856,315.0,1.0,3.491,4.394,17.0,0.794492489758762,38,"(25, 14)"
2856,2857,2857,200.0,1.0,3.344,4.268,17.0,0.7835051546391752,38,"(25, 15)"
2857,2858,2858,170.0,1.0,3.238,8.388,17.0,0.3860276585598474,38,"(25, 16)"
2858,2859,2859,267.0,1.0,3.398,6.865,17.0,0.4949745083758193,38,"(25, 17)"
2859,2860,2860,221.0,1.0,3.398,4.284,17.0,0.7931839402427638,38,"(25, 16)"
2860,2861,2861,347.0,1.0,3.242,4.906,17.0,0.6608234814512842,38,"(25, 17)"
2861,2862,2862,300.0,1.0,3.465,4.0,17.0,0.86625,38,"(25, 18)"
2862,2863,2863,284.0,1.0,3.145,4.677,17.0,0.6724395980329272,38,"(25, 19)"
2863,2864,2864,352.0,1.0,3.161,3.69,17.0,0.856639566395664,38,"(25, 18)"
2864,2865,2865,350.0,1.0,3.161,3.764,17.0,0.8397980871413391,38,"(25, 19)"
2865,2866,2866,286.0,1.0,3.161,7.164,17.0,0.4412339475153545,38,"(25, 20)"
2866,2867,2867,356.0,1.0,3.138,4.518,17.0,0.6945551128818062,38,"(25, 21)"
2867,2868,2868,360.0,1.0,3.247,2.907,17.0,1.1169590643274854,38,"(25, 20)"
2868,2869,2869,178.0,1.0,3.055,2.694,17.0,1.134001484780995,38,"(25, 21)"
2869,2870,2870,188.0,1.0,3.165,3.873,17.0,0.8171959721146398,38,"(25, 22)"
2870,2871,2871,172.0,1.0,18.0,2.767,17.0,6.505240332490062,38,"(25, 23)"
2871,2872,2872,243.0,1.0,18.0,2.908,17.0,6.189821182943604,38,"(25, 22)"
2872,2873,2873,171.0,1.0,3.063,3.711,17.0,0.8253839935327406,38,"(25, 23)"
2873,2874,2874,285.0,1.0,2.428,4.835,17.0,0.502171664943123,38,"(25, 24)"
2874,2875,2875,257.0,1.0,2.527,4.771,17.0,0.529658352546636,38,"(25, 25)"
2875,2876,2876,211.0,1.0,2.477,4.97,17.0,0.4983903420523138,38,"(25, 24)"
2876,2877,2877,316.0,1.0,2.367,2.343,17.0,1.0102432778489117,38,"(25, 25)"
2877,2878,2878,265.0,1.0,2.205,4.627,17.0,0.4765506807866869,38,"(25, 26)"
2878,2879,2879,151.0,1.0,2.168,4.307,17.0,0.5033666124912932,38,"(25, 27)"
2879,2880,2880,191.0,1.0,2.168,4.346,17.0,0.4988495167970548,38,"(25, 26)"
2880,2881,2881,302.0,1.0,2.28,2.192,17.0,1.0401459854014596,38,"(25, 27)"
2881,2882,2882,288.0,1.0,2.227,4.251,17.0,0.5238767348859091,38,"(25, 31)"
2882,2883,2883,227.0,1.0,2.2,2.153,17.0,1.021830004644682,38,"(25, 31)"
2883,2884,2884,349.0,1.0,2.2,2.097,17.0,1.0491177873152122,38,"(25, 32)"
2884,2885,2885,193.0,1.0,2.2,2.104,17.0,1.0456273764258557,38,"(25, 33)"
2885,2886,2886,186.0,1.0,2.187,3.827,17.0,0.5714659001829109,38,"(25, 32)"
2886,2887,2887,168.0,1.0,2.187,3.827,17.0,0.5714659001829109,38,"(25, 33)"
2887,2888,2888,217.0,1.0,2.119,7.852,17.0,0.2698675496688741,38,"(25, 34)"
2888,2889,2889,263.0,1.0,1.931,3.641,17.0,0.5303488052732765,38,"(25, 35)"
2889,2890,2890,244.0,1.0,1.931,3.633,17.0,0.5315166529039361,38,"(25, 34)"
2890,2891,2891,167.0,1.0,1.821,3.6,17.0,0.5058333333333334,38,"(25, 35)"
2891,2892,2892,261.0,1.0,1.744,1.807,17.0,0.9651355838406198,38,"(25, 36)"
2892,2893,2893,281.0,1.0,1.744,1.808,17.0,0.9646017699115044,38,"(25, 37)"
2893,2894,2894,275.0,1.0,1.744,1.652,17.0,1.055690072639225,38,"(25, 36)"
2894,2895,2895,253.0,1.0,1.665,4.469,17.0,0.3725665697023942,38,"(25, 37)"
2895,2896,2896,176.0,1.0,1.664,1.653,17.0,1.0066545674531155,38,"(25, 38)"
2896,2897,2897,238.0,1.0,1.596,1.692,17.0,0.9432624113475178,38,"(25, 39)"
2897,2898,2898,297.0,1.0,1.596,1.654,17.0,0.964933494558646,38,"(25, 38)"
2898,2899,2899,179.0,1.0,1.483,3.658,17.0,0.4054127938764352,38,"(25, 39)"
2899,2900,2900,317.0,1.0,1.374,3.608,17.0,0.3808203991130821,38,"(25, 40)"
2900,2901,2901,231.0,1.0,1.326,3.363,17.0,0.3942908117752007,38,"(25, 41)"
2901,2902,2902,,,,,,,38,"(25, 40)"
2902,2903,2903,,,,,,,38,"(25, 41)"
2903,2904,2904,,,,,,,38,"(25, 42)"
2904,2905,2905,3329.0,1.0,12.362,13.834,77.0,0.8935954893740061,38,"(25, 43)"
2905,2906,2906,3332.0,1.0,13.106,13.249,77.0,0.9892067325835912,38,"(25, 42)"
2906,2907,2907,3331.0,1.0,10.075,12.647,77.0,0.7966316122400569,38,"(25, 43)"
2907,2908,2908,106031.0,1.0,5.611,9.289,77.0,0.6040477984713102,38,"(25, 44)"
2908,2909,2909,3333.0,1.0,5.277,12.648,77.0,0.4172201138519924,38,"(25, 45)"
2909,2910,2910,3327.0,1.0,2.542,0.72,77.0,3.5305555555555554,38,"(25, 44)"
2910,2911,2911,3330.0,1.0,2.542,0.716,77.0,3.5502793296089385,38,"(25, 45)"
2911,2912,2912,3328.0,1.0,1.775,0.935,77.0,1.8983957219251333,38,"(25, 46)"
2912,2913,2913,3620.0,1.0,1.775,0.99,77.0,1.7929292929292928,38,"(25, 47)"
2913,2914,2914,3335.0,1.0,1.659,4.694,77.0,0.3534299105240733,38,"(25, 46)"
2914,2915,2915,3334.0,1.0,0.722,1.512,77.0,0.4775132275132275,38,"(25, 47)"
2915,2916,2916,,,,,,,38,"(25, 48)"
2916,2917,2917,,,,,,,38,"(25, 49)"
2917,2918,2918,3548.0,1.0,8.914,13.57,79.0,0.6568901989683125,38,"(25, 48)"
2918,2919,2919,3552.0,1.0,8.68,13.075,79.0,0.6638623326959847,38,"(25, 49)"
2919,2920,2920,3543.0,1.0,7.985,13.413,79.0,0.5953179750987848,38,"(25, 50)"
2920,2921,2921,3549.0,1.0,8.099,13.78,79.0,0.5877358490566038,38,"(25, 51)"
2921,2922,2922,3544.0,1.0,7.06,13.742,79.0,0.5137534565565419,38,"(25, 50)"
2922,2923,2923,3540.0,1.0,6.818,13.429,79.0,0.5077072008340159,38,"(25, 51)"
2923,2924,2924,3545.0,1.0,6.579,13.691,79.0,0.480534657804397,38,"(25, 52)"
2924,2925,2925,3542.0,1.0,6.332,13.403,79.0,0.472431545176453,38,"(25, 53)"
2925,2926,2926,3541.0,1.0,6.332,12.649,79.0,0.5005929322476085,38,"(25, 52)"
2926,2927,2927,3550.0,1.0,5.356,12.888,79.0,0.4155803848541278,38,"(25, 53)"
2927,2928,2928,3551.0,1.0,4.639,13.566,79.0,0.3419578357658853,38,"(25, 54)"
2928,2929,2929,3547.0,1.0,3.595,13.192,79.0,0.272513644633111,38,"(25, 55)"
2929,2930,2930,3553.0,1.0,3.595,12.69,79.0,0.2832939322301024,38,"(25, 54)"
2930,2931,2931,3546.0,1.0,2.477,15.497,79.0,0.1598373878815254,38,"(25, 55)"
2931,2932,2932,,,,,,,38,"(25, 56)"
2932,2933,2933,504.0,1.0,13.98,8.789,23.0,1.590624644441916,38,"(25, 57)"
2933,2934,2934,558.0,1.0,9.518,9.691,23.0,0.9821483850995768,38,"(25, 56)"
2934,2935,2935,565.0,1.0,9.582,7.23,23.0,1.325311203319502,38,"(25, 57)"
2935,2936,2936,581.0,1.0,8.955,7.188,23.0,1.2458263772954925,38,"(25, 58)"
2936,2937,2937,571.0,1.0,8.904,6.899,23.0,1.290621829250616,38,"(25, 59)"
2937,2938,2938,540.0,1.0,8.707,6.479,23.0,1.3438802284303135,38,"(25, 58)"
2938,2939,2939,575.0,1.0,9.295,6.976,23.0,1.3324254587155964,38,"(25, 59)"
2939,2940,2940,589.0,1.0,9.295,6.784,23.0,1.3701356132075473,38,"(25, 60)"
2940,2941,2941,528.0,1.0,30.0,6.519,23.0,4.601932811780948,38,"(25, 61)"
2941,2942,2942,587.0,1.0,30.0,6.681,23.0,4.49034575662326,38,"(25, 60)"
2942,2943,2943,507.0,1.0,8.429,8.621,23.0,0.9777288017631364,38,"(25, 61)"
2943,2944,2944,510.0,1.0,8.429,8.458,23.0,0.9965712934499882,39,"(26, 61)"
2944,2945,2945,505.0,1.0,9.118,8.054,23.0,1.1321082691830149,39,"(26, 60)"
2945,2946,2946,582.0,1.0,8.738,6.29,23.0,1.3891891891891892,39,"(26, 61)"
2946,2947,2947,481.0,1.0,9.059,8.583,23.0,1.055458464406385,39,"(26, 60)"
2947,2948,2948,486.0,1.0,9.059,8.851,23.0,1.0235001694723758,39,"(26, 59)"
2948,2949,2949,568.0,1.0,9.059,8.583,23.0,1.055458464406385,39,"(26, 58)"
2949,2950,2950,487.0,1.0,8.961,7.898,23.0,1.134591035705242,39,"(26, 59)"
2950,2951,2951,479.0,1.0,8.236,7.642,23.0,1.077728343365611,39,"(26, 58)"
2951,2952,2952,596.0,1.0,8.318,7.579,23.0,1.0975062673175882,39,"(26, 57)"
2952,2953,2953,579.0,1.0,8.318,7.327,23.0,1.135253173195032,39,"(26, 56)"
2953,2954,2954,488.0,1.0,8.68,7.856,23.0,1.104887983706721,39,"(26, 57)"
2954,2955,2955,495.0,1.0,8.68,7.404,23.0,1.1723392760669908,39,"(26, 56)"
2955,2956,2956,590.0,1.0,8.68,8.277,23.0,1.0486891385767791,39,"(26, 55)"
2956,2957,2957,137777.0,1.0,7.826,12.65,23.0,0.6186561264822134,39,"(26, 54)"
2957,2958,2958,584.0,1.0,7.756,3.037,23.0,2.553836022390517,39,"(26, 54)"
2958,2959,2959,493.0,1.0,7.056,8.779,23.0,0.8037361886319626,39,"(26, 53)"
2959,2960,2960,591.0,1.0,7.004,5.857,23.0,1.1958340447327982,39,"(26, 52)"
2960,2961,2961,500.0,1.0,6.87,5.183,23.0,1.3254871695929,39,"(26, 53)"
2961,2962,2962,564.0,1.0,6.859,12.651,23.0,0.5421705794008379,39,"(26, 52)"
2962,2963,2963,516.0,1.0,7.069,5.865,23.0,1.2052855924978687,39,"(26, 51)"
2963,2964,2964,490.0,1.0,7.06,5.872,23.0,1.202316076294278,39,"(26, 50)"
2964,2965,2965,541.0,1.0,6.902,7.924,23.0,0.8710247349823321,39,"(26, 51)"
2965,2966,2966,502.0,1.0,6.902,7.53,23.0,0.9166002656042496,39,"(26, 50)"
2966,2967,2967,561.0,1.0,5.775,5.325,23.0,1.0845070422535212,39,"(26, 49)"
2967,2968,2968,594.0,1.0,5.739,8.055,23.0,0.7124767225325884,39,"(26, 48)"
2968,2969,2969,583.0,1.0,5.36,7.584,23.0,0.7067510548523207,39,"(26, 49)"
2969,2970,2970,482.0,1.0,5.648,8.135,23.0,0.6942839582052858,39,"(26, 48)"
2970,2971,2971,65704.0,1.0,5.252,7.568,23.0,0.6939746300211417,39,"(26, 47)"
2971,2972,2972,563.0,1.0,5.533,7.28,23.0,0.7600274725274726,39,"(26, 46)"
2972,2973,2973,498.0,1.0,5.533,7.366,23.0,0.7511539505837633,39,"(26, 47)"
2973,2974,2974,503.0,1.0,5.485,7.116,23.0,0.7707982012366499,39,"(26, 46)"
2974,2975,2975,580.0,1.0,5.136,6.913,23.0,0.7429480688557789,39,"(26, 45)"
2975,2976,2976,588.0,1.0,5.136,7.06,23.0,0.7274787535410765,39,"(26, 44)"
2976,2977,2977,556.0,1.0,5.135,3.592,23.0,1.42956570155902,39,"(26, 45)"
2977,2978,2978,518.0,1.0,5.135,6.435,23.0,0.797979797979798,39,"(26, 44)"
2978,2979,2979,496.0,1.0,5.135,6.351,23.0,0.8085340891198236,39,"(26, 43)"
2979,2980,2980,273019.0,1.0,5.135,6.833,23.0,0.7515000731743011,39,"(26, 42)"
2980,2981,2981,512.0,1.0,5.239,6.931,23.0,0.7558793824844899,39,"(26, 43)"
2981,2982,2982,517.0,1.0,5.179,6.912,23.0,0.7492766203703705,39,"(26, 42)"
2982,2983,2983,576.0,1.0,4.902,6.531,23.0,0.750574184657786,39,"(26, 41)"
2983,2984,2984,592.0,1.0,4.902,6.967,23.0,0.7036026984354816,39,"(26, 40)"
2984,2985,2985,554.0,1.0,4.902,7.294,23.0,0.672059226761722,39,"(26, 41)"
2985,2986,2986,536.0,1.0,4.902,6.967,23.0,0.7036026984354816,39,"(26, 40)"
2986,2987,2987,514.0,1.0,5.108,7.43,23.0,0.6874831763122476,39,"(26, 39)"
2987,2988,2988,543.0,1.0,25.0,7.806,23.0,3.202664616961312,39,"(26, 38)"
2988,2989,2989,261869.0,1.0,5.025,7.663,23.0,0.6557484014093697,39,"(26, 39)"
2989,2990,2990,557.0,1.0,4.857,6.179,23.0,0.7860495225764687,39,"(26, 38)"
2990,2991,2991,570.0,1.0,4.848,5.663,23.0,0.8560833480487373,39,"(26, 37)"
2991,2992,2992,538.0,1.0,4.848,7.006,23.0,0.6919783043105909,39,"(26, 36)"
2992,2993,2993,489.0,1.0,4.883,5.686,23.0,0.8587759409074921,39,"(26, 37)"
2993,2994,2994,539.0,1.0,4.874,8.638,23.0,0.5642509840240796,39,"(26, 36)"
2994,2995,2995,524.0,1.0,4.874,6.788,23.0,0.7180318208603417,39,"(26, 35)"
2995,2996,2996,586.0,1.0,4.903,8.362,23.0,0.5863429801482898,39,"(26, 34)"
2996,2997,2997,559.0,1.0,4.884,6.505,23.0,0.7508070714834744,39,"(26, 35)"
2997,2998,2998,552.0,1.0,4.884,6.532,23.0,0.7477036129822413,39,"(26, 34)"
2998,2999,2999,483.0,1.0,4.639,6.266,23.0,0.7403447175231408,39,"(26, 33)"
2999,3000,3000,545.0,1.0,4.639,6.48,23.0,0.715895061728395,39,"(26, 32)"
3000,3001,3001,546.0,1.0,4.639,6.911,23.0,0.6712487339024744,39,"(26, 33)"
3001,3002,3002,480.0,1.0,4.721,6.483,23.0,0.7282122474163196,39,"(26, 31)"
3002,3003,3003,531.0,1.0,4.426,4.838,23.0,0.9148408433236876,39,"(26, 31)"
3003,3004,3004,259.0,2.0,9.281,8.143,17.0,1.1397519341765934,39,"(26, 27)"
3004,3005,3005,256.0,2.0,10.111,7.548,17.0,1.339560148383678,39,"(26, 26)"
3005,3006,3006,283.0,2.0,9.286,8.385,17.0,1.107453786523554,39,"(26, 27)"
3006,3007,3007,273.0,2.0,9.523,6.16,17.0,1.5459415584415583,39,"(26, 26)"
3007,3008,3008,268.0,2.0,8.596,5.435,17.0,1.5816007359705613,39,"(26, 25)"
3008,3009,3009,272.0,2.0,8.436,5.544,17.0,1.5216450216450217,39,"(26, 24)"
3009,3010,3010,282.0,2.0,8.082,5.495,17.0,1.4707916287534124,39,"(26, 25)"
3010,3011,3011,282.0,2.0,8.082,5.495,17.0,1.4707916287534124,39,"(26, 24)"
3011,3012,3012,266.0,2.0,7.45,6.878,17.0,1.0831637103809246,39,"(26, 23)"
3012,3013,3013,294.0,2.0,7.45,7.341,17.0,1.0148481133360578,39,"(26, 22)"
3013,3014,3014,260.0,2.0,6.995,6.89,17.0,1.0152394775036284,39,"(26, 23)"
3014,3015,3015,258.0,2.0,6.844,6.908,17.0,0.9907353792704112,39,"(26, 22)"
3015,3016,3016,276.0,2.0,6.414,6.557,17.0,0.9781912459966448,39,"(26, 21)"
3016,3017,3017,289.0,2.0,6.46,6.175,17.0,1.0461538461538462,39,"(26, 20)"
3017,3018,3018,251.0,2.0,6.485,6.403,17.0,1.0128064969545527,39,"(26, 21)"
3018,3019,3019,262.0,2.0,6.524,6.548,17.0,0.996334758704948,39,"(26, 20)"
3019,3020,3020,252.0,2.0,6.166,7.546,17.0,0.8171216538563477,39,"(26, 19)"
3020,3021,3021,249.0,2.0,6.416,7.491,17.0,0.8564944600186892,39,"(26, 18)"
3021,3022,3022,293.0,2.0,6.231,6.578,17.0,0.9472484037701429,39,"(26, 19)"
3022,3023,3023,277.0,2.0,5.737,5.015,17.0,1.1439680957128615,39,"(26, 18)"
3023,3024,3024,247.0,2.0,5.284,6.393,17.0,0.8265290161113719,39,"(26, 17)"
3024,3025,3025,269.0,2.0,5.356,9.466,17.0,0.5658144939784492,39,"(26, 16)"
3025,3026,3026,271.0,2.0,5.356,8.725,17.0,0.6138681948424068,39,"(26, 17)"
3026,3027,3027,291.0,2.0,3.654,6.076,17.0,0.6013824884792627,39,"(26, 16)"
3027,3028,3028,274.0,2.0,1.931,3.613,17.0,0.5344588984223637,39,"(26, 15)"
3028,3029,3029,3621.0,2.0,13.036,14.328,77.0,0.9098269123394752,39,"(26, 14)"
3029,3030,3030,3489.0,2.0,13.309,13.872,77.0,0.959414648212226,39,"(26, 15)"
3030,3031,3031,214362.0,2.0,12.382,14.041,77.0,0.8818460223630795,39,"(26, 14)"
3031,3032,3032,259539.0,2.0,13.25,13.476,77.0,0.983229444939151,39,"(26, 13)"
3032,3033,3033,3623.0,2.0,11.88,12.652,77.0,0.938981979133734,39,"(26, 12)"
3033,3034,3034,3630.0,2.0,9.93,12.653,77.0,0.7847941199715482,39,"(26, 13)"
3034,3035,3035,3478.0,2.0,8.936,12.655,77.0,0.7061240616357172,39,"(26, 12)"
3035,3036,3036,3628.0,2.0,7.646,12.656,77.0,0.6041403286978508,39,"(26, 11)"
3036,3037,3037,230719.0,2.0,8.008,12.657,77.0,0.6326933712570119,39,"(26, 10)"
3037,3038,3038,3625.0,2.0,7.444,14.699,77.0,0.5064290087761072,39,"(26, 11)"
3038,3039,3039,3626.0,2.0,6.165,12.663,77.0,0.4868514570007107,39,"(26, 9)"
3039,3040,3040,3627.0,2.0,6.167,12.664,77.0,0.4869709412507896,39,"(26, 8)"
3040,3041,3041,3624.0,2.0,6.167,12.664,77.0,0.4869709412507896,39,"(26, 9)"
3041,3042,3042,3618.0,2.0,6.416,12.665,77.0,0.5065929727595737,39,"(26, 8)"
3042,3043,3043,152251.0,2.0,5.832,9.602,77.0,0.6073734638616954,39,"(26, 7)"
3043,3044,3044,3615.0,2.0,5.135,4.73,77.0,1.0856236786469342,39,"(26, 6)"
3044,3045,3045,3631.0,2.0,4.857,13.216,77.0,0.3675090799031477,39,"(26, 7)"
3045,3046,3046,3488.0,2.0,4.814,14.374,77.0,0.3349102546264088,39,"(26, 6)"
3046,3047,3047,3622.0,2.0,4.776,12.669,77.0,0.3769831873076012,39,"(26, 5)"
3047,3048,3048,301663.0,2.0,4.501,12.671,77.0,0.3552205824323258,39,"(26, 4)"
3048,3049,3049,197422.0,2.0,4.423,7.023,77.0,0.6297878399544354,39,"(26, 5)"
3049,3050,3050,178561.0,2.0,4.174,9.601,77.0,0.4347463805853557,39,"(26, 4)"
3050,3051,3051,3487.0,2.0,4.272,5.73,77.0,0.7455497382198952,39,"(26, 3)"
3051,3052,3052,3486.0,2.0,3.377,4.347,77.0,0.7768576029445593,39,"(26, 2)"
3052,3053,3053,3480.0,2.0,3.357,3.753,77.0,0.894484412470024,39,"(26, 3)"
3053,3054,3054,3629.0,2.0,3.142,10.937,77.0,0.2872817043064826,39,"(26, 2)"
3054,3055,3055,3614.0,2.0,2.964,2.168,77.0,1.3671586715867157,40,"(27, 2)"
3055,3056,3056,3481.0,2.0,1.762,1.336,77.0,1.3188622754491015,40,"(27, 3)"
3056,3057,3057,54313.0,2.0,1.467,5.17,77.0,0.283752417794971,40,"(27, 2)"
3057,3058,3058,3482.0,2.0,0.794,1.513,77.0,0.5247851949768673,40,"(27, 3)"
3058,3059,3059,3484.0,2.0,0.794,1.459,77.0,0.5442083618917066,40,"(27, 4)"
3059,3060,3060,145421.0,2.0,6.818,13.444,79.0,0.5071407319250223,40,"(27, 5)"
3060,3061,3061,89568.0,2.0,6.524,12.673,79.0,0.5147952339619664,40,"(27, 4)"
3061,3062,3062,3687.0,2.0,26.0,13.939,79.0,1.865270105459502,40,"(27, 5)"
3062,3063,3063,3685.0,2.0,5.364,13.138,79.0,0.4082813213578931,40,"(27, 6)"
3063,3064,3064,3688.0,2.0,5.485,13.24,79.0,0.4142749244712991,40,"(27, 7)"
3064,3065,3065,3686.0,2.0,4.505,14.363,79.0,0.3136531365313653,40,"(27, 6)"
3065,3066,3066,3691.0,2.0,3.415,13.401,79.0,0.2548317289754496,40,"(27, 7)"
3066,3067,3067,574.0,1.0,4.426,4.695,23.0,0.9427050053248136,40,"(27, 8)"
3067,3068,3068,484.0,1.0,4.426,4.785,23.0,0.9249738766980148,40,"(27, 9)"
3068,3069,3069,553.0,1.0,4.505,4.523,23.0,0.9960203404819812,40,"(27, 8)"
3069,3070,3070,551.0,1.0,4.138,4.117,23.0,1.00510080155453,40,"(27, 9)"
3070,3071,3071,522.0,1.0,28.0,8.053,23.0,3.4769651061716127,40,"(27, 10)"
3071,3072,3072,560.0,1.0,3.702,8.571,23.0,0.431921596079804,40,"(27, 11)"
3072,3073,3073,550.0,1.0,3.558,8.258,23.0,0.4308549285541294,40,"(27, 10)"
3073,3074,3074,499.0,1.0,3.654,6.076,23.0,0.6013824884792627,40,"(27, 11)"
3074,3075,3075,485.0,1.0,3.313,5.242,23.0,0.6320106829454407,40,"(27, 12)"
3075,3076,3076,511.0,1.0,3.238,5.266,23.0,0.6148879605013293,40,"(27, 13)"
3076,3077,3077,569.0,1.0,3.536,4.977,23.0,0.7104681535061281,40,"(27, 12)"
3077,3078,3078,491.0,1.0,2.527,8.982,23.0,0.2813404586951681,40,"(27, 13)"
3078,3079,3079,577.0,1.0,2.527,3.527,23.0,0.7164729231641622,40,"(27, 14)"
3079,3080,3080,508.0,1.0,2.527,3.456,23.0,0.7311921296296297,40,"(27, 15)"
3080,3081,3081,578.0,1.0,2.567,3.65,23.0,0.7032876712328767,40,"(27, 14)"
3081,3082,3082,562.0,1.0,2.318,4.947,23.0,0.4685668081665656,40,"(27, 15)"
3082,3083,3083,593.0,1.0,2.514,5.016,23.0,0.5011961722488038,40,"(27, 16)"
3083,3084,3084,509.0,1.0,1.684,1.011,23.0,1.665677546983185,40,"(27, 17)"
3084,3085,3085,141891.0,1.0,1.575,0.948,23.0,1.6613924050632911,40,"(27, 16)"
3085,3086,3086,525.0,1.0,0.457,1.016,23.0,0.4498031496062992,40,"(27, 17)"
3086,3087,3087,523.0,2.0,9.672,6.585,23.0,1.4687927107061505,40,"(27, 18)"
3087,3088,3088,494.0,2.0,8.78,6.59,23.0,1.3323216995447646,40,"(27, 19)"
3088,3089,3089,526.0,2.0,9.295,6.292,23.0,1.4772727272727273,40,"(27, 18)"
3089,3090,3090,520.0,2.0,6.858,5.974,23.0,1.1479745564111148,40,"(27, 19)"
3090,3091,3091,547.0,2.0,6.902,7.293,23.0,0.9463869463869464,40,"(27, 20)"
3091,3092,3092,534.0,2.0,6.221,6.751,23.0,0.921493112131536,40,"(27, 21)"
3092,3093,3093,555.0,2.0,5.36,7.559,23.0,0.70908850377034,40,"(27, 20)"
3093,3094,3094,535.0,2.0,5.648,7.489,23.0,0.7541727867539056,40,"(27, 21)"
3094,3095,3095,533.0,2.0,5.533,7.398,23.0,0.7479048391457152,40,"(27, 22)"
3095,3096,3096,529.0,2.0,5.485,6.891,23.0,0.7959657524307068,40,"(27, 23)"
3096,3097,3097,519.0,2.0,5.136,12.675,23.0,0.4052071005917159,40,"(27, 22)"
3097,3098,3098,530.0,2.0,5.135,6.351,23.0,0.8085340891198236,40,"(27, 23)"
3098,3099,3099,573.0,2.0,5.239,6.314,23.0,0.8297434273044029,40,"(27, 24)"
3099,3100,3100,497.0,2.0,5.239,6.486,23.0,0.8077397471477028,40,"(27, 25)"
3100,3101,3101,548.0,2.0,5.239,6.5,23.0,0.8059999999999999,40,"(27, 24)"
3101,3102,3102,527.0,2.0,4.902,6.967,23.0,0.7036026984354816,40,"(27, 25)"
3102,3103,3103,232434.0,2.0,4.884,9.453,23.0,0.5166613773405269,40,"(27, 26)"
3103,3104,3104,501.0,2.0,4.174,9.019,23.0,0.4628007539638541,40,"(27, 27)"
3104,3105,3105,513.0,2.0,3.812,7.532,23.0,0.5061072756240043,40,"(27, 26)"
3105,3106,3106,171974.0,2.0,3.596,8.06,23.0,0.4461538461538461,40,"(27, 27)"
3106,3107,3107,,,,,,,40,"(27, 31)"
3107,3108,3108,,,,,,,40,"(27, 31)"
3108,3109,3109,,,,,,,40,"(27, 32)"
3109,3110,3110,388.0,1.0,15.004,7.468,20.0,2.009105516871987,40,"(27, 33)"
3110,3111,3111,398.0,1.0,14.017,7.074,20.0,1.9814814814814807,40,"(27, 32)"
3111,3112,3112,381.0,1.0,11.629,8.03,20.0,1.448194271481943,40,"(27, 33)"
3112,3113,3113,394.0,1.0,11.771,20.476,20.0,0.5748681383082634,40,"(27, 34)"
3113,3114,3114,394.0,1.0,11.771,20.476,20.0,0.5748681383082634,40,"(27, 35)"
3114,3115,3115,391.0,1.0,9.138,9.059,20.0,1.0087206093387793,40,"(27, 34)"
3115,3116,3116,382.0,1.0,9.276,8.65,20.0,1.0723699421965318,40,"(27, 35)"
3116,3117,3117,403.0,1.0,9.276,9.072,20.0,1.0224867724867726,40,"(27, 36)"
3117,3118,3118,402.0,1.0,9.118,8.79,20.0,1.037315130830489,40,"(27, 37)"
3118,3119,3119,377.0,1.0,7.301,7.563,20.0,0.9653576623033188,40,"(27, 36)"
3119,3120,3120,405.0,1.0,6.842,8.726,20.0,0.7840935136374053,40,"(27, 37)"
3120,3121,3121,415.0,1.0,7.042,8.346,20.0,0.8437574886173017,40,"(27, 38)"
3121,3122,3122,407.0,1.0,6.083,9.024,20.0,0.6740913120567377,40,"(27, 39)"
3122,3123,3123,384.0,1.0,5.795,8.122,20.0,0.7134942132479685,40,"(27, 38)"
3123,3124,3124,417.0,1.0,6.231,8.042,20.0,0.7748072618751555,40,"(27, 39)"
3124,3125,3125,400.0,1.0,6.269,6.041,20.0,1.0377420956795231,40,"(27, 40)"
3125,3126,3126,378.0,1.0,6.153,6.501,20.0,0.9464697738809412,40,"(27, 41)"
3126,3127,3127,397.0,1.0,5.91,4.167,20.0,1.418286537077034,40,"(27, 40)"
3127,3128,3128,385.0,1.0,6.098,4.187,20.0,1.4564127059947456,40,"(27, 41)"
3128,3129,3129,410.0,1.0,5.349,6.733,20.0,0.7944452695678005,40,"(27, 42)"
3129,3130,3130,416.0,1.0,5.775,3.995,20.0,1.4455569461827285,40,"(27, 43)"
3130,3131,3131,418.0,1.0,5.485,3.726,20.0,1.4720880300590446,40,"(27, 42)"
3131,3132,3132,383.0,1.0,5.136,4.038,20.0,1.2719167904903417,40,"(27, 43)"
3132,3133,3133,401.0,1.0,5.135,3.765,20.0,1.3638778220451526,40,"(27, 44)"
3133,3134,3134,386.0,1.0,5.108,8.469,20.0,0.6031408666902822,40,"(27, 45)"
3134,3135,3135,389.0,1.0,25.0,8.155,20.0,3.065603923973023,40,"(27, 44)"
3135,3136,3136,390.0,1.0,4.857,3.466,20.0,1.40132717830352,40,"(27, 45)"
3136,3137,3137,395.0,1.0,4.883,6.115,20.0,0.7985282093213409,40,"(27, 46)"
3137,3138,3138,392.0,1.0,4.874,3.727,20.0,1.3077542259189696,40,"(27, 47)"
3138,3139,3139,396.0,1.0,4.874,3.636,20.0,1.3404840484048404,40,"(27, 46)"
3139,3140,3140,404.0,1.0,4.903,3.467,20.0,1.4141909431785404,40,"(27, 47)"
3140,3141,3141,393.0,1.0,4.755,5.715,20.0,0.8320209973753281,40,"(27, 48)"
3141,3142,3142,374.0,1.0,4.495,5.586,20.0,0.8046902971715002,40,"(27, 49)"
3142,3143,3143,308.0,1.0,4.495,3.691,20.0,1.2178271471146032,40,"(27, 48)"
3143,3144,3144,308.0,1.0,4.495,3.691,20.0,1.2178271471146032,40,"(27, 49)"
3144,3145,3145,408.0,1.0,4.305,3.528,20.0,1.2202380952380951,40,"(27, 50)"
3145,3146,3146,387.0,1.0,3.861,9.424,20.0,0.4096986417657046,40,"(27, 51)"
3146,3147,3147,414.0,1.0,3.861,5.309,20.0,0.727255603691844,40,"(27, 50)"
3147,3148,3148,413.0,1.0,28.0,5.039,20.0,5.5566580670768015,40,"(27, 51)"
3148,3149,3149,375.0,1.0,3.782,5.783,20.0,0.6539858205083866,40,"(27, 52)"
3149,3150,3150,411.0,1.0,3.88,6.939,20.0,0.5591583801700533,40,"(27, 53)"
3150,3151,3151,376.0,1.0,3.608,6.713,20.0,0.5374646208848503,40,"(27, 52)"
3151,3152,3152,327.0,1.0,3.536,4.649,20.0,0.7605936760593676,40,"(27, 53)"
3152,3153,3153,399.0,1.0,3.727,4.384,20.0,0.8501368613138686,40,"(27, 54)"
3153,3154,3154,399.0,1.0,3.727,4.384,20.0,0.8501368613138686,40,"(27, 55)"
3154,3155,3155,412.0,1.0,3.18,4.576,20.0,0.69493006993007,40,"(27, 54)"
3155,3156,3156,331.0,1.0,3.18,4.42,20.0,0.7194570135746606,40,"(27, 55)"
3156,3157,3157,379.0,1.0,2.621,8.437,20.0,0.3106554462486666,40,"(27, 56)"
3157,3158,3158,320.0,1.0,2.542,7.993,20.0,0.3180282747403978,40,"(27, 57)"
3158,3159,3159,409.0,1.0,2.719,4.57,20.0,0.5949671772428884,40,"(27, 56)"
3159,3160,3160,380.0,1.0,2.477,2.344,20.0,1.056740614334471,40,"(27, 57)"
3160,3161,3161,323.0,1.0,2.377,5.121,20.0,0.4641671548525677,40,"(27, 58)"
3161,3162,3162,,,,,,,40,"(27, 59)"
3162,3163,3163,,,,,,,40,"(27, 58)"
3163,3164,3164,,,,,,,40,"(27, 59)"
3164,3165,3165,199649.0,1.0,10.3,12.68,51.0,0.8123028391167193,40,"(27, 60)"
3165,3166,3166,2282.0,1.0,9.895,12.681,51.0,0.7803012380727072,40,"(27, 61)"
3166,3167,3167,2275.0,1.0,8.503,13.017,51.0,0.6532227087654606,40,"(27, 60)"
3167,3168,3168,2272.0,1.0,8.503,12.682,51.0,0.6704778426115755,40,"(27, 61)"
3168,3169,3169,2273.0,1.0,8.739,13.053,51.0,0.6695012640772237,41,"(28, 61)"
3169,3170,3170,2280.0,1.0,8.135,12.683,51.0,0.6414097610975321,41,"(28, 60)"
3170,3171,3171,2284.0,1.0,8.135,12.684,51.0,0.641359192683696,41,"(28, 61)"
3171,3172,3172,2277.0,1.0,8.028,12.685,51.0,0.6328734726054395,41,"(28, 60)"
3172,3173,3173,2265.0,1.0,6.713,13.802,51.0,0.4863787856832343,41,"(28, 59)"
3173,3174,3174,213847.0,1.0,6.632,9.816,51.0,0.6756316218418907,41,"(28, 58)"
3174,3175,3175,2266.0,1.0,6.295,12.686,51.0,0.4962163014346524,41,"(28, 59)"
3175,3176,3176,2279.0,1.0,6.295,12.687,51.0,0.4961771892488374,41,"(28, 58)"
3176,3177,3177,132871.0,1.0,6.221,9.852,51.0,0.6314453917986196,41,"(28, 57)"
3177,3178,3178,2270.0,1.0,5.616,12.688,51.0,0.442622950819672,41,"(28, 56)"
3178,3179,3179,2271.0,1.0,6.036,9.923,51.0,0.6082837851456212,41,"(28, 57)"
3179,3180,3180,2276.0,1.0,5.648,12.689,51.0,0.4451099377413507,41,"(28, 56)"
3180,3181,3181,2278.0,1.0,4.776,12.694,51.0,0.3762407436584212,41,"(28, 55)"
3181,3182,3182,2285.0,1.0,4.426,12.695,51.0,0.3486411973217802,41,"(28, 54)"
3182,3183,3183,2269.0,1.0,4.174,12.696,51.0,0.3287649653434152,41,"(28, 55)"
3183,3184,3184,2264.0,1.0,4.18,12.697,51.0,0.3292116247932583,41,"(28, 54)"
3184,3185,3185,2283.0,1.0,2.91,12.698,51.0,0.2291699480233107,41,"(28, 53)"
3185,3186,3186,2274.0,1.0,2.719,4.488,51.0,0.605837789661319,41,"(28, 52)"
3186,3187,3187,2281.0,1.0,1.594,3.482,51.0,0.4577828834003446,41,"(28, 53)"
3187,3188,3188,2262.0,1.0,1.304,2.169,51.0,0.6011987090825265,41,"(28, 52)"
3188,3189,3189,,,,,,,41,"(28, 51)"
3189,3190,3190,,,,,,,41,"(28, 50)"
3190,3191,3191,637.0,1.0,11.771,12.7,25.0,0.9268503937007876,41,"(28, 51)"
3191,3192,3192,5483.0,1.0,11.918,8.089,25.0,1.4733588824329331,41,"(28, 50)"
3192,3193,3193,5349.0,1.0,12.107,7.295,25.0,1.6596298834818368,41,"(28, 49)"
3193,3194,3194,4983.0,1.0,12.107,6.771,25.0,1.78806675527987,41,"(28, 48)"
3194,3195,3195,5011.0,1.0,12.625,6.147,25.0,2.0538474052383275,41,"(28, 49)"
3195,3196,3196,5067.0,1.0,11.778,12.701,25.0,0.9273285568065508,41,"(28, 48)"
3196,3197,3197,5307.0,1.0,11.778,8.925,25.0,1.3196638655462185,41,"(28, 47)"
3197,3198,3198,5284.0,1.0,11.778,7.365,25.0,1.59918533604888,41,"(28, 46)"
3198,3199,3199,5416.0,1.0,12.142,7.899,25.0,1.5371566021015317,41,"(28, 47)"
3199,3200,3200,5436.0,1.0,12.142,8.009,25.0,1.5160444499937569,41,"(28, 46)"
3200,3201,3201,51695.0,1.0,12.306,8.082,25.0,1.5226429101707497,41,"(28, 45)"
3201,3202,3202,5078.0,1.0,12.306,7.047,25.0,1.7462750106428266,41,"(28, 44)"
3202,3203,3203,5075.0,1.0,12.072,8.543,25.0,1.4130867376799718,41,"(28, 45)"
3203,3204,3204,5093.0,1.0,12.15,9.475,25.0,1.282321899736148,41,"(28, 44)"
3204,3205,3205,5175.0,1.0,12.15,7.533,25.0,1.6129032258064515,41,"(28, 43)"
3205,3206,3206,260990.0,1.0,12.15,7.217,25.0,1.6835250103921298,41,"(28, 42)"
3206,3207,3207,5247.0,1.0,12.15,7.08,25.0,1.7161016949152543,41,"(28, 43)"
3207,3208,3208,5330.0,1.0,12.15,7.849,25.0,1.5479678939992356,41,"(28, 42)"
3208,3209,3209,5086.0,1.0,12.15,12.702,25.0,0.956542276806802,41,"(28, 41)"
3209,3210,3210,5033.0,1.0,12.15,6.211,25.0,1.956206729995169,41,"(28, 40)"
3210,3211,3211,5463.0,1.0,11.549,9.779,25.0,1.1810001022599448,41,"(28, 41)"
3211,3212,3212,254021.0,1.0,11.549,7.296,25.0,1.582922149122807,41,"(28, 40)"
3212,3213,3213,4974.0,1.0,12.586,7.534,25.0,1.670560127422352,41,"(28, 39)"
3213,3214,3214,5099.0,1.0,11.476,7.697,25.0,1.490970507990126,41,"(28, 38)"
3214,3215,3215,5166.0,1.0,11.372,7.975,25.0,1.4259561128526643,41,"(28, 39)"
3215,3216,3216,5465.0,1.0,11.372,7.433,25.0,1.5299340777613346,41,"(28, 38)"
3216,3217,3217,651.0,1.0,11.248,12.703,25.0,0.8854601275289301,41,"(28, 37)"
3217,3218,3218,5155.0,1.0,11.31,5.394,25.0,2.096774193548387,41,"(28, 36)"
3218,3219,3219,5299.0,1.0,11.31,5.75,25.0,1.9669565217391305,41,"(28, 37)"
3219,3220,3220,658.0,1.0,11.31,12.704,25.0,0.8902707808564232,41,"(28, 36)"
3220,3221,3221,48400.0,1.0,11.287,12.705,25.0,0.8883903974813067,41,"(28, 35)"
3221,3222,3222,652.0,1.0,11.269,12.706,25.0,0.8869038249645838,41,"(28, 34)"
3222,3223,3223,52372.0,1.0,11.588,12.707,25.0,0.9119383017234594,41,"(28, 35)"
3223,3224,3224,69379.0,1.0,11.588,11.623,25.0,0.9969887292437408,41,"(28, 34)"
3224,3225,3225,645.0,1.0,11.588,12.709,25.0,0.9117947910929264,41,"(28, 33)"
3225,3226,3226,35900.0,1.0,11.455,12.71,25.0,0.9012588512981904,41,"(28, 32)"
3226,3227,3227,643.0,1.0,11.455,12.714,25.0,0.9009753028157936,41,"(28, 33)"
3227,3228,3228,640.0,1.0,11.455,12.715,25.0,0.900904443570586,41,"(28, 32)"
3228,3229,3229,656.0,1.0,10.881,12.717,25.0,0.8556263269639066,41,"(28, 31)"
3229,3230,3230,657.0,1.0,10.967,11.754,25.0,0.9330440701037944,41,"(28, 31)"
3230,3231,3231,567.0,2.0,2.477,5.017,23.0,0.4937213474187761,41,"(28, 27)"
3231,3232,3232,542.0,2.0,2.318,5.247,23.0,0.4417762530970078,41,"(28, 26)"
3232,3233,3233,492.0,2.0,1.972,7.653,23.0,0.2576767280804913,41,"(28, 27)"
3233,3234,3234,185634.0,2.0,1.762,6.794,23.0,0.2593464821901678,41,"(28, 26)"
3234,3235,3235,328.0,2.0,11.953,8.415,20.0,1.4204396910279264,41,"(28, 25)"
3235,3236,3236,305.0,2.0,8.135,8.734,20.0,0.9314174490496908,41,"(28, 24)"
3236,3237,3237,329.0,2.0,7.76,7.371,20.0,1.0527743861077197,41,"(28, 25)"
3237,3238,3238,326.0,2.0,6.221,6.217,20.0,1.0006433971368829,41,"(28, 24)"
3238,3239,3239,307.0,2.0,5.349,6.791,20.0,0.787660138418495,41,"(28, 23)"
3239,3240,3240,321.0,2.0,5.36,13.951,20.0,0.3842018493297972,41,"(28, 22)"
3240,3241,3241,309.0,2.0,5.252,9.178,20.0,0.5722379603399432,41,"(28, 23)"
3241,3242,3242,330.0,2.0,5.364,8.842,20.0,0.606650079167609,41,"(28, 22)"
3242,3243,3243,314.0,2.0,5.135,8.652,20.0,0.5935043920480814,41,"(28, 21)"
3243,3244,3244,313.0,2.0,4.902,3.901,20.0,1.256600871571392,41,"(28, 20)"
3244,3245,3245,325.0,2.0,5.061,8.765,20.0,0.5774101540216771,41,"(28, 21)"
3245,3246,3246,319.0,2.0,3.596,3.615,20.0,0.994744121715076,41,"(28, 20)"
3246,3247,3247,303.0,2.0,3.88,6.639,20.0,0.5844253652658532,41,"(28, 19)"
3247,3248,3248,303.0,2.0,3.88,6.639,20.0,0.5844253652658532,41,"(28, 18)"
3248,3249,3249,304.0,2.0,3.491,3.471,20.0,1.0057620282339383,41,"(28, 19)"
3249,3250,3250,406.0,2.0,3.398,3.272,20.0,1.0385085574572128,41,"(28, 18)"
3250,3251,3251,306.0,2.0,2.28,8.411,20.0,0.2710735941029604,41,"(28, 17)"
3251,3252,3252,110245.0,2.0,5.738,12.719,51.0,0.4511360956050004,41,"(28, 16)"
3252,3253,3253,2355.0,2.0,5.824,12.722,51.0,0.4577896557145103,41,"(28, 17)"
3253,3254,3254,2349.0,2.0,4.426,13.017,51.0,0.3400169009756472,41,"(28, 16)"
3254,3255,3255,2359.0,2.0,4.423,12.448,51.0,0.3553181233933162,41,"(28, 15)"
3255,3256,3256,2353.0,2.0,4.124,13.053,51.0,0.3159426951658622,41,"(28, 14)"
3256,3257,3257,2357.0,2.0,4.18,12.723,51.0,0.3285388666195079,41,"(28, 15)"
3257,3258,3258,2356.0,2.0,4.34,12.727,51.0,0.3410073072994421,41,"(28, 14)"
3258,3259,3259,2350.0,2.0,4.34,12.728,51.0,0.34098051539912,41,"(28, 13)"
3259,3260,3260,2354.0,2.0,4.043,12.729,51.0,0.3176211799827166,41,"(28, 12)"
3260,3261,3261,2358.0,2.0,3.017,12.733,51.0,0.2369433754810335,41,"(28, 13)"
3261,3262,3262,2351.0,2.0,1.43,3.77,51.0,0.3793103448275862,41,"(28, 12)"
3262,3263,3263,650.0,1.0,10.859,12.735,25.0,0.852689438555163,41,"(28, 11)"
3263,3264,3264,5184.0,1.0,10.947,12.736,25.0,0.8595320351758793,41,"(28, 10)"
3264,3265,3265,647.0,1.0,10.935,11.662,25.0,0.9376607785971532,41,"(28, 11)"
3265,3266,3266,649.0,1.0,10.577,12.747,25.0,0.829763866007688,41,"(28, 10)"
3266,3267,3267,5077.0,1.0,10.577,12.75,25.0,0.8295686274509804,41,"(28, 9)"
3267,3268,3268,179499.0,1.0,11.216,11.086,25.0,1.011726501894281,41,"(28, 8)"
3268,3269,3269,203541.0,1.0,10.453,12.751,25.0,0.8197788408752255,41,"(28, 9)"
3269,3270,3270,5149.0,1.0,10.453,10.936,25.0,0.955833942940746,41,"(28, 8)"
3270,3271,3271,5294.0,1.0,11.011,12.752,25.0,0.8634723964868255,41,"(28, 7)"
3271,3272,3272,5124.0,1.0,9.582,7.271,25.0,1.317837986521799,41,"(28, 6)"
3272,3273,3273,630.0,1.0,9.405,12.754,25.0,0.7374157127175788,41,"(28, 7)"
3273,3274,3274,5161.0,1.0,8.32,6.815,25.0,1.2208363903154806,41,"(28, 6)"
3274,3275,3275,5065.0,1.0,8.68,9.766,25.0,0.8887978701617858,41,"(28, 5)"
3275,3276,3276,5474.0,1.0,8.076,5.763,25.0,1.4013534617386778,41,"(28, 4)"
3276,3277,3277,5064.0,1.0,8.082,5.973,25.0,1.3530889000502262,41,"(28, 5)"
3277,3278,3278,5168.0,1.0,8.082,5.896,25.0,1.370759837177748,41,"(28, 4)"
3278,3279,3279,5359.0,1.0,8.082,5.736,25.0,1.4089958158995817,41,"(28, 3)"
3279,3280,3280,5238.0,1.0,8.099,6.634,25.0,1.220832077178173,41,"(28, 2)"
3280,3281,3281,4986.0,1.0,8.099,7.41,25.0,1.092982456140351,41,"(28, 3)"
3281,3282,3282,5327.0,1.0,8.099,5.941,25.0,1.363238512035011,41,"(28, 2)"
3282,3283,3283,5272.0,1.0,7.826,7.904,25.0,0.9901315789473684,42,"(29, 2)"
3283,3284,3284,5052.0,1.0,7.526,4.839,25.0,1.5552800165323413,42,"(29, 3)"
3284,3285,3285,5181.0,1.0,7.526,4.882,25.0,1.5415813191315035,42,"(29, 2)"
3285,3286,3286,5347.0,1.0,7.167,5.411,25.0,1.324524117538348,42,"(29, 3)"
3286,3287,3287,5216.0,1.0,7.194,5.667,25.0,1.2694547379565908,42,"(29, 4)"
3287,3288,3288,5475.0,1.0,7.194,7.094,25.0,1.0140964195094446,42,"(29, 5)"
3288,3289,3289,5014.0,1.0,22.0,6.123,25.0,3.5930099624367138,42,"(29, 4)"
3289,3290,3290,5055.0,1.0,6.987,6.378,25.0,1.0954844778927564,42,"(29, 5)"
3290,3291,3291,5392.0,1.0,7.042,4.438,25.0,1.5867507886435332,42,"(29, 6)"
3291,3292,3292,5047.0,1.0,6.374,5.246,25.0,1.2150209683568431,42,"(29, 7)"
3292,3293,3293,5022.0,1.0,6.672,6.816,25.0,0.9788732394366196,42,"(29, 6)"
3293,3294,3294,5066.0,1.0,6.332,4.795,25.0,1.3205422314911366,42,"(29, 7)"
3294,3295,3295,5089.0,1.0,6.166,4.768,25.0,1.2932046979865772,42,"(29, 8)"
3295,3296,3296,5131.0,1.0,6.416,4.459,25.0,1.4388876429692758,42,"(29, 9)"
3296,3297,3297,638.0,1.0,6.083,8.227,25.0,0.7393946760666099,42,"(29, 8)"
3297,3298,3298,5020.0,1.0,6.083,8.791,25.0,0.6919576839949949,42,"(29, 9)"
3298,3299,3299,5173.0,1.0,5.804,8.468,25.0,0.6854038734057629,42,"(29, 11)"
3299,3300,3300,5097.0,1.0,5.804,8.468,25.0,0.6854038734057629,42,"(29, 10)"
3300,3301,3301,5205.0,1.0,5.91,6.892,25.0,0.8575159605339524,42,"(29, 11)"
3301,3302,3302,222520.0,1.0,5.91,9.324,25.0,0.6338481338481339,42,"(29, 12)"
3302,3303,3303,5430.0,1.0,5.616,9.242,25.0,0.6076606795066002,42,"(29, 13)"
3303,3304,3304,5423.0,1.0,5.616,7.071,25.0,0.7942299533305048,42,"(29, 12)"
3304,3305,3305,5177.0,1.0,5.53,8.485,25.0,0.6517383618149677,42,"(29, 13)"
3305,3306,3306,5275.0,1.0,5.775,4.78,25.0,1.2081589958158996,42,"(29, 14)"
3306,3307,3307,659.0,1.0,5.676,12.755,25.0,0.4450019600156801,42,"(29, 15)"
3307,3308,3308,5019.0,1.0,5.648,5.635,25.0,1.002307009760426,42,"(29, 14)"
3308,3309,3309,5306.0,1.0,5.648,12.756,25.0,0.442772028849169,42,"(29, 15)"
3309,3310,3310,5476.0,1.0,5.648,12.757,25.0,0.4427373206866818,42,"(29, 16)"
3310,3311,3311,5003.0,1.0,5.533,4.524,25.0,1.2230327144120248,42,"(29, 17)"
3311,3312,3312,5189.0,1.0,5.328,5.087,25.0,1.047375663455868,42,"(29, 16)"
3312,3313,3313,5046.0,1.0,5.277,7.869,25.0,0.6706061761341975,42,"(29, 17)"
3313,3314,3314,47277.0,1.0,5.546,7.807,25.0,0.7103881132317151,42,"(29, 18)"
3314,3315,3315,117981.0,1.0,5.284,8.037,25.0,0.65745925096429,42,"(29, 19)"
3315,3316,3316,5191.0,1.0,5.284,7.793,25.0,0.6780443988194533,42,"(29, 18)"
3316,3317,3317,32385.0,1.0,5.364,7.935,25.0,0.675992438563327,42,"(29, 19)"
3317,3318,3318,5358.0,1.0,5.364,7.518,25.0,0.713487629688747,42,"(29, 20)"
3318,3319,3319,4985.0,1.0,5.485,8.221,25.0,0.6671937720471962,42,"(29, 21)"
3319,3320,3320,5102.0,1.0,5.278,8.266,25.0,0.6385192354222115,42,"(29, 20)"
3320,3321,3321,4993.0,1.0,5.278,8.061,25.0,0.6547574742587767,42,"(29, 21)"
3321,3322,3322,5118.0,1.0,5.278,8.083,25.0,0.6529753804280588,42,"(29, 22)"
3322,3323,3323,5490.0,1.0,5.092,5.074,25.0,1.0035474970437523,42,"(29, 23)"
3323,3324,3324,251141.0,1.0,4.884,8.501,25.0,0.5745206446300436,42,"(29, 22)"
3324,3325,3325,5017.0,1.0,4.665,7.048,25.0,0.6618898978433598,42,"(29, 23)"
3325,3326,3326,5105.0,1.0,4.699,8.442,25.0,0.556621653636579,42,"(29, 24)"
3326,3327,3327,5324.0,1.0,4.442,8.303,25.0,0.5349873539684451,42,"(29, 25)"
3327,3328,3328,5126.0,1.0,4.59,6.759,25.0,0.6790945406125166,42,"(29, 24)"
3328,3329,3329,185336.0,1.0,4.59,6.658,25.0,0.6893962150796035,42,"(29, 25)"
3329,3330,3330,4989.0,1.0,4.59,6.759,25.0,0.6790945406125166,42,"(29, 26)"
3330,3331,3331,139939.0,1.0,4.451,7.323,25.0,0.6078110064181346,42,"(29, 27)"
3331,3332,3332,196620.0,1.0,4.451,7.175,25.0,0.6203484320557491,42,"(29, 26)"
3332,3333,3333,5226.0,1.0,4.451,8.139,25.0,0.5468730802309866,42,"(29, 27)"
3333,3334,3334,,,,,,,42,"(29, 31)"
3334,3335,3335,5471.0,1.0,4.451,6.524,25.0,0.6822501532801961,42,"(29, 31)"
3335,3336,3336,5190.0,1.0,4.451,5.171,25.0,0.8607619415973699,42,"(29, 33)"
3336,3337,3337,5478.0,1.0,4.34,8.605,25.0,0.504357931435212,42,"(29, 32)"
3337,3338,3338,5420.0,1.0,3.998,6.63,25.0,0.6030165912518854,42,"(29, 33)"
3338,3339,3339,5095.0,1.0,3.998,6.665,25.0,0.5998499624906227,42,"(29, 34)"
3339,3340,3340,5013.0,1.0,3.998,6.568,25.0,0.6087088915956151,42,"(29, 35)"
3340,3341,3341,5308.0,1.0,3.998,6.248,25.0,0.6398847631241997,42,"(29, 34)"
3341,3342,3342,252791.0,1.0,4.138,7.634,25.0,0.542048729368614,42,"(29, 35)"
3342,3343,3343,5088.0,1.0,3.88,6.938,25.0,0.5592389737676564,42,"(29, 36)"
3343,3344,3344,66496.0,1.0,3.719,4.53,25.0,0.820971302428256,42,"(29, 37)"
3344,3345,3345,4992.0,1.0,3.785,4.18,25.0,0.9055023923444976,42,"(29, 36)"
3345,3346,3346,5045.0,1.0,3.547,9.32,25.0,0.3805793991416309,42,"(29, 37)"
3346,3347,3347,5278.0,1.0,3.536,8.625,25.0,0.4099710144927536,42,"(29, 38)"
3347,3348,3348,5026.0,1.0,3.357,4.681,25.0,0.7171544541764581,42,"(29, 39)"
3348,3349,3349,5107.0,1.0,3.142,4.271,25.0,0.735659096230391,42,"(29, 38)"
3349,3350,3350,634.0,1.0,2.999,9.136,25.0,0.3282618213660245,42,"(29, 39)"
3350,3351,3351,641.0,1.0,2.999,8.971,25.0,0.3342994092074462,42,"(29, 40)"
3351,3352,3352,653.0,1.0,2.999,9.291,25.0,0.3227854913357012,42,"(29, 41)"
3352,3353,3353,5214.0,1.0,3.165,4.957,25.0,0.638491022796046,42,"(29, 40)"
3353,3354,3354,5068.0,1.0,2.723,5.455,25.0,0.4991750687442712,42,"(29, 41)"
3354,3355,3355,5414.0,1.0,2.791,8.828,25.0,0.3161531490711373,42,"(29, 42)"
3355,3356,3356,4981.0,1.0,2.543,9.368,25.0,0.2714560204953031,42,"(29, 43)"
3356,3357,3357,267587.0,1.0,2.718,8.589,25.0,0.3164512748864826,42,"(29, 42)"
3357,3358,3358,5282.0,1.0,2.718,8.589,25.0,0.3164512748864826,42,"(29, 43)"
3358,3359,3359,275044.0,1.0,2.671,3.877,25.0,0.6889347433582667,42,"(29, 44)"
3359,3360,3360,5192.0,1.0,2.647,6.291,25.0,0.4207598156096009,42,"(29, 45)"
3360,3361,3361,5006.0,1.0,2.647,5.907,25.0,0.4481124090062637,42,"(29, 44)"
3361,3362,3362,231989.0,1.0,2.526,0.653,25.0,3.868300153139357,42,"(29, 45)"
3362,3363,3363,14326.0,1.0,2.318,5.38,25.0,0.4308550185873606,42,"(29, 46)"
3363,3364,3364,5080.0,1.0,2.377,9.141,25.0,0.2600371950552456,42,"(29, 47)"
3364,3365,3365,5058.0,1.0,2.37,7.397,25.0,0.3204001622279302,42,"(29, 46)"
3365,3366,3366,5057.0,1.0,2.28,9.067,25.0,0.2514613433329656,42,"(29, 47)"
3366,3367,3367,5417.0,1.0,2.045,6.23,25.0,0.3282504012841091,42,"(29, 48)"
3367,3368,3368,246527.0,1.0,2.117,4.805,25.0,0.440582726326743,42,"(29, 49)"
3368,3369,3369,5318.0,1.0,2.141,4.607,25.0,0.464727588452355,42,"(29, 48)"
3369,3370,3370,4979.0,1.0,1.972,0.636,25.0,3.10062893081761,42,"(29, 49)"
3370,3371,3371,5132.0,1.0,1.931,4.124,25.0,0.4682347235693502,42,"(29, 50)"
3371,3372,3372,5496.0,1.0,1.876,0.726,25.0,2.584022038567493,42,"(29, 51)"
3372,3373,3373,5167.0,1.0,1.684,4.55,25.0,0.3701098901098901,42,"(29, 50)"
3373,3374,3374,184108.0,1.0,1.684,5.144,25.0,0.3273716951788491,42,"(29, 51)"
3374,3375,3375,5044.0,1.0,1.66,3.863,25.0,0.4297178358788506,42,"(29, 52)"
3375,3376,3376,5271.0,1.0,1.7,0.605,25.0,2.809917355371901,42,"(29, 53)"
3376,3377,3377,5360.0,1.0,1.7,2.246,25.0,0.7569011576135352,42,"(29, 52)"
3377,3378,3378,5010.0,1.0,1.7,2.744,25.0,0.6195335276967929,42,"(29, 53)"
3378,3379,3379,5076.0,1.0,1.664,4.702,25.0,0.3538919608677158,42,"(29, 54)"
3379,3380,3380,5427.0,1.0,1.664,1.956,25.0,0.8507157464212679,42,"(29, 54)"
3380,3381,3381,5356.0,1.0,1.577,0.166,25.0,9.5,42,"(29, 55)"
3381,3382,3382,5260.0,1.0,1.594,2.576,25.0,0.6187888198757764,42,"(29, 56)"
3382,3383,3383,5355.0,1.0,1.487,4.286,25.0,0.3469435370975269,42,"(29, 57)"
3383,3384,3384,5109.0,1.0,1.487,3.902,25.0,0.3810866222450025,42,"(29, 56)"
3384,3385,3385,5351.0,1.0,1.467,5.071,25.0,0.2892920528495366,42,"(29, 57)"
3385,3386,3386,5469.0,1.0,1.467,0.401,25.0,3.658354114713217,42,"(29, 58)"
3386,3387,3387,5253.0,1.0,1.359,6.819,25.0,0.1992960844698636,42,"(29, 59)"
3387,3388,3388,5348.0,1.0,1.359,3.367,25.0,0.4036234036234036,42,"(29, 58)"
3388,3389,3389,5207.0,1.0,1.359,3.206,25.0,0.4238927011852776,42,"(29, 59)"
3389,3390,3390,5129.0,1.0,1.358,3.027,25.0,0.4486290056161215,42,"(29, 60)"
3390,3391,3391,5043.0,1.0,1.358,2.008,25.0,0.6762948207171315,42,"(29, 61)"
3391,3392,3392,5135.0,1.0,1.358,2.089,25.0,0.6500718046912399,42,"(29, 60)"
3392,3393,3393,5029.0,1.0,1.384,3.75,25.0,0.3690666666666666,42,"(29, 61)"
3393,3394,3394,277158.0,1.0,1.326,3.712,25.0,0.3572198275862069,43,"(30, 61)"
3394,3395,3395,5012.0,1.0,1.304,0.385,25.0,3.387012987012988,43,"(30, 60)"
3395,3396,3396,5262.0,1.0,1.304,0.387,25.0,3.3695090439276485,43,"(30, 61)"
3396,3397,3397,5313.0,1.0,1.195,0.246,25.0,4.857723577235773,43,"(30, 60)"
3397,3398,3398,5008.0,1.0,1.195,2.546,25.0,0.469363707776905,43,"(30, 59)"
3398,3399,3399,5484.0,1.0,1.208,1.267,25.0,0.9534333070244672,43,"(30, 58)"
3399,3400,3400,5111.0,1.0,1.177,0.364,25.0,3.233516483516484,43,"(30, 59)"
3400,3401,3401,5354.0,1.0,1.202,2.547,25.0,0.4719277581468393,43,"(30, 58)"
3401,3402,3402,4991.0,1.0,1.202,0.35,25.0,3.434285714285714,43,"(30, 57)"
3402,3403,3403,4996.0,1.0,1.121,0.453,25.0,2.4746136865342163,43,"(30, 56)"
3403,3404,3404,234049.0,1.0,1.084,0.361,25.0,3.0027700831024933,43,"(30, 57)"
3404,3405,3405,5497.0,1.0,1.084,2.558,25.0,0.4237685691946834,43,"(30, 56)"
3405,3406,3406,5040.0,1.0,1.084,0.12,25.0,9.033333333333337,43,"(30, 55)"
3406,3407,3407,5462.0,1.0,1.084,2.857,25.0,0.3794189709485474,43,"(30, 54)"
3407,3408,3408,5176.0,1.0,1.084,0.409,25.0,2.65036674816626,43,"(30, 55)"
3408,3409,3409,32939.0,1.0,1.125,0.386,25.0,2.914507772020725,43,"(30, 54)"
3409,3410,3410,91733.0,1.0,1.117,1.659,25.0,0.673297166968053,43,"(30, 53)"
3410,3411,3411,5041.0,1.0,1.064,2.818,25.0,0.3775727466288148,43,"(30, 52)"
3411,3412,3412,5032.0,1.0,1.064,2.91,25.0,0.3656357388316151,43,"(30, 53)"
3412,3413,3413,5053.0,1.0,1.064,2.04,25.0,0.5215686274509804,43,"(30, 52)"
3413,3414,3414,5059.0,1.0,0.99,3.293,25.0,0.3006377163680534,43,"(30, 51)"
3414,3415,3415,5246.0,1.0,0.917,0.136,25.0,6.742647058823529,43,"(30, 50)"
3415,3416,3416,5319.0,1.0,0.917,1.958,25.0,0.4683350357507661,43,"(30, 51)"
3416,3417,3417,282079.0,1.0,0.931,0.343,25.0,2.7142857142857144,43,"(30, 50)"
3417,3418,3418,5091.0,1.0,0.931,0.336,25.0,2.770833333333333,43,"(30, 49)"
3418,3419,3419,5074.0,1.0,0.931,1.517,25.0,0.6137112722478577,43,"(30, 48)"
3419,3420,3420,5482.0,1.0,0.957,1.521,25.0,0.6291913214990138,43,"(30, 49)"
3420,3421,3421,5269.0,1.0,0.957,1.437,25.0,0.6659707724425886,43,"(30, 48)"
3421,3422,3422,5310.0,1.0,0.836,0.125,25.0,6.688,43,"(30, 47)"
3422,3423,3423,5112.0,1.0,0.836,2.668,25.0,0.313343328335832,43,"(30, 46)"
3423,3424,3424,5332.0,1.0,0.742,1.184,25.0,0.6266891891891893,43,"(30, 47)"
3424,3425,3425,5028.0,1.0,0.698,1.359,25.0,0.5136129506990433,43,"(30, 46)"
3425,3426,3426,5325.0,1.0,0.69,0.311,25.0,2.2186495176848875,43,"(30, 45)"
3426,3427,3427,5331.0,1.0,0.624,1.294,25.0,0.482225656877898,43,"(30, 44)"
3427,3428,3428,5352.0,1.0,0.509,1.554,25.0,0.3275418275418275,43,"(30, 45)"
3428,3429,3429,,,,,,,43,"(30, 44)"
3429,3430,3430,,,,,,,43,"(30, 43)"
3430,3431,3431,,,,,,,43,"(30, 42)"
3431,3432,3432,1702.0,1.0,7.488,8.344,44.0,0.8974113135186962,43,"(30, 43)"
3432,3433,3433,1704.0,1.0,7.532,8.289,44.0,0.9086741464591628,43,"(30, 42)"
3433,3434,3434,1706.0,1.0,7.471,7.767,44.0,0.9618900476374403,43,"(30, 41)"
3434,3435,3435,1711.0,1.0,6.87,8.727,44.0,0.7872121003781368,43,"(30, 40)"
3435,3436,3436,1692.0,1.0,6.858,8.936,44.0,0.7674574753804834,43,"(30, 41)"
3436,3437,3437,1703.0,1.0,6.858,9.566,44.0,0.7169140706669453,43,"(30, 40)"
3437,3438,3438,1682.0,1.0,7.167,9.642,44.0,0.7433105164903547,43,"(30, 39)"
3438,3439,3439,1713.0,1.0,7.194,9.33,44.0,0.7710610932475884,43,"(30, 38)"
3439,3440,3440,1694.0,1.0,6.902,9.068,44.0,0.7611380679311867,43,"(30, 39)"
3440,3441,3441,1701.0,1.0,6.652,8.926,44.0,0.7452386287250728,43,"(30, 38)"
3441,3442,3442,1712.0,1.0,6.396,13.799,44.0,0.4635118486846873,43,"(30, 37)"
3442,3443,3443,1965.0,1.0,6.444,13.183,44.0,0.488811347948115,43,"(30, 36)"
3443,3444,3444,1686.0,1.0,6.168,13.631,44.0,0.452497982539799,43,"(30, 37)"
3444,3445,3445,1709.0,1.0,6.325,14.049,44.0,0.4502099793579615,43,"(30, 36)"
3445,3446,3446,1716.0,1.0,5.796,6.915,44.0,0.838177874186551,43,"(30, 35)"
3446,3447,3447,1717.0,1.0,5.737,6.756,44.0,0.8491711071640023,43,"(30, 34)"
3447,3448,3448,1714.0,1.0,5.737,6.756,44.0,0.8491711071640023,43,"(30, 35)"
3448,3449,3449,1673.0,1.0,5.32,7.581,44.0,0.7017543859649122,43,"(30, 34)"
3449,3450,3450,1699.0,1.0,5.32,8.073,44.0,0.6589867459432677,43,"(30, 33)"
3450,3451,3451,1679.0,1.0,5.364,7.715,44.0,0.6952689565780946,43,"(30, 32)"
3451,3452,3452,1689.0,1.0,5.364,7.871,44.0,0.6814890102909413,43,"(30, 33)"
3452,3453,3453,1710.0,1.0,5.388,8.302,44.0,0.6490002409058059,43,"(30, 32)"
3453,3454,3454,1707.0,1.0,5.27,7.658,44.0,0.6881692347871506,43,"(30, 31)"
3454,3455,3455,1678.0,1.0,5.008,12.758,44.0,0.3925380153629095,43,"(30, 31)"
3455,3456,3456,5225.0,2.0,12.11,7.464,25.0,1.6224544480171488,43,"(30, 27)"
3456,3457,3457,5225.0,2.0,12.11,7.464,25.0,1.6224544480171488,43,"(30, 26)"
3457,3458,3458,635.0,2.0,11.953,12.759,25.0,0.9368289050866054,43,"(30, 27)"
3458,3459,3459,265243.0,2.0,11.622,12.76,25.0,0.9108150470219436,43,"(30, 26)"
3459,3460,3460,660.0,2.0,11.365,12.761,25.0,0.8906041846250294,43,"(30, 25)"
3460,3461,3461,661.0,2.0,10.947,12.762,25.0,0.8577809120827455,43,"(30, 24)"
3461,3462,3462,5412.0,2.0,8.076,5.876,25.0,1.3744043567052415,43,"(30, 25)"
3462,3463,3463,5411.0,2.0,8.138,9.568,25.0,0.8505434782608696,43,"(30, 24)"
3463,3464,3464,5368.0,2.0,7.858,9.366,25.0,0.8389920990817852,43,"(30, 23)"
3464,3465,3465,5374.0,2.0,7.194,5.512,25.0,1.3051523947750363,43,"(30, 22)"
3465,3466,3466,5165.0,2.0,22.0,5.356,25.0,4.107542942494399,43,"(30, 23)"
3466,3467,3467,5141.0,2.0,6.818,4.678,25.0,1.457460453185122,43,"(30, 22)"
3467,3468,3468,5178.0,2.0,5.804,8.468,25.0,0.6854038734057629,43,"(30, 21)"
3468,3469,3469,5366.0,2.0,5.594,4.428,25.0,1.263324299909666,43,"(30, 20)"
3469,3470,3470,632.0,2.0,5.775,12.544,25.0,0.4603794642857143,43,"(30, 21)"
3470,3471,3471,5153.0,2.0,5.328,7.934,25.0,0.6715402067053189,43,"(30, 20)"
3471,3472,3472,5158.0,2.0,5.356,7.834,25.0,0.6836864947664029,43,"(30, 19)"
3472,3473,3473,187184.0,2.0,5.32,7.902,25.0,0.6732472791698304,43,"(30, 18)"
3473,3474,3474,5365.0,2.0,5.364,7.7,25.0,0.6966233766233766,43,"(30, 19)"
3474,3475,3475,5389.0,2.0,5.278,8.061,25.0,0.6547574742587767,43,"(30, 18)"
3475,3476,3476,5381.0,2.0,5.278,8.038,25.0,0.6566310027369991,43,"(30, 17)"
3476,3477,3477,5399.0,2.0,4.426,4.078,25.0,1.085335948994605,43,"(30, 16)"
3477,3478,3478,212685.0,2.0,4.043,8.318,25.0,0.4860543399855735,43,"(30, 17)"
3478,3479,3479,218042.0,2.0,4.043,8.486,25.0,0.4764317699740749,43,"(30, 16)"
3479,3480,3480,182866.0,2.0,4.138,8.086,25.0,0.5117487014593124,43,"(30, 15)"
3480,3481,3481,200026.0,2.0,3.861,8.043,25.0,0.4800447594181276,43,"(30, 14)"
3481,3482,3482,5408.0,2.0,3.344,7.041,25.0,0.4749325379917625,43,"(30, 15)"
3482,3483,3483,5377.0,2.0,2.999,8.719,25.0,0.3439614634705815,43,"(30, 14)"
3483,3484,3484,5143.0,2.0,2.878,5.655,25.0,0.5089301503094606,43,"(30, 13)"
3484,3485,3485,65819.0,2.0,2.666,5.48,25.0,0.4864963503649634,43,"(30, 12)"
3485,3486,3486,134889.0,2.0,2.718,6.124,25.0,0.4438275636838668,43,"(30, 13)"
3486,3487,3487,5202.0,2.0,2.449,0.813,25.0,3.01230012300123,43,"(30, 12)"
3487,3488,3488,5148.0,2.0,2.377,8.561,25.0,0.2776544796168672,43,"(30, 11)"
3488,3489,3489,93036.0,2.0,2.113,4.899,25.0,0.4313125127577056,43,"(30, 10)"
3489,3490,3490,224249.0,2.0,1.972,7.724,25.0,0.2553081305023303,43,"(30, 11)"
3490,3491,3491,5401.0,2.0,1.764,0.741,25.0,2.380566801619433,43,"(30, 10)"
3491,3492,3492,5385.0,2.0,1.7,3.757,25.0,0.4524886877828054,43,"(30, 9)"
3492,3493,3493,5140.0,2.0,1.665,0.585,25.0,2.8461538461538463,43,"(30, 8)"
3493,3494,3494,5373.0,2.0,1.594,4.22,25.0,0.3777251184834124,43,"(30, 9)"
3494,3495,3495,31379.0,2.0,1.44,3.314,25.0,0.4345202172601086,43,"(30, 8)"
3495,3496,3496,5180.0,2.0,1.467,7.231,25.0,0.2028765039413635,43,"(30, 7)"
3496,3497,3497,5367.0,2.0,1.222,1.317,25.0,0.9278663629460896,43,"(30, 6)"
3497,3498,3498,5372.0,2.0,1.304,2.649,25.0,0.4922612306530766,43,"(30, 7)"
3498,3499,3499,5409.0,2.0,1.177,0.362,25.0,3.2513812154696136,43,"(30, 6)"
3499,3500,3500,5218.0,2.0,1.202,0.365,25.0,3.293150684931507,43,"(30, 5)"
3500,3501,3501,4988.0,2.0,1.121,0.262,25.0,4.278625954198473,43,"(30, 4)"
3501,3502,3502,5404.0,2.0,1.085,0.377,25.0,2.8779840848806364,43,"(30, 5)"
3502,3503,3503,5145.0,2.0,1.064,0.366,25.0,2.907103825136612,43,"(30, 4)"
3503,3504,3504,5384.0,2.0,31.0,1.522,25.0,20.367936925098554,43,"(30, 3)"
3504,3505,3505,5376.0,2.0,0.931,0.344,25.0,2.706395348837209,43,"(30, 2)"
3505,3506,3506,5379.0,2.0,0.794,1.185,25.0,0.6700421940928271,43,"(30, 3)"
3506,3507,3507,5378.0,2.0,0.698,2.577,25.0,0.2708575863407062,43,"(30, 2)"
3507,3508,3508,1700.0,1.0,3.861,13.522,44.0,0.2855346842183109,44,"(31, 2)"
3508,3509,3509,1697.0,1.0,28.0,13.978,44.0,2.003147803691516,44,"(31, 3)"
3509,3510,3510,1675.0,1.0,28.0,13.991,44.0,2.001286541348009,44,"(31, 2)"
3510,3511,3511,1685.0,1.0,4.06,13.873,44.0,0.2926547970878685,44,"(31, 3)"
3511,3512,3512,1696.0,1.0,3.765,9.243,44.0,0.4073352807530023,44,"(31, 4)"
3512,3513,3513,1684.0,1.0,3.752,8.838,44.0,0.424530436750396,44,"(31, 5)"
3513,3514,3514,78854.0,1.0,3.855,9.244,44.0,0.417027260926006,44,"(31, 4)"
3514,3515,3515,1683.0,1.0,3.782,13.467,44.0,0.2808346328061186,44,"(31, 5)"
3515,3516,3516,1691.0,1.0,3.287,8.235,44.0,0.3991499696417729,44,"(31, 6)"
3516,3517,3517,1681.0,1.0,3.287,8.863,44.0,0.3708676520365564,44,"(31, 7)"
3517,3518,3518,1698.0,1.0,3.398,8.115,44.0,0.4187307455329636,44,"(31, 6)"
3518,3519,3519,1672.0,1.0,3.398,8.659,44.0,0.3924240674442776,44,"(31, 7)"
3519,3520,3520,1674.0,1.0,3.398,9.411,44.0,0.3610668366804803,44,"(31, 8)"
3520,3521,3521,270462.0,1.0,3.145,9.423,44.0,0.3337578265945028,44,"(31, 9)"
3521,3522,3522,1676.0,2.0,7.466,7.505,44.0,0.9948034643570952,44,"(31, 8)"
3522,3523,3523,1680.0,2.0,7.466,7.505,44.0,0.9948034643570952,44,"(31, 9)"
3523,3524,3524,1690.0,2.0,5.356,8.207,44.0,0.6526136225173631,44,"(31, 10)"
3524,3525,3525,1705.0,2.0,5.32,7.716,44.0,0.689476412649041,44,"(31, 11)"
3525,3526,3526,1708.0,2.0,5.32,7.716,44.0,0.689476412649041,44,"(31, 10)"
3526,3527,3527,1695.0,2.0,5.388,13.423,44.0,0.4014005810921552,44,"(31, 11)"
3527,3528,3528,1677.0,2.0,4.06,14.541,44.0,0.2792105082181417,44,"(31, 12)"
3528,3529,3529,1687.0,2.0,3.879,8.704,44.0,0.445657169117647,44,"(31, 13)"
3529,3530,3530,1688.0,2.0,3.465,8.213,44.0,0.421892122245221,44,"(31, 12)"
3530,3531,3531,,,,,,,44,"(31, 13)"
3531,3532,3532,,,,,,,44,"(31, 14)"
3532,3533,3533,2951.0,1.0,8.076,14.005,70.0,0.5766511960014281,44,"(31, 15)"
3533,3534,3534,2947.0,1.0,7.826,14.391,70.0,0.5438121047877145,44,"(31, 14)"
3534,3535,3535,2953.0,1.0,7.62,13.531,70.0,0.5631512822407804,44,"(31, 15)"
3535,3536,3536,2948.0,1.0,4.721,12.939,70.0,0.3648659092665585,44,"(31, 16)"
3536,3537,3537,2954.0,1.0,4.643,14.253,70.0,0.325755981196941,44,"(31, 17)"
3537,3538,3538,2949.0,1.0,4.501,14.151,70.0,0.3180693943890891,44,"(31, 16)"
3538,3539,3539,2952.0,1.0,4.699,14.437,70.0,0.3254831336150169,44,"(31, 17)"
3539,3540,3540,2950.0,1.0,4.305,14.441,70.0,0.2981095492001938,44,"(31, 18)"
3540,3541,3541,3393.0,1.0,3.88,14.079,70.0,0.2755877548121315,44,"(31, 19)"
3541,3542,3542,3394.0,2.0,4.495,14.614,70.0,0.307581770904612,44,"(31, 18)"
3542,3543,3543,2946.0,2.0,4.495,13.952,70.0,0.3221760321100917,44,"(31, 19)"
3543,3544,3544,3392.0,2.0,4.415,14.584,70.0,0.3027290181020296,44,"(31, 20)"
3544,3545,3545,3388.0,2.0,4.699,14.007,70.0,0.3354751195830656,44,"(31, 21)"
3545,3546,3546,3390.0,2.0,4.268,13.53,70.0,0.3154471544715447,44,"(31, 20)"
3546,3547,3547,3391.0,2.0,2.799,13.421,70.0,0.2085537590343491,44,"(31, 21)"
3547,3548,3548,3275.0,2.0,2.791,12.793,70.0,0.2181661846322207,44,"(31, 22)"
3548,3549,3549,3389.0,2.0,2.113,13.877,70.0,0.1522663399870288,44,"(31, 23)"
3549,3550,3550,,,,,,,44,"(31, 22)"
3550,3551,3551,176665.0,1.0,13.309,12.763,105.0,1.0427799106793074,44,"(31, 23)"
3551,3552,3552,5756.0,1.0,13.144,12.881,105.0,1.0204176694356029,44,"(31, 24)"
3552,3553,3553,5748.0,1.0,12.035,12.893,105.0,0.9334522609167764,44,"(31, 25)"
3553,3554,3554,5744.0,1.0,12.619,13.073,105.0,0.9652719345215328,44,"(31, 24)"
3554,3555,3555,5759.0,1.0,11.934,12.917,105.0,0.9238987380970812,44,"(31, 25)"
3555,3556,3556,145854.0,1.0,11.918,12.764,105.0,0.9337198370416796,44,"(31, 26)"
3556,3557,3557,5736.0,1.0,12.306,12.766,105.0,0.9639667867773772,44,"(31, 27)"
3557,3558,3558,5749.0,1.0,11.476,12.767,105.0,0.898879924806141,44,"(31, 26)"
3558,3559,3559,5768.0,1.0,10.597,12.768,105.0,0.8299655388471178,44,"(31, 27)"
3559,3560,3560,5764.0,1.0,10.372,13.059,105.0,0.7942415192587488,44,"(31, 31)"
3560,3561,3561,5737.0,1.0,10.767,13.439,105.0,0.8011756827144877,44,"(31, 31)"
3561,3562,3562,5760.0,1.0,10.335,12.796,105.0,0.8076742732103783,44,"(31, 32)"
3562,3563,3563,5762.0,1.0,10.081,12.438,105.0,0.8105000803987779,44,"(31, 33)"
3563,3564,3564,5776.0,1.0,10.766,13.107,105.0,0.8213931486991685,44,"(31, 32)"
3564,3565,3565,5781.0,1.0,8.32,7.111,105.0,1.170018281535649,44,"(31, 33)"
3565,3566,3566,5761.0,1.0,8.32,7.256,105.0,1.1466372657111357,44,"(31, 34)"
3566,3567,3567,5783.0,1.0,7.826,12.769,105.0,0.6128905944083326,44,"(31, 35)"
3567,3568,3568,5747.0,1.0,5.485,6.838,105.0,0.8021351272301843,44,"(31, 34)"
3568,3569,3569,5741.0,1.0,5.278,6.735,105.0,0.7836674090571639,44,"(31, 35)"
3569,3570,3570,5786.0,1.0,5.278,6.9,105.0,0.7649275362318839,44,"(31, 36)"
3570,3571,3571,252822.0,1.0,5.229,12.773,105.0,0.4093791591638613,44,"(31, 37)"
3571,3572,3572,5735.0,1.0,4.268,12.774,105.0,0.3341161734773759,44,"(31, 36)"
3572,3573,3573,5751.0,1.0,3.752,3.044,105.0,1.2325886990801576,44,"(31, 37)"
3573,3574,3574,5775.0,1.0,3.88,18.428,105.0,0.2105491643151725,44,"(31, 38)"
3574,3575,3575,5780.0,1.0,3.313,8.972,105.0,0.3692599197503344,44,"(31, 39)"
3575,3576,3576,5782.0,1.0,2.95,7.606,105.0,0.3878516960294504,44,"(31, 38)"
3576,3577,3577,131392.0,1.0,2.95,7.434,105.0,0.3968253968253968,44,"(31, 39)"
3577,3578,3578,5779.0,1.0,2.86,12.775,105.0,0.2238747553816046,44,"(31, 40)"
3578,3579,3579,218346.0,1.0,2.86,5.35,105.0,0.5345794392523364,44,"(31, 41)"
3579,3580,3580,34529.0,1.0,2.86,5.422,105.0,0.5274806344522317,44,"(31, 40)"
3580,3581,3581,207972.0,1.0,2.86,5.858,105.0,0.4882212359166951,44,"(31, 41)"
3581,3582,3582,253049.0,1.0,2.86,7.39,105.0,0.3870094722598105,44,"(31, 42)"
3582,3583,3583,5766.0,1.0,2.875,12.776,105.0,0.2250313087038196,44,"(31, 43)"
3583,3584,3584,5757.0,1.0,2.875,12.777,105.0,0.225013696485873,44,"(31, 42)"
3584,3585,3585,5763.0,1.0,2.875,6.901,105.0,0.4166062889436314,44,"(31, 43)"
3585,3586,3586,5774.0,1.0,2.698,5.821,105.0,0.4634942449750902,44,"(31, 44)"
3586,3587,3587,5743.0,1.0,2.723,5.711,105.0,0.4767991595167221,44,"(31, 45)"
3587,3588,3588,5769.0,1.0,2.791,5.678,105.0,0.4915463191264529,44,"(31, 44)"
3588,3589,3589,5773.0,1.0,2.584,4.144,105.0,0.6235521235521235,44,"(31, 45)"
3589,3590,3590,5739.0,1.0,2.584,5.668,105.0,0.4558927311220889,44,"(31, 46)"
3590,3591,3591,5770.0,1.0,2.227,4.182,105.0,0.532520325203252,44,"(31, 47)"
3591,3592,3592,211236.0,1.0,2.133,3.399,105.0,0.6275375110326566,44,"(31, 46)"
3592,3593,3593,188200.0,1.0,2.045,4.593,105.0,0.4452427607228391,44,"(31, 47)"
3593,3594,3594,5784.0,1.0,2.052,3.513,105.0,0.5841161400512382,44,"(31, 48)"
3594,3595,3595,5787.0,1.0,2.052,3.143,105.0,0.652879414572065,44,"(31, 49)"
3595,3596,3596,285877.0,1.0,2.052,3.311,105.0,0.6197523406825732,44,"(31, 48)"
3596,3597,3597,5772.0,1.0,1.988,3.235,105.0,0.6145285935085008,44,"(31, 49)"
3597,3598,3598,5755.0,1.0,1.861,2.989,105.0,0.6226162596186016,44,"(31, 50)"
3598,3599,3599,5740.0,1.0,1.764,4.626,105.0,0.3813229571984435,44,"(31, 51)"
3599,3600,3600,5754.0,1.0,1.596,4.031,105.0,0.395931530637559,44,"(31, 50)"
3600,3601,3601,5742.0,1.0,1.445,3.03,105.0,0.4768976897689769,44,"(31, 51)"
3601,3602,3602,5734.0,1.0,1.44,3.543,105.0,0.4064352243861134,44,"(31, 52)"
3602,3603,3603,136047.0,1.0,1.44,7.165,105.0,0.200976971388695,44,"(31, 53)"
3603,3604,3604,5758.0,1.0,0.917,6.205,105.0,0.1477840451248993,44,"(31, 52)"
3604,3605,3605,5789.0,1.0,0.917,2.981,105.0,0.3076148943307615,44,"(31, 53)"
3605,3606,3606,5746.0,1.0,0.722,1.46,105.0,0.4945205479452055,44,"(31, 54)"
3606,3607,3607,5745.0,1.0,0.69,0.611,105.0,1.1292962356792144,44,"(31, 55)"
3607,3608,3608,5777.0,1.0,0.488,0.586,105.0,0.832764505119454,44,"(31, 54)"
3608,3609,3609,,,,,,,44,"(31, 55)"
3609,3610,3610,,,,,,,44,"(31, 56)"
3610,3611,3611,,,,,,,44,"(31, 57)"
3611,3612,3612,4829.0,1.0,13.036,2.878,98.0,4.529534398888116,44,"(31, 56)"
3612,3613,3613,4864.0,1.0,12.15,2.614,98.0,4.64804896710023,44,"(31, 57)"
3613,3614,3614,60938.0,1.0,11.549,2.704,98.0,4.271079881656804,44,"(31, 58)"
3614,3615,3615,4850.0,1.0,10.028,2.347,98.0,4.272688538559864,44,"(31, 59)"
3615,3616,3616,4869.0,1.0,10.335,2.821,98.0,3.663594470046083,44,"(31, 58)"
3616,3617,3617,4836.0,1.0,9.286,2.17,98.0,4.279262672811059,44,"(31, 59)"
3617,3618,3618,4892.0,1.0,7.194,3.118,98.0,2.3072482360487494,44,"(31, 60)"
3618,3619,3619,4848.0,1.0,22.0,2.911,98.0,7.5575403641360355,44,"(31, 61)"
3619,3620,3620,4855.0,1.0,6.892,3.719,98.0,1.85318634041409,44,"(31, 60)"
3620,3621,3621,4883.0,1.0,6.168,5.818,98.0,1.0601581299415608,44,"(31, 61)"
3621,3622,3622,4873.0,1.0,6.168,5.368,98.0,1.1490312965722802,45,"(32, 61)"
3622,3623,3623,4880.0,1.0,6.46,5.859,98.0,1.1025772316094895,45,"(32, 60)"
3623,3624,3624,4852.0,1.0,6.46,4.965,98.0,1.3011077542799598,45,"(32, 61)"
3624,3625,3625,4867.0,1.0,6.325,5.56,98.0,1.137589928057554,45,"(32, 60)"
3625,3626,3626,4833.0,1.0,6.524,4.786,98.0,1.3631424989552865,45,"(32, 59)"
3626,3627,3627,4846.0,1.0,6.332,2.982,98.0,2.123407109322602,45,"(32, 58)"
3627,3628,3628,4837.0,1.0,6.416,3.473,98.0,1.8473941837028507,45,"(32, 59)"
3628,3629,3629,4839.0,1.0,6.295,3.483,98.0,1.8073499856445592,45,"(32, 58)"
3629,3630,3630,4875.0,1.0,5.91,3.236,98.0,1.8263288009888752,45,"(32, 57)"
3630,3631,3631,4891.0,1.0,5.349,5.977,98.0,0.8949305671741676,45,"(32, 56)"
3631,3632,3632,4870.0,1.0,5.832,5.811,98.0,1.0036138358286009,45,"(32, 57)"
3632,3633,3633,4886.0,1.0,5.832,6.058,98.0,0.9626939584021128,45,"(32, 56)"
3633,3634,3634,4863.0,1.0,5.611,2.502,98.0,2.2426059152677857,45,"(32, 55)"
3634,3635,3635,4835.0,1.0,4.986,2.193,98.0,2.27359781121751,45,"(32, 54)"
3635,3636,3636,4858.0,1.0,4.776,3.903,98.0,1.223674096848578,45,"(32, 54)"
3636,3637,3637,4849.0,1.0,4.884,3.798,98.0,1.2859399684044237,45,"(32, 53)"
3637,3638,3638,4857.0,1.0,4.199,5.235,98.0,0.8021012416427888,45,"(32, 52)"
3638,3639,3639,4894.0,1.0,4.043,2.188,98.0,1.847806215722121,45,"(32, 53)"
3639,3640,3640,4843.0,1.0,3.782,3.979,98.0,0.9504900728826338,45,"(32, 52)"
3640,3641,3641,4893.0,1.0,3.782,2.0,98.0,1.891,45,"(32, 51)"
3641,3642,3642,4853.0,1.0,3.9,3.735,98.0,1.0441767068273091,45,"(32, 50)"
3642,3643,3643,4783.0,1.0,3.55,2.983,98.0,1.1900771035869928,45,"(32, 51)"
3643,3644,3644,4859.0,1.0,3.536,4.48,98.0,0.7892857142857143,45,"(32, 50)"
3644,3645,3645,4879.0,1.0,3.398,3.208,98.0,1.0592269326683292,45,"(32, 49)"
3645,3646,3646,4885.0,1.0,3.357,3.091,98.0,1.0860562924619863,45,"(32, 48)"
3646,3647,3647,4876.0,1.0,3.145,4.35,98.0,0.7229885057471265,45,"(32, 49)"
3647,3648,3648,4831.0,1.0,3.161,3.82,98.0,0.8274869109947645,45,"(32, 48)"
3648,3649,3649,4882.0,1.0,3.161,3.732,98.0,0.8469989281886388,45,"(32, 47)"
3649,3650,3650,4887.0,1.0,3.161,4.348,98.0,0.7270009199632015,45,"(32, 46)"
3650,3651,3651,4877.0,1.0,3.138,3.822,98.0,0.8210361067503924,45,"(32, 47)"
3651,3652,3652,4865.0,1.0,3.029,2.713,98.0,1.116476225580538,45,"(32, 46)"
3652,3653,3653,4856.0,1.0,3.029,2.548,98.0,1.1887755102040816,45,"(32, 45)"
3653,3654,3654,4872.0,1.0,2.91,5.057,98.0,0.575439984180344,45,"(32, 44)"
3654,3655,3655,93094.0,1.0,2.799,3.799,98.0,0.7367728349565675,45,"(32, 45)"
3655,3656,3656,4890.0,1.0,2.799,3.484,98.0,0.8033869115958668,45,"(32, 44)"
3656,3657,3657,4845.0,1.0,2.799,3.579,98.0,0.7820620284995808,45,"(32, 43)"
3657,3658,3658,4854.0,1.0,2.666,4.787,98.0,0.5569250052224776,45,"(32, 42)"
3658,3659,3659,4792.0,1.0,2.666,4.46,98.0,0.5977578475336323,45,"(32, 43)"
3659,3660,3660,4834.0,1.0,2.666,4.656,98.0,0.5725945017182131,45,"(32, 42)"
3660,3661,3661,4874.0,1.0,2.791,2.995,98.0,0.9318864774624374,45,"(32, 41)"
3661,3662,3662,4851.0,1.0,2.584,3.273,98.0,0.7894897647418271,45,"(32, 40)"
3662,3663,3663,4841.0,1.0,2.584,3.364,98.0,0.7681331747919145,45,"(32, 41)"
3663,3664,3664,4866.0,1.0,2.332,2.807,98.0,0.8307801923762023,45,"(32, 40)"
3664,3665,3665,4861.0,1.0,2.377,2.83,98.0,0.8399293286219081,45,"(32, 39)"
3665,3666,3666,198018.0,1.0,2.205,2.392,98.0,0.9218227424749164,45,"(32, 38)"
3666,3667,3667,4860.0,1.0,2.28,2.808,98.0,0.811965811965812,45,"(32, 39)"
3667,3668,3668,4884.0,1.0,2.28,2.808,98.0,0.811965811965812,45,"(32, 38)"
3668,3669,3669,4868.0,1.0,2.227,3.737,98.0,0.5959325662295959,45,"(32, 37)"
3669,3670,3670,4844.0,1.0,2.133,4.212,98.0,0.5064102564102564,45,"(32, 36)"
3670,3671,3671,4888.0,1.0,2.133,4.252,98.0,0.5016462841015993,45,"(32, 37)"
3671,3672,3672,4889.0,1.0,2.2,3.874,98.0,0.5678884873515746,45,"(32, 36)"
3672,3673,3673,4838.0,1.0,2.2,4.074,98.0,0.5400098183603339,45,"(32, 35)"
3673,3674,3674,4862.0,1.0,2.066,2.559,98.0,0.8073466197733489,45,"(32, 34)"
3674,3675,3675,228848.0,1.0,1.988,2.418,98.0,0.8221670802315963,45,"(32, 35)"
3675,3676,3676,4832.0,1.0,1.963,3.292,98.0,0.5962940461725396,45,"(32, 34)"
3676,3677,3677,4871.0,1.0,1.762,3.251,98.0,0.5419870808981851,45,"(32, 33)"
3677,3678,3678,4878.0,1.0,1.684,3.281,98.0,0.5132581530021335,45,"(32, 32)"
3678,3679,3679,,,,,,,45,"(32, 33)"
3679,3680,3680,,,,,,,45,"(32, 31)"
3680,3681,3681,,,,,,,45,"(32, 31)"
3681,3682,3682,5868.0,2.0,11.918,12.778,105.0,0.9326968226639536,45,"(32, 27)"
3682,3683,3683,5865.0,2.0,12.625,12.78,105.0,0.9878716744913928,45,"(32, 26)"
3683,3684,3684,5845.0,2.0,11.455,13.132,105.0,0.8722966798659763,45,"(32, 27)"
3684,3685,3685,5857.0,2.0,10.546,13.124,105.0,0.803565985979884,45,"(32, 26)"
3685,3686,3686,5840.0,2.0,10.028,12.878,105.0,0.7786923435316043,45,"(32, 25)"
3686,3687,3687,5862.0,2.0,8.615,12.247,105.0,0.703437576549359,45,"(32, 24)"
3687,3688,3688,5841.0,2.0,5.356,8.564,105.0,0.625408687529192,45,"(32, 25)"
3688,3689,3689,5843.0,2.0,5.278,7.233,105.0,0.7297110465920088,45,"(32, 24)"
3689,3690,3690,5856.0,2.0,4.38,9.598,105.0,0.456345071889977,45,"(32, 23)"
3690,3691,3691,5851.0,2.0,4.505,5.883,105.0,0.7657657657657657,45,"(32, 22)"
3691,3692,3692,154686.0,2.0,2.86,5.636,105.0,0.5074520936834634,45,"(32, 23)"
3692,3693,3693,93365.0,2.0,2.86,5.793,105.0,0.4936992922492663,45,"(32, 22)"
3693,3694,3694,5853.0,2.0,2.832,5.931,105.0,0.47749114820435,45,"(32, 21)"
3694,3695,3695,5842.0,2.0,2.666,5.188,105.0,0.5138781804163455,45,"(32, 20)"
3695,3696,3696,5869.0,2.0,2.723,4.542,105.0,0.5995156318802289,45,"(32, 21)"
3696,3697,3697,5839.0,2.0,2.621,5.194,105.0,0.5046207162110127,45,"(32, 20)"
3697,3698,3698,292003.0,2.0,2.543,7.413,105.0,0.3430460002697963,45,"(32, 19)"
3698,3699,3699,219365.0,2.0,2.718,7.119,105.0,0.381795195954488,45,"(32, 18)"
3699,3700,3700,5854.0,2.0,1.762,3.429,105.0,0.5138524351122776,45,"(32, 19)"
3700,3701,3701,5872.0,2.0,1.177,3.393,105.0,0.3468906572354848,45,"(32, 18)"
3701,3702,3702,60401.0,2.0,1.177,3.274,105.0,0.3594990836896762,45,"(32, 17)"
3702,3703,3703,5860.0,2.0,31.0,7.095,105.0,4.3692741367159975,45,"(32, 16)"
3703,3704,3704,5864.0,2.0,0.99,6.533,105.0,0.1515383437930506,45,"(32, 17)"
3704,3705,3705,5848.0,2.0,0.99,6.336,105.0,0.15625,45,"(32, 16)"
3705,3706,3706,5859.0,2.0,0.957,9.069,105.0,0.1055243135957657,45,"(32, 15)"
3706,3707,3707,212168.0,2.0,0.923,3.225,105.0,0.2862015503875969,45,"(32, 14)"
3707,3708,3708,5846.0,2.0,0.836,3.275,105.0,0.2552671755725191,45,"(32, 15)"
3708,3709,3709,5849.0,2.0,0.783,9.114,105.0,0.0859117840684661,45,"(32, 14)"
3709,3710,3710,5867.0,2.0,0.794,4.679,105.0,0.169694379140842,45,"(32, 13)"
3710,3711,3711,5861.0,2.0,0.722,1.404,105.0,0.5142450142450142,45,"(32, 12)"
3711,3712,3712,5850.0,2.0,0.405,7.208,105.0,0.0561875693673695,45,"(32, 13)"
3712,3713,3713,4784.0,2.0,10.474,2.527,98.0,4.144835773644638,45,"(32, 12)"
3713,3714,3714,4915.0,2.0,9.286,2.245,98.0,4.136302895322939,45,"(32, 11)"
3714,3715,3715,4794.0,2.0,6.859,3.638,98.0,1.8853765805387577,45,"(32, 10)"
3715,3716,3716,4796.0,2.0,6.46,4.968,98.0,1.3003220611916264,45,"(32, 11)"
3716,3717,3717,4830.0,2.0,6.524,4.374,98.0,1.4915409236396893,45,"(32, 9)"
3717,3718,3718,4790.0,2.0,4.923,3.666,98.0,1.3428805237315875,45,"(32, 8)"
3718,3719,3719,4785.0,2.0,3.944,3.876,98.0,1.0175438596491229,45,"(32, 9)"
3719,3720,3720,4789.0,2.0,3.558,4.884,98.0,0.7285012285012284,45,"(32, 8)"
3720,3721,3721,4914.0,2.0,3.558,4.884,98.0,0.7285012285012284,45,"(32, 7)"
3721,3722,3722,4787.0,2.0,3.547,2.768,98.0,1.2814306358381504,45,"(32, 6)"
3722,3723,3723,4793.0,2.0,3.595,4.431,98.0,0.8113292710449109,45,"(32, 7)"
3723,3724,3724,4916.0,2.0,3.161,4.501,98.0,0.70228838035992,45,"(32, 6)"
3724,3725,3725,4791.0,2.0,3.161,3.944,98.0,0.8014705882352942,45,"(32, 5)"
3725,3726,3726,4786.0,2.0,3.161,3.833,98.0,0.8246804069919124,45,"(32, 4)"
3726,3727,3727,92248.0,2.0,2.875,3.908,98.0,0.7356704196519959,45,"(32, 5)"
3727,3728,3728,4781.0,2.0,2.428,3.093,98.0,0.7849983834464921,45,"(32, 4)"
3728,3729,3729,4918.0,2.0,2.526,3.094,98.0,0.8164188752424046,45,"(32, 3)"
3729,3730,3730,4797.0,2.0,2.514,2.813,98.0,0.8937077852826163,45,"(32, 2)"
3730,3731,3731,4788.0,2.0,2.227,3.878,98.0,0.57426508509541,45,"(32, 3)"
3731,3732,3732,4922.0,2.0,2.045,2.258,98.0,0.9056687333923826,45,"(32, 2)"
3732,3733,3733,3351.0,1.0,11.273,12.781,78.0,0.8820123620999921,46,"(33, 2)"
3733,3734,3734,3374.0,1.0,10.425,12.782,78.0,0.8156000625880144,46,"(33, 3)"
3734,3735,3735,3371.0,1.0,8.791,9.172,78.0,0.9584605320540776,46,"(33, 2)"
3735,3736,3736,3492.0,1.0,8.099,9.209,78.0,0.8794657400369205,46,"(33, 3)"
3736,3737,3737,3538.0,1.0,7.646,12.783,78.0,0.598138152233435,46,"(33, 4)"
3737,3738,3738,3538.0,1.0,7.646,12.783,78.0,0.598138152233435,46,"(33, 5)"
3738,3739,3739,3360.0,1.0,7.894,12.784,78.0,0.6174906132665832,46,"(33, 4)"
3739,3740,3740,3519.0,1.0,7.415,9.451,78.0,0.7845730610517405,46,"(33, 5)"
3740,3741,3741,3532.0,1.0,7.4,9.609,78.0,0.7701113539390155,46,"(33, 6)"
3741,3742,3742,3355.0,1.0,7.532,9.246,78.0,0.8146225394765304,46,"(33, 7)"
3742,3743,3743,3495.0,1.0,7.471,12.785,78.0,0.5843566679702776,46,"(33, 6)"
3743,3744,3744,3491.0,1.0,7.182,12.787,78.0,0.5616641901931649,46,"(33, 7)"
3744,3745,3745,3356.0,1.0,7.14,9.151,78.0,0.7802425964375478,46,"(33, 8)"
3745,3746,3746,3349.0,1.0,7.167,12.788,78.0,0.5604472943384423,46,"(33, 9)"
3746,3747,3747,3506.0,1.0,7.194,8.389,78.0,0.857551555608535,46,"(33, 8)"
3747,3748,3748,3496.0,1.0,7.094,8.449,78.0,0.8396259912415671,46,"(33, 9)"
3748,3749,3749,3358.0,1.0,6.818,8.528,78.0,0.799484052532833,46,"(33, 10)"
3749,3750,3750,3501.0,1.0,6.652,9.725,78.0,0.6840102827763497,46,"(33, 11)"
3750,3751,3751,3369.0,1.0,6.29,13.404,78.0,0.4692629065950462,46,"(33, 10)"
3751,3752,3752,3490.0,1.0,6.444,9.895,78.0,0.6512379989893886,46,"(33, 11)"
3752,3753,3753,3386.0,1.0,6.672,13.097,78.0,0.5094296403756585,46,"(33, 12)"
3753,3754,3754,3380.0,1.0,6.325,9.899,78.0,0.6389534296393576,46,"(33, 13)"
3754,3755,3755,3637.0,1.0,6.042,12.789,78.0,0.4724372507623739,46,"(33, 12)"
3755,3756,3756,3516.0,1.0,6.416,8.856,78.0,0.7244805781391148,46,"(33, 13)"
3756,3757,3757,3503.0,1.0,5.795,8.757,78.0,0.6617563092383236,46,"(33, 14)"
3757,3758,3758,3507.0,1.0,5.795,8.696,78.0,0.6663983440662373,46,"(33, 15)"
3758,3759,3759,3353.0,1.0,5.924,8.278,78.0,0.7156317951195941,46,"(33, 14)"
3759,3760,3760,3367.0,1.0,5.91,9.43,78.0,0.6267232237539767,46,"(33, 15)"
3760,3761,3761,3521.0,1.0,6.098,9.143,78.0,0.6669583287761128,46,"(33, 16)"
3761,3762,3762,3515.0,1.0,6.036,13.412,78.0,0.4500447360572621,46,"(33, 17)"
3762,3763,3763,3381.0,1.0,5.569,9.087,78.0,0.6128535270166171,46,"(33, 16)"
3763,3764,3764,3528.0,1.0,5.594,12.792,78.0,0.4373045653533459,46,"(33, 17)"
3764,3765,3765,3362.0,1.0,5.594,8.927,78.0,0.6266382883387477,46,"(33, 18)"
3765,3766,3766,3383.0,1.0,5.349,15.533,78.0,0.3443636129530676,46,"(33, 19)"
3766,3767,3767,3511.0,1.0,5.775,14.15,78.0,0.4081272084805654,46,"(33, 18)"
3767,3768,3768,3499.0,1.0,5.832,12.794,78.0,0.4558386743786149,46,"(33, 19)"
3768,3769,3769,3508.0,1.0,5.611,15.12,78.0,0.3710978835978836,46,"(33, 20)"
3769,3770,3770,3505.0,1.0,5.328,12.795,78.0,0.4164126611957796,46,"(33, 21)"
3770,3771,3771,3350.0,1.0,5.328,9.179,78.0,0.5804553872970912,46,"(33, 20)"
3771,3772,3772,3343.0,1.0,5.229,8.811,78.0,0.5934627170582227,46,"(33, 21)"
3772,3773,3773,3526.0,1.0,5.432,12.797,78.0,0.4244744862077049,46,"(33, 22)"
3773,3774,3774,3365.0,1.0,5.05,12.798,78.0,0.3945929051414283,46,"(33, 23)"
3774,3775,3775,3370.0,1.0,4.848,7.968,78.0,0.608433734939759,46,"(33, 22)"
3775,3776,3776,3352.0,1.0,4.997,8.533,78.0,0.5856088128442517,46,"(33, 23)"
3776,3777,3777,3377.0,1.0,4.554,9.57,78.0,0.4758620689655172,46,"(33, 24)"
3777,3778,3778,3502.0,1.0,4.554,8.975,78.0,0.5074094707520892,46,"(33, 25)"
3778,3779,3779,3348.0,1.0,4.589,9.007,78.0,0.5094926168535584,46,"(33, 24)"
3779,3780,3780,3357.0,1.0,4.268,12.8,78.0,0.3334374999999999,46,"(33, 25)"
3780,3781,3781,3683.0,1.0,4.442,9.574,78.0,0.4639649049509087,46,"(33, 26)"
3781,3782,3782,3363.0,1.0,4.442,8.123,78.0,0.5468422996429891,46,"(33, 27)"
3782,3783,3783,3366.0,1.0,4.451,9.405,78.0,0.4732589048378522,46,"(33, 26)"
3783,3784,3784,3342.0,1.0,4.417,9.174,78.0,0.4814693699585786,46,"(33, 27)"
3784,3785,3785,279068.0,1.0,4.417,12.801,78.0,0.3450511678775095,46,"(33, 31)"
3785,3786,3786,3533.0,1.0,3.998,8.681,78.0,0.4605460200437738,46,"(33, 31)"
3786,3787,3787,3493.0,1.0,3.95,12.804,78.0,0.3084973445798188,46,"(33, 32)"
3787,3788,3788,3676.0,1.0,4.043,9.102,78.0,0.4441880905295539,46,"(33, 33)"
3788,3789,3789,3684.0,1.0,4.06,8.101,78.0,0.5011726947290457,46,"(33, 32)"
3789,3790,3790,3500.0,1.0,3.765,7.997,78.0,0.470801550581468,46,"(33, 33)"
3790,3791,3791,3647.0,1.0,3.765,7.894,78.0,0.4769445148213833,46,"(33, 34)"
3791,3792,3792,3635.0,1.0,3.765,7.997,78.0,0.470801550581468,46,"(33, 35)"
3792,3793,3793,3525.0,1.0,3.752,8.084,78.0,0.4641266699653636,46,"(33, 34)"
3793,3794,3794,3354.0,1.0,3.558,7.721,78.0,0.4608211371583991,46,"(33, 35)"
3794,3795,3795,3504.0,1.0,3.558,12.805,78.0,0.2778602108551347,46,"(33, 36)"
3795,3796,3796,3382.0,1.0,3.727,15.232,78.0,0.2446822478991596,46,"(33, 37)"
3796,3797,3797,3345.0,1.0,3.547,9.767,78.0,0.3631616668373093,46,"(33, 36)"
3797,3798,3798,3344.0,1.0,3.61,9.901,78.0,0.3646096353903646,46,"(33, 37)"
3798,3799,3799,3518.0,1.0,3.313,12.806,78.0,0.2587068561611745,46,"(33, 38)"
3799,3800,3800,3522.0,1.0,3.238,12.937,78.0,0.2502898662750251,46,"(33, 39)"
3800,3801,3801,3498.0,1.0,3.536,14.288,78.0,0.2474804031354983,46,"(33, 38)"
3801,3802,3802,3534.0,1.0,3.142,8.35,78.0,0.3762874251497006,46,"(33, 39)"
3802,3803,3803,3494.0,1.0,3.142,8.307,78.0,0.3782352233056458,46,"(33, 40)"
3803,3804,3804,3373.0,1.0,3.142,8.145,78.0,0.3857581338244322,46,"(33, 41)"
3804,3805,3805,3378.0,1.0,3.145,7.667,78.0,0.4101995565410199,46,"(33, 40)"
3805,3806,3806,3361.0,1.0,3.145,8.056,78.0,0.3903922542204568,46,"(33, 41)"
3806,3807,3807,3509.0,1.0,3.165,12.807,78.0,0.2471304755211993,46,"(33, 42)"
3807,3808,3808,3529.0,1.0,2.91,14.791,78.0,0.1967412615779866,46,"(33, 43)"
3808,3809,3809,3520.0,1.0,18.0,14.12,78.0,1.274787535410765,46,"(33, 42)"
3809,3810,3810,3527.0,1.0,2.95,14.581,78.0,0.202318085179343,46,"(33, 43)"
3810,3811,3811,3368.0,1.0,2.878,12.812,78.0,0.2246331564158601,46,"(33, 44)"
3811,3812,3812,3510.0,1.0,2.878,14.611,78.0,0.1969748819382656,46,"(33, 45)"
3812,3813,3813,3530.0,1.0,2.875,12.813,78.0,0.2243814875517052,46,"(33, 44)"
3813,3814,3814,3535.0,1.0,2.799,12.814,78.0,0.2184329639456844,46,"(33, 45)"
3814,3815,3815,33554.0,1.0,2.832,13.252,78.0,0.2137035919106549,46,"(33, 46)"
3815,3816,3816,3523.0,1.0,2.832,12.815,78.0,0.2209910261412407,46,"(33, 47)"
3816,3817,3817,3379.0,1.0,2.723,12.817,78.0,0.2124522119060622,46,"(33, 46)"
3817,3818,3818,3372.0,1.0,2.526,12.818,78.0,0.1970666250585114,46,"(33, 47)"
3818,3819,3819,3338.0,1.0,2.318,7.097,78.0,0.3266168803719881,46,"(33, 48)"
3819,3820,3820,3376.0,1.0,2.514,16.934,78.0,0.1484587220975552,46,"(33, 49)"
3820,3821,3821,3517.0,1.0,2.28,14.357,78.0,0.1588075503238838,46,"(33, 48)"
3821,3822,3822,3347.0,1.0,2.227,13.725,78.0,0.1622586520947176,46,"(33, 49)"
3822,3823,3823,3341.0,1.0,2.133,15.085,78.0,0.1413987404706662,46,"(33, 50)"
3823,3824,3824,3514.0,1.0,2.117,15.388,78.0,0.1375747335586171,46,"(33, 51)"
3824,3825,3825,3359.0,1.0,1.972,13.837,78.0,0.1425164414251644,46,"(33, 50)"
3825,3826,3826,266913.0,1.0,27.0,13.918,78.0,1.939933898548642,46,"(33, 51)"
3826,3827,3827,3512.0,1.0,2.066,13.584,78.0,0.1520906949352179,46,"(33, 52)"
3827,3828,3828,3340.0,1.0,2.066,13.584,78.0,0.1520906949352179,46,"(33, 53)"
3828,3829,3829,3524.0,1.0,1.821,8.26,78.0,0.2204600484261501,46,"(33, 52)"
3829,3830,3830,3537.0,1.0,1.004,2.031,78.0,0.4943377646479566,46,"(33, 53)"
3830,3831,3831,3364.0,1.0,0.917,2.267,78.0,0.4044993383325981,46,"(33, 54)"
3831,3832,3832,,,,,,,46,"(33, 55)"
3832,3833,3833,,,,,,,46,"(33, 54)"
3833,3834,3834,,,,,,,46,"(33, 55)"
3834,3835,3835,6134.0,1.0,8.028,6.436,112.0,1.247358607830951,46,"(33, 56)"
3835,3836,3836,6148.0,1.0,5.924,8.575,112.0,0.6908454810495628,46,"(33, 57)"
3836,3837,3837,6129.0,1.0,5.91,8.363,112.0,0.7066842042329308,46,"(33, 56)"
3837,3838,3838,6143.0,1.0,5.546,5.819,112.0,0.953084722460904,46,"(33, 57)"
3838,3839,3839,6144.0,1.0,5.32,5.553,112.0,0.958040698721412,46,"(33, 58)"
3839,3840,3840,6142.0,1.0,4.986,6.772,112.0,0.7362669816893088,46,"(33, 59)"
3840,3841,3841,6127.0,1.0,4.986,6.464,112.0,0.77134900990099,46,"(33, 58)"
3841,3842,3842,6277.0,1.0,5.179,7.076,112.0,0.7319106840022612,46,"(33, 59)"
3842,3843,3843,6147.0,1.0,4.902,7.009,112.0,0.6993865030674846,46,"(33, 60)"
3843,3844,3844,6125.0,1.0,5.061,7.65,112.0,0.6615686274509803,46,"(33, 61)"
3844,3845,3845,6146.0,1.0,4.721,6.018,112.0,0.7844798936523762,46,"(33, 60)"
3845,3846,3846,6141.0,1.0,4.305,9.199,112.0,0.4679856506141971,46,"(33, 61)"
3846,3847,3847,6145.0,1.0,4.38,8.639,112.0,0.5070031253617318,47,"(34, 61)"
3847,3848,3848,6130.0,1.0,3.861,6.202,112.0,0.6225411157691068,47,"(34, 60)"
3848,3849,3849,6135.0,1.0,3.765,6.375,112.0,0.5905882352941176,47,"(34, 61)"
3849,3850,3850,6138.0,1.0,3.855,6.592,112.0,0.5847997572815534,47,"(34, 60)"
3850,3851,3851,6133.0,1.0,3.702,5.448,112.0,0.6795154185022025,47,"(34, 59)"
3851,3852,3852,6132.0,1.0,3.727,5.453,112.0,0.6834769851457912,47,"(34, 58)"
3852,3853,3853,6137.0,1.0,3.727,5.351,112.0,0.6965053261072697,47,"(34, 59)"
3853,3854,3854,6149.0,1.0,3.491,5.384,112.0,0.6484026745913819,47,"(34, 58)"
3854,3855,3855,6150.0,1.0,3.491,4.9,112.0,0.7124489795918367,47,"(34, 57)"
3855,3856,3856,6140.0,1.0,3.344,4.92,112.0,0.6796747967479675,47,"(34, 56)"
3856,3857,3857,6139.0,1.0,2.964,5.051,112.0,0.5868144921797663,47,"(34, 57)"
3857,3858,3858,6126.0,1.0,18.0,7.509,112.0,2.3971234518577704,47,"(34, 56)"
3858,3859,3859,6128.0,1.0,2.86,5.657,112.0,0.5055683224323846,47,"(34, 55)"
3859,3860,3860,6136.0,1.0,2.449,5.028,112.0,0.4870723945902944,47,"(34, 54)"
3860,3861,3861,6131.0,1.0,2.377,5.258,112.0,0.4520730315709395,47,"(34, 55)"
3861,3862,3862,,,,,,,47,"(34, 54)"
3862,3863,3863,,,,,,,47,"(34, 53)"
3863,3864,3864,5930.0,1.0,6.166,5.248,109.0,1.174923780487805,47,"(34, 52)"
3864,3865,3865,5950.0,1.0,6.416,5.606,109.0,1.1444880485194435,47,"(34, 53)"
3865,3866,3866,6089.0,1.0,6.295,5.481,109.0,1.1485130450647691,47,"(34, 52)"
3866,3867,3867,5939.0,1.0,6.083,5.567,109.0,1.0926890605352972,47,"(34, 51)"
3867,3868,3868,5936.0,1.0,5.569,7.556,109.0,0.7370301746956062,47,"(34, 50)"
3868,3869,3869,5947.0,1.0,5.648,4.528,109.0,1.2473498233215548,47,"(34, 51)"
3869,3870,3870,5941.0,1.0,5.252,4.349,109.0,1.207633938836514,47,"(34, 50)"
3870,3871,3871,5937.0,1.0,5.252,4.191,109.0,1.2531615366261035,47,"(34, 49)"
3871,3872,3872,5945.0,1.0,5.252,4.303,109.0,1.2205438066465255,47,"(34, 48)"
3872,3873,3873,5944.0,1.0,5.328,4.375,109.0,1.2178285714285717,47,"(34, 49)"
3873,3874,3874,5943.0,1.0,4.423,7.362,109.0,0.6007878293941864,47,"(34, 48)"
3874,3875,3875,5954.0,1.0,4.174,7.632,109.0,0.5469077568134173,47,"(34, 47)"
3875,3876,3876,5946.0,1.0,4.174,7.725,109.0,0.5403236245954693,47,"(34, 46)"
3876,3877,3877,5951.0,1.0,4.272,7.122,109.0,0.5998315080033699,47,"(34, 47)"
3877,3878,3878,5933.0,1.0,4.18,6.408,109.0,0.6523096129837702,47,"(34, 46)"
3878,3879,3879,5938.0,1.0,4.34,5.08,109.0,0.8543307086614172,47,"(34, 45)"
3879,3880,3880,5953.0,1.0,4.34,5.011,109.0,0.8660945918978248,47,"(34, 44)"
3880,3881,3881,5940.0,1.0,4.34,5.011,109.0,0.8660945918978248,47,"(34, 45)"
3881,3882,3882,5929.0,1.0,4.34,6.52,109.0,0.6656441717791411,47,"(34, 44)"
3882,3883,3883,5949.0,1.0,4.34,5.832,109.0,0.7441700960219478,47,"(34, 43)"
3883,3884,3884,5942.0,1.0,3.558,4.587,109.0,0.7756703727926749,47,"(34, 42)"
3884,3885,3885,5935.0,1.0,3.608,4.289,109.0,0.8412217300069947,47,"(34, 43)"
3885,3886,3886,5934.0,1.0,3.608,4.502,109.0,0.8014215904042649,47,"(34, 42)"
3886,3887,3887,5952.0,1.0,3.608,4.615,109.0,0.7817984832069339,47,"(34, 41)"
3887,3888,3888,5932.0,1.0,1.664,4.868,109.0,0.3418241577649958,47,"(34, 40)"
3888,3889,3889,5931.0,1.0,1.358,12.82,109.0,0.1059282371294851,47,"(34, 41)"
3889,3890,3890,5948.0,1.0,0.624,4.818,109.0,0.1295143212951432,47,"(34, 40)"
3890,3891,3891,,,,,,,47,"(34, 39)"
3891,3892,3892,,,,,,,47,"(34, 38)"
3892,3893,3893,5485.0,1.0,11.771,7.168,26.0,1.6421595982142858,47,"(34, 39)"
3893,3894,3894,5298.0,1.0,12.625,7.726,26.0,1.6340926740874968,47,"(34, 38)"
3894,3895,3895,5120.0,1.0,11.31,7.901,26.0,1.431464371598532,47,"(34, 37)"
3895,3896,3896,5460.0,1.0,11.146,7.209,26.0,1.5461229019281455,47,"(34, 36)"
3896,3897,3897,5094.0,1.0,11.146,7.169,26.0,1.5547496164039618,47,"(34, 37)"
3897,3898,3898,5206.0,1.0,11.146,7.239,26.0,1.5397154303080538,47,"(34, 36)"
3898,3899,3899,80602.0,1.0,11.811,12.821,26.0,0.921222993526246,47,"(34, 35)"
3899,3900,3900,301994.0,1.0,11.866,12.822,26.0,0.9254406488847294,47,"(34, 34)"
3900,3901,3901,171914.0,1.0,11.588,12.823,26.0,0.9036886843952272,47,"(34, 35)"
3901,3902,3902,5277.0,1.0,10.081,8.169,26.0,1.2340555759578895,47,"(34, 34)"
3902,3903,3903,5244.0,1.0,10.547,7.302,26.0,1.444398794850726,47,"(34, 33)"
3903,3904,3904,5187.0,1.0,8.991,6.447,26.0,1.3946021405304792,47,"(34, 32)"
3904,3905,3905,5467.0,1.0,9.628,6.902,26.0,1.3949579831932772,47,"(34, 33)"
3905,3906,3906,5259.0,1.0,8.791,7.329,26.0,1.199481511802429,47,"(34, 32)"
3906,3907,3907,5415.0,1.0,8.082,6.962,26.0,1.1608733122665902,47,"(34, 31)"
3907,3908,3908,40307.0,1.0,8.099,7.011,26.0,1.1551847097418342,47,"(34, 31)"
3908,3909,3909,178391.0,2.0,7.45,12.824,78.0,0.5809419837804117,47,"(34, 27)"
3909,3910,3910,135042.0,2.0,7.343,12.826,78.0,0.5725089661624825,47,"(34, 26)"
3910,3911,3911,3636.0,2.0,7.532,12.827,78.0,0.5871988773680518,47,"(34, 27)"
3911,3912,3912,3675.0,2.0,7.06,8.75,78.0,0.8068571428571428,47,"(34, 26)"
3912,3913,3913,3645.0,2.0,6.524,9.202,78.0,0.7089763094979352,47,"(34, 25)"
3913,3914,3914,3680.0,2.0,6.153,12.828,78.0,0.4796538821328344,47,"(34, 24)"
3914,3915,3915,3652.0,2.0,5.738,8.522,78.0,0.6733161229758273,47,"(34, 25)"
3915,3916,3916,3536.0,2.0,5.518,7.925,78.0,0.6962776025236593,47,"(34, 24)"
3916,3917,3917,3667.0,2.0,5.546,12.829,78.0,0.4323018161976771,47,"(34, 23)"
3917,3918,3918,3661.0,2.0,5.388,12.83,78.0,0.4199532346063913,47,"(34, 22)"
3918,3919,3919,36547.0,2.0,5.239,12.831,78.0,0.4083080040526849,47,"(34, 23)"
3919,3920,3920,3677.0,2.0,4.857,8.577,78.0,0.5662819167541099,47,"(34, 22)"
3920,3921,3921,153816.0,2.0,4.874,9.369,78.0,0.5202262781513501,47,"(34, 21)"
3921,3922,3922,3682.0,2.0,4.639,9.323,78.0,0.4975866137509385,47,"(34, 20)"
3922,3923,3923,3663.0,2.0,4.721,12.833,78.0,0.3678796851866282,47,"(34, 21)"
3923,3924,3924,3662.0,2.0,4.554,9.57,78.0,0.4758620689655172,47,"(34, 20)"
3924,3925,3925,3655.0,2.0,4.554,8.404,78.0,0.5418848167539267,47,"(34, 19)"
3925,3926,3926,3655.0,2.0,4.554,8.404,78.0,0.5418848167539267,47,"(34, 18)"
3926,3927,3927,3639.0,2.0,4.589,9.454,78.0,0.4854030040194627,47,"(34, 19)"
3927,3928,3928,125013.0,2.0,4.643,9.18,78.0,0.5057734204793028,47,"(34, 18)"
3928,3929,3929,3653.0,2.0,4.699,8.489,78.0,0.5535398751325243,47,"(34, 17)"
3929,3930,3930,3669.0,2.0,4.174,8.335,78.0,0.5007798440311938,47,"(34, 16)"
3930,3931,3931,3681.0,2.0,3.752,12.835,78.0,0.2923256719906505,47,"(34, 17)"
3931,3932,3932,3660.0,2.0,3.88,12.836,78.0,0.3022748519788096,47,"(34, 16)"
3932,3933,3933,247839.0,2.0,3.313,13.387,78.0,0.2474788974378128,47,"(34, 15)"
3933,3934,3934,3640.0,2.0,3.536,13.029,78.0,0.271394581318597,47,"(34, 14)"
3934,3935,3935,3642.0,2.0,3.001,12.841,78.0,0.2337045401448485,47,"(34, 15)"
3935,3936,3936,3513.0,2.0,2.878,12.842,78.0,0.224108394331101,47,"(34, 14)"
3936,3937,3937,3650.0,2.0,2.791,12.843,78.0,0.2173168262866931,47,"(34, 13)"
3937,3938,3938,3651.0,2.0,2.449,15.577,78.0,0.1572189766964113,47,"(34, 12)"
3938,3939,3939,261994.0,2.0,2.449,12.844,78.0,0.1906726876362504,47,"(34, 13)"
3939,3940,3940,3641.0,2.0,2.318,15.504,78.0,0.1495098039215686,47,"(34, 12)"
3940,3941,3941,3656.0,2.0,2.332,15.289,78.0,0.1525279612793511,47,"(34, 11)"
3941,3942,3942,3339.0,2.0,2.471,9.357,78.0,0.2640803676392006,47,"(34, 10)"
3942,3943,3943,3337.0,2.0,2.37,6.974,78.0,0.3398336679093777,47,"(34, 11)"
3943,3944,3944,3668.0,2.0,2.367,14.968,78.0,0.1581373597006948,47,"(34, 10)"
3944,3945,3945,3665.0,2.0,2.322,13.25,78.0,0.1752452830188679,47,"(34, 9)"
3945,3946,3946,3346.0,2.0,2.341,14.259,78.0,0.1641770110105898,47,"(34, 8)"
3946,3947,3947,3674.0,2.0,2.205,12.883,78.0,0.1711557866956454,47,"(34, 9)"
3947,3948,3948,160159.0,2.0,2.227,15.259,78.0,0.1459466544334491,47,"(34, 8)"
3948,3949,3949,3646.0,2.0,2.133,13.489,78.0,0.1581288457261472,47,"(34, 7)"
3949,3950,3950,68855.0,2.0,2.113,14.87,78.0,0.142098184263618,47,"(34, 6)"
3950,3951,3951,33913.0,2.0,2.117,13.803,78.0,0.1533724552633485,47,"(34, 7)"
3951,3952,3952,132408.0,2.0,1.972,8.752,78.0,0.2253199268738573,47,"(34, 6)"
3952,3953,3953,3654.0,2.0,1.988,9.332,78.0,0.2130304329189884,47,"(34, 5)"
3953,3954,3954,3678.0,2.0,1.821,8.26,78.0,0.2204600484261501,47,"(34, 4)"
3954,3955,3955,198102.0,2.0,1.575,13.867,78.0,0.1135790005047955,47,"(34, 5)"
3955,3956,3956,3643.0,2.0,1.665,12.845,78.0,0.1296224211755547,47,"(34, 4)"
3956,3957,3957,3670.0,2.0,1.483,2.369,78.0,0.6260025327142253,47,"(34, 3)"
3957,3958,3958,3666.0,2.0,0.931,2.199,78.0,0.4233742610277399,47,"(34, 2)"
3958,3959,3959,296719.0,2.0,6.221,8.699,112.0,0.7151396712265778,47,"(34, 3)"
3959,3960,3960,6279.0,2.0,28.0,6.438,112.0,4.349176762969867,47,"(34, 2)"
3960,3961,3961,6280.0,2.0,3.165,5.211,112.0,0.6073690270581462,48,"(35, 2)"
3961,3962,3962,6096.0,2.0,6.166,5.346,109.0,1.1533857089412645,48,"(35, 3)"
3962,3963,3963,6092.0,2.0,5.648,2.944,109.0,1.9184782608695647,48,"(35, 2)"
3963,3964,3964,6101.0,2.0,5.252,4.349,109.0,1.207633938836514,48,"(35, 3)"
3964,3965,3965,6093.0,2.0,5.252,4.191,109.0,1.2531615366261035,48,"(35, 4)"
3965,3966,3966,6095.0,2.0,5.328,4.292,109.0,1.2413793103448276,48,"(35, 5)"
3966,3967,3967,6099.0,2.0,3.238,12.847,109.0,0.2520432785864404,48,"(35, 4)"
3967,3968,3968,6097.0,2.0,3.536,12.848,109.0,0.2752179327521793,48,"(35, 5)"
3968,3969,3969,6094.0,2.0,2.875,7.739,109.0,0.3714950251970539,48,"(35, 6)"
3969,3970,3970,6091.0,2.0,2.875,7.739,109.0,0.3714950251970539,48,"(35, 7)"
3970,3971,3971,6100.0,2.0,2.832,7.709,109.0,0.3673628226747957,48,"(35, 6)"
3971,3972,3972,6090.0,2.0,2.832,7.847,109.0,0.3609022556390977,48,"(35, 7)"
3972,3973,3973,118176.0,1.0,8.099,7.012,26.0,1.1550199657729607,48,"(35, 8)"
3973,3974,3974,4977.0,1.0,8.099,6.604,26.0,1.2263779527559056,48,"(35, 9)"
3974,3975,3975,5092.0,1.0,8.099,6.573,26.0,1.2321618743343985,48,"(35, 8)"
3975,3976,3976,5261.0,1.0,8.63,6.692,26.0,1.289599521817095,48,"(35, 9)"
3976,3977,3977,5185.0,1.0,7.756,7.519,26.0,1.0315201489559782,48,"(35, 11)"
3977,3978,3978,4984.0,1.0,7.515,7.436,26.0,1.0106239913932222,48,"(35, 10)"
3978,3979,3979,5370.0,1.0,7.515,7.564,26.0,0.9935219460602857,48,"(35, 11)"
3979,3980,3980,5101.0,1.0,7.515,7.495,26.0,1.0026684456304202,48,"(35, 12)"
3980,3981,3981,5119.0,1.0,7.515,7.67,26.0,0.9797913950456324,48,"(35, 13)"
3981,3982,3982,5009.0,1.0,7.883,7.727,26.0,1.020188947845218,48,"(35, 12)"
3982,3983,3983,5309.0,1.0,6.46,5.861,26.0,1.1022009895922198,48,"(35, 13)"
3983,3984,3984,5037.0,1.0,6.46,6.127,26.0,1.0543496001305697,48,"(35, 14)"
3984,3985,3985,5251.0,1.0,6.46,5.958,26.0,1.0842564618999664,48,"(35, 15)"
3985,3986,3986,646.0,1.0,5.775,10.849,26.0,0.5323071250806526,48,"(35, 14)"
3986,3987,3987,633.0,1.0,5.832,10.916,26.0,0.5342616342982778,48,"(35, 15)"
3987,3988,3988,107133.0,1.0,5.676,6.347,26.0,0.8942807625649913,48,"(35, 16)"
3988,3989,3989,124717.0,1.0,5.284,8.197,26.0,0.6446260827131878,48,"(35, 17)"
3989,3990,3990,160816.0,1.0,5.284,8.037,26.0,0.65745925096429,48,"(35, 16)"
3990,3991,3991,65194.0,1.0,5.32,8.099,26.0,0.6568712186689715,48,"(35, 17)"
3991,3992,3992,164948.0,1.0,5.32,7.759,26.0,0.6856553679597887,48,"(35, 18)"
3992,3993,3993,5289.0,1.0,5.364,4.273,26.0,1.2553241282471332,48,"(35, 19)"
3993,3994,3994,5466.0,1.0,5.485,3.912,26.0,1.4020961145194275,48,"(35, 18)"
3994,3995,3995,5071.0,1.0,5.485,4.142,26.0,1.3242394978271366,48,"(35, 19)"
3995,3996,3996,111527.0,1.0,5.432,7.783,26.0,0.6979313889245792,48,"(35, 20)"
3996,3997,3997,32489.0,1.0,4.986,7.747,26.0,0.6436039757325416,48,"(35, 21)"
3997,3998,3998,50947.0,1.0,4.986,8.488,26.0,0.5874175306314797,48,"(35, 20)"
3998,3999,3999,5114.0,1.0,4.857,8.882,26.0,0.5468362981310516,48,"(35, 21)"
3999,4000,4000,5429.0,1.0,4.814,8.929,26.0,0.5391421211781834,48,"(35, 22)"
4000,4001,4001,5266.0,1.0,4.814,8.01,26.0,0.6009987515605494,48,"(35, 23)"
4001,4002,4002,5339.0,1.0,4.883,8.416,26.0,0.5802043726235742,48,"(35, 22)"
4002,4003,4003,5257.0,1.0,4.883,8.478,26.0,0.5759613116301014,48,"(35, 23)"
4003,4004,4004,5303.0,1.0,4.883,7.972,26.0,0.6125188158554942,48,"(35, 24)"
4004,4005,4005,5182.0,1.0,4.883,7.936,26.0,0.6152973790322581,48,"(35, 25)"
4005,4006,4006,5136.0,1.0,4.639,6.627,26.0,0.7000150897842161,48,"(35, 24)"
4006,4007,4007,5186.0,1.0,4.639,7.262,26.0,0.638804736987056,48,"(35, 25)"
4007,4008,4008,5281.0,1.0,4.721,6.991,26.0,0.675296810184523,48,"(35, 26)"
4008,4009,4009,5421.0,1.0,4.721,7.163,26.0,0.6590813904788496,48,"(35, 27)"
4009,4010,4010,5116.0,1.0,4.721,7.163,26.0,0.6590813904788496,48,"(35, 26)"
4010,4011,4011,5285.0,1.0,4.721,6.977,26.0,0.6766518560986097,48,"(35, 27)"
4011,4012,4012,,,,,,,48,"(35, 31)"
4012,4013,4013,5082.0,1.0,4.721,7.155,26.0,0.6598183088749127,48,"(35, 31)"
4013,4014,4014,5063.0,1.0,4.665,6.906,26.0,0.6754995655951347,48,"(35, 33)"
4014,4015,4015,5210.0,1.0,4.665,6.961,26.0,0.6701623329981324,48,"(35, 32)"
4015,4016,4016,5115.0,1.0,4.665,6.57,26.0,0.7100456621004566,48,"(35, 33)"
4016,4017,4017,5021.0,1.0,4.665,7.098,26.0,0.6572273879966187,48,"(35, 34)"
4017,4018,4018,5276.0,1.0,4.554,7.117,26.0,0.6398763523956724,48,"(35, 35)"
4018,4019,4019,5335.0,1.0,4.554,7.117,26.0,0.6398763523956724,48,"(35, 34)"
4019,4020,4020,5252.0,1.0,4.554,7.906,26.0,0.5760182140146725,48,"(35, 35)"
4020,4021,4021,4978.0,1.0,4.589,7.25,26.0,0.6329655172413794,48,"(35, 36)"
4021,4022,4022,5030.0,1.0,4.589,7.25,26.0,0.6329655172413794,48,"(35, 37)"
4022,4023,4023,5486.0,1.0,4.697,7.218,26.0,0.6507342754225547,48,"(35, 36)"
4023,4024,4024,5292.0,1.0,4.697,6.853,26.0,0.6853932584269663,48,"(35, 37)"
4024,4025,4025,5117.0,1.0,4.415,8.085,26.0,0.5460729746444032,48,"(35, 38)"
4025,4026,4026,5464.0,1.0,4.415,8.215,26.0,0.5374315276932441,48,"(35, 39)"
4026,4027,4027,5031.0,1.0,4.501,7.798,26.0,0.5771992818671454,48,"(35, 38)"
4027,4028,4028,5083.0,1.0,4.501,8.218,26.0,0.5477001703577513,48,"(35, 39)"
4028,4029,4029,5106.0,1.0,4.501,8.454,26.0,0.5324106931629997,48,"(35, 40)"
4029,4030,4030,5328.0,1.0,4.501,8.454,26.0,0.5324106931629997,48,"(35, 41)"
4030,4031,4031,5250.0,1.0,4.501,8.454,26.0,0.5324106931629997,48,"(35, 40)"
4031,4032,4032,4999.0,1.0,4.699,8.442,26.0,0.556621653636579,48,"(35, 41)"
4032,4033,4033,5128.0,1.0,4.699,8.442,26.0,0.556621653636579,48,"(35, 42)"
4033,4034,4034,5001.0,1.0,4.699,8.204,26.0,0.5727693807898585,48,"(35, 43)"
4034,4035,4035,4982.0,1.0,4.699,8.73,26.0,0.5382588774341351,48,"(35, 42)"
4035,4036,4036,4998.0,1.0,4.699,7.946,26.0,0.5913667253964259,48,"(35, 43)"
4036,4037,4037,5329.0,1.0,4.699,8.442,26.0,0.556621653636579,48,"(35, 44)"
4037,4038,4038,5002.0,1.0,4.699,7.946,26.0,0.5913667253964259,48,"(35, 45)"
4038,4039,4039,5230.0,1.0,4.699,8.502,26.0,0.5526934838861444,48,"(35, 44)"
4039,4040,4040,5293.0,1.0,4.699,8.502,26.0,0.5526934838861444,48,"(35, 45)"
4040,4041,4041,4987.0,1.0,4.699,8.73,26.0,0.5382588774341351,48,"(35, 46)"
4041,4042,4042,5341.0,1.0,4.305,8.308,26.0,0.5181752527684159,48,"(35, 47)"
4042,4043,4043,5000.0,1.0,4.426,6.108,26.0,0.7246234446627374,48,"(35, 46)"
4043,4044,4044,5279.0,1.0,4.426,4.296,26.0,1.0302607076350092,48,"(35, 47)"
4044,4045,4045,5051.0,1.0,4.426,4.231,26.0,1.046088395178445,48,"(35, 48)"
4045,4046,4046,5273.0,1.0,4.423,7.535,26.0,0.5869940278699403,48,"(35, 49)"
4046,4047,4047,5338.0,1.0,4.423,7.868,26.0,0.5621504829689883,48,"(35, 48)"
4047,4048,4048,5125.0,1.0,4.423,7.868,26.0,0.5621504829689883,48,"(35, 49)"
4048,4049,4049,5121.0,1.0,4.423,7.886,26.0,0.5608673598782653,48,"(35, 50)"
4049,4050,4050,5201.0,1.0,4.124,7.701,26.0,0.5355148681989352,48,"(35, 51)"
4050,4051,4051,4980.0,1.0,4.009,6.379,26.0,0.6284684119767989,48,"(35, 50)"
4051,4052,4052,5481.0,1.0,3.998,7.077,26.0,0.5649286420799774,48,"(35, 51)"
4052,4053,4053,5039.0,1.0,3.998,7.032,26.0,0.5685437997724687,48,"(35, 52)"
4053,4054,4054,30358.0,1.0,3.95,5.937,26.0,0.6653191847734546,48,"(35, 53)"
4054,4055,4055,5215.0,1.0,4.043,6.085,26.0,0.6644207066557108,48,"(35, 52)"
4055,4056,4056,5488.0,1.0,3.914,7.171,26.0,0.5458095105285177,48,"(35, 53)"
4056,4057,4057,4997.0,1.0,3.914,7.585,26.0,0.5160184574818721,48,"(35, 54)"
4057,4058,4058,5188.0,1.0,3.782,7.815,26.0,0.4839411388355726,48,"(35, 54)"
4058,4059,4059,5428.0,1.0,3.782,7.24,26.0,0.5223756906077348,48,"(35, 55)"
4059,4060,4060,5204.0,1.0,3.782,6.916,26.0,0.5468478889531521,48,"(35, 56)"
4060,4061,4061,5268.0,1.0,3.782,7.612,26.0,0.4968470835522858,48,"(35, 57)"
4061,4062,4062,5163.0,1.0,3.9,7.454,26.0,0.523209015293802,48,"(35, 56)"
4062,4063,4063,5169.0,1.0,3.9,6.907,26.0,0.5646445634863182,48,"(35, 57)"
4063,4064,4064,5317.0,1.0,3.9,6.885,26.0,0.5664488017429194,48,"(35, 58)"
4064,4065,4065,5254.0,1.0,3.9,7.065,26.0,0.5520169851380042,48,"(35, 59)"
4065,4066,4066,5264.0,1.0,3.9,6.885,26.0,0.5664488017429194,48,"(35, 58)"
4066,4067,4067,5342.0,1.0,3.9,7.042,26.0,0.5538199375177506,48,"(35, 59)"
4067,4068,4068,5164.0,1.0,3.944,7.144,26.0,0.5520716685330347,48,"(35, 60)"
4068,4069,4069,5288.0,1.0,3.944,7.174,26.0,0.5497630331753555,48,"(35, 61)"
4069,4070,4070,5263.0,1.0,3.944,6.76,26.0,0.5834319526627219,48,"(35, 60)"
4070,4071,4071,5229.0,1.0,3.944,7.33,26.0,0.53806275579809,48,"(35, 61)"
4071,4072,4072,5270.0,1.0,3.944,6.954,26.0,0.5671555939027898,49,"(36, 61)"
4072,4073,4073,5048.0,1.0,3.702,7.018,26.0,0.5275007124536906,49,"(36, 60)"
4073,4074,4074,134487.0,1.0,3.702,7.018,26.0,0.5275007124536906,49,"(36, 61)"
4074,4075,4075,5023.0,1.0,3.596,6.793,26.0,0.5293684675401148,49,"(36, 60)"
4075,4076,4076,5333.0,1.0,3.596,6.704,26.0,0.5363961813842483,49,"(36, 59)"
4076,4077,4077,5209.0,1.0,3.596,6.991,26.0,0.5143756258046059,49,"(36, 58)"
4077,4078,4078,5267.0,1.0,3.596,6.821,26.0,0.527195425890632,49,"(36, 59)"
4078,4079,4079,5133.0,1.0,3.596,6.821,26.0,0.527195425890632,49,"(36, 58)"
4079,4080,4080,5461.0,1.0,3.596,6.991,26.0,0.5143756258046059,49,"(36, 57)"
4080,4081,4081,5425.0,1.0,3.596,6.704,26.0,0.5363961813842483,49,"(36, 56)"
4081,4082,4082,5477.0,1.0,3.596,6.991,26.0,0.5143756258046059,49,"(36, 57)"
4082,4083,4083,5459.0,1.0,3.596,6.821,26.0,0.527195425890632,49,"(36, 56)"
4083,4084,4084,5473.0,1.0,3.88,6.725,26.0,0.5769516728624535,49,"(36, 55)"
4084,4085,4085,5361.0,1.0,3.88,6.917,26.0,0.5609368223218159,49,"(36, 54)"
4085,4086,4086,5073.0,1.0,3.88,6.725,26.0,0.5769516728624535,49,"(36, 55)"
4086,4087,4087,5018.0,1.0,3.88,6.938,26.0,0.5592389737676564,49,"(36, 54)"
4087,4088,4088,5256.0,1.0,3.558,6.749,26.0,0.5271892132167728,49,"(36, 53)"
4088,4089,4089,5256.0,1.0,3.558,6.749,26.0,0.5271892132167728,49,"(36, 52)"
4089,4090,4090,5258.0,1.0,3.55,6.926,26.0,0.512561362980075,49,"(36, 53)"
4090,4091,4091,5498.0,1.0,3.491,3.668,26.0,0.9517448200654308,49,"(36, 52)"
4091,4092,4092,5171.0,1.0,3.491,3.365,26.0,1.0374442793462109,49,"(36, 51)"
4092,4093,4093,5005.0,1.0,3.491,3.616,26.0,0.9654314159292036,49,"(36, 50)"
4093,4094,4094,101172.0,1.0,3.377,8.206,26.0,0.4115281501340482,49,"(36, 51)"
4094,4095,4095,5062.0,1.0,3.398,3.53,26.0,0.9626062322946176,49,"(36, 50)"
4095,4096,4096,5418.0,1.0,3.398,3.644,26.0,0.9324917672886938,49,"(36, 49)"
4096,4097,4097,5007.0,1.0,3.398,3.462,26.0,0.9815135759676488,49,"(36, 48)"
4097,4098,4098,5085.0,1.0,3.398,3.53,26.0,0.9626062322946176,49,"(36, 49)"
4098,4099,4099,5323.0,1.0,3.398,3.644,26.0,0.9324917672886938,49,"(36, 48)"
4099,4100,4100,5492.0,1.0,3.398,3.462,26.0,0.9815135759676488,49,"(36, 47)"
4100,4101,4101,5494.0,1.0,3.336,3.809,26.0,0.8758204253084798,49,"(36, 46)"
4101,4102,4102,5314.0,1.0,3.336,4.013,26.0,0.8312982805880887,49,"(36, 47)"
4102,4103,4103,5495.0,1.0,3.336,3.875,26.0,0.8609032258064516,49,"(36, 46)"
4103,4104,4104,5316.0,1.0,3.336,4.013,26.0,0.8312982805880887,49,"(36, 45)"
4104,4105,4105,5232.0,1.0,3.161,8.328,26.0,0.3795629202689721,49,"(36, 44)"
4105,4106,4106,5222.0,1.0,3.161,7.536,26.0,0.4194532908704883,49,"(36, 45)"
4106,4107,4107,5087.0,1.0,2.908,6.616,26.0,0.439540507859734,49,"(36, 44)"
4107,4108,4108,5016.0,1.0,2.878,7.194,26.0,0.4000556018904643,49,"(36, 43)"
4108,4109,4109,5395.0,1.0,2.86,7.213,26.0,0.3965063080549008,49,"(36, 42)"
4109,4110,4110,5113.0,1.0,2.86,7.049,26.0,0.4057313094055894,49,"(36, 43)"
4110,4111,4111,5304.0,1.0,2.86,6.918,26.0,0.4134142815842729,49,"(36, 42)"
4111,4112,4112,5127.0,1.0,2.86,7.375,26.0,0.3877966101694915,49,"(36, 41)"
4112,4113,4113,5265.0,1.0,2.875,6.544,26.0,0.4393337408312959,49,"(36, 40)"
4113,4114,4114,5291.0,1.0,2.875,7.194,26.0,0.3996385877119822,49,"(36, 41)"
4114,4115,4115,5199.0,1.0,2.875,6.139,26.0,0.4683173155237009,49,"(36, 40)"
4115,4116,4116,5027.0,1.0,2.799,6.602,26.0,0.4239624356255679,49,"(36, 39)"
4116,4117,4117,128209.0,1.0,2.666,5.933,26.0,0.4493510871397269,49,"(36, 38)"
4117,4118,4118,139155.0,1.0,2.723,6.242,26.0,0.4362383851329702,49,"(36, 39)"
4118,4119,4119,5123.0,1.0,2.723,6.242,26.0,0.4362383851329702,49,"(36, 38)"
4119,4120,4120,5424.0,1.0,2.322,6.71,26.0,0.3460506706408346,49,"(36, 37)"
4120,4121,4121,5286.0,1.0,2.2,6.688,26.0,0.3289473684210526,49,"(36, 36)"
4121,4122,4122,64450.0,1.0,1.764,4.837,26.0,0.3646888567293777,49,"(36, 37)"
4122,4123,4123,5081.0,1.0,1.684,4.651,26.0,0.362072672543539,49,"(36, 36)"
4123,4124,4124,200765.0,1.0,1.684,4.889,26.0,0.3444467171200654,49,"(36, 35)"
4124,4125,4125,214574.0,1.0,1.44,3.051,26.0,0.4719764011799409,49,"(36, 34)"
4125,4126,4126,109838.0,1.0,1.467,2.972,26.0,0.493606998654105,49,"(36, 35)"
4126,4127,4127,5487.0,1.0,1.358,2.705,26.0,0.5020332717190389,49,"(36, 34)"
4127,4128,4128,5287.0,1.0,1.358,2.419,26.0,0.5613890037205457,49,"(36, 33)"
4128,4129,4129,5015.0,1.0,1.358,2.686,26.0,0.505584512285927,49,"(36, 32)"
4129,4130,4130,5274.0,1.0,1.358,2.745,26.0,0.4947176684881603,49,"(36, 33)"
4130,4131,4131,5056.0,1.0,1.395,3.743,26.0,0.3726956986374566,49,"(36, 32)"
4131,4132,4132,5212.0,1.0,1.304,2.299,26.0,0.5672031317964332,49,"(36, 31)"
4132,4133,4133,5122.0,1.0,1.208,9.182,26.0,0.1315617512524504,49,"(36, 31)"
4133,4134,4134,5090.0,1.0,1.208,12.85,26.0,0.0940077821011673,49,"(36, 27)"
4134,4135,4135,5334.0,1.0,1.202,2.235,26.0,0.5378076062639822,49,"(36, 26)"
4135,4136,4136,5224.0,1.0,1.202,2.235,26.0,0.5378076062639822,49,"(36, 27)"
4136,4137,4137,5096.0,1.0,1.117,1.737,26.0,0.643062751871042,49,"(36, 26)"
4137,4138,4138,5290.0,1.0,1.117,1.675,26.0,0.666865671641791,49,"(36, 25)"
4138,4139,4139,5302.0,1.0,0.923,3.052,26.0,0.3024246395806029,49,"(36, 24)"
4139,4140,4140,5154.0,1.0,0.923,3.485,26.0,0.2648493543758967,49,"(36, 25)"
4140,4141,4141,5152.0,1.0,0.923,1.467,26.0,0.6291751874573961,49,"(36, 24)"
4141,4142,4142,298775.0,1.0,0.771,2.806,26.0,0.2747683535281539,49,"(36, 23)"
4142,4143,4143,235772.0,1.0,0.771,2.698,26.0,0.2857672349888807,49,"(36, 22)"
4143,4144,4144,177573.0,1.0,0.771,2.806,26.0,0.2747683535281539,49,"(36, 23)"
4144,4145,4145,5130.0,1.0,0.771,2.784,26.0,0.2769396551724138,49,"(36, 22)"
4145,4146,4146,180362.0,1.0,0.624,1.961,26.0,0.3182049974502804,49,"(36, 21)"
4146,4147,4147,5426.0,1.0,0.624,1.865,26.0,0.3345844504021448,49,"(36, 20)"
4147,4148,4148,4995.0,1.0,0.591,2.819,26.0,0.2096488116353316,49,"(36, 21)"
4148,4149,4149,5321.0,1.0,0.591,1.698,26.0,0.3480565371024735,49,"(36, 20)"
4149,4150,4150,5297.0,1.0,0.591,1.809,26.0,0.3266998341625207,49,"(36, 19)"
4150,4151,4151,5243.0,1.0,0.591,1.809,26.0,0.3266998341625207,49,"(36, 18)"
4151,4152,4152,5195.0,1.0,0.488,2.2,26.0,0.2218181818181818,49,"(36, 19)"
4152,4153,4153,223237.0,2.0,8.099,6.922,26.0,1.1700375613984395,49,"(36, 18)"
4153,4154,4154,87639.0,2.0,5.284,8.1,26.0,0.6523456790123456,49,"(36, 17)"
4154,4155,4155,206519.0,2.0,5.284,8.037,26.0,0.65745925096429,49,"(36, 16)"
4155,4156,4156,5197.0,2.0,4.883,8.291,26.0,0.5889518755276806,49,"(36, 17)"
4156,4157,4157,5146.0,2.0,4.883,8.178,26.0,0.5970897529958424,49,"(36, 16)"
4157,4158,4158,5410.0,2.0,4.639,7.211,26.0,0.6433227014283733,49,"(36, 15)"
4158,4159,4159,5371.0,2.0,4.721,6.991,26.0,0.675296810184523,49,"(36, 14)"
4159,4160,4160,5156.0,2.0,4.665,6.812,26.0,0.6848209042865531,49,"(36, 15)"
4160,4161,4161,5380.0,2.0,4.665,6.57,26.0,0.7100456621004566,49,"(36, 14)"
4161,4162,4162,5228.0,2.0,4.665,7.145,26.0,0.6529041287613716,49,"(36, 13)"
4162,4163,4163,5194.0,2.0,4.589,7.244,26.0,0.6334897846493651,49,"(36, 12)"
4163,4164,4164,5223.0,2.0,4.589,6.714,26.0,0.6834971700923443,49,"(36, 13)"
4164,4165,4165,5236.0,2.0,4.697,6.804,26.0,0.6903292181069959,49,"(36, 12)"
4165,4166,4166,5403.0,2.0,4.755,6.666,26.0,0.7133213321332132,49,"(36, 11)"
4166,4167,4167,5364.0,2.0,4.501,8.735,26.0,0.5152833428734975,49,"(36, 10)"
4167,4168,4168,5162.0,2.0,4.699,7.946,26.0,0.5913667253964259,49,"(36, 11)"
4168,4169,4169,5151.0,2.0,4.699,8.442,26.0,0.556621653636579,49,"(36, 10)"
4169,4170,4170,5394.0,2.0,4.699,8.118,26.0,0.5788371520078837,49,"(36, 9)"
4170,4171,4171,5397.0,2.0,4.699,8.73,26.0,0.5382588774341351,49,"(36, 8)"
4171,4172,4172,5382.0,2.0,4.699,8.502,26.0,0.5526934838861444,49,"(36, 9)"
4172,4173,4173,5398.0,2.0,4.699,8.442,26.0,0.556621653636579,49,"(36, 8)"
4173,4174,4174,5227.0,2.0,4.699,8.442,26.0,0.556621653636579,49,"(36, 7)"
4174,4175,4175,5157.0,2.0,4.305,8.299,26.0,0.5187371972526811,49,"(36, 6)"
4175,4176,4176,5391.0,2.0,4.426,4.078,26.0,1.085335948994605,49,"(36, 7)"
4176,4177,4177,5237.0,2.0,4.505,5.764,26.0,0.7815752949340735,49,"(36, 6)"
4177,4178,4178,5219.0,2.0,4.505,5.675,26.0,0.7938325991189428,49,"(36, 5)"
4178,4179,4179,5183.0,2.0,3.95,6.185,26.0,0.6386418755052548,49,"(36, 4)"
4179,4180,4180,5147.0,2.0,3.61,3.812,26.0,0.94700944386149,49,"(36, 5)"
4180,4181,4181,5388.0,2.0,3.61,3.703,26.0,0.9748852281933568,49,"(36, 4)"
4181,4182,4182,5413.0,2.0,3.398,3.673,26.0,0.9251293220800436,49,"(36, 3)"
4182,4183,4183,5405.0,2.0,3.398,3.659,26.0,0.9286690352555343,49,"(36, 2)"
4183,4184,4184,5407.0,2.0,3.465,3.618,26.0,0.9577114427860696,49,"(36, 3)"
4184,4185,4185,5193.0,2.0,2.86,6.111,26.0,0.4680085092456226,49,"(36, 2)"
4185,4186,4186,5375.0,2.0,2.799,6.203,26.0,0.4512332742221505,50,"(37, 2)"
4186,4187,4187,5390.0,2.0,2.666,6.116,26.0,0.4359058207979071,50,"(37, 3)"
4187,4188,4188,5138.0,2.0,1.775,5.613,26.0,0.3162301799394263,50,"(37, 2)"
4188,4189,4189,5208.0,2.0,1.876,5.705,26.0,0.3288343558282208,50,"(37, 3)"
4189,4190,4190,5402.0,2.0,1.384,3.856,26.0,0.3589211618257261,50,"(37, 4)"
4190,4191,4191,5139.0,2.0,1.384,3.934,26.0,0.3518047788510421,50,"(37, 5)"
4191,4192,4192,5233.0,2.0,1.304,2.456,26.0,0.5309446254071661,50,"(37, 4)"
4192,4193,4193,5220.0,2.0,0.624,2.839,26.0,0.2197957027122226,50,"(37, 5)"
4193,4194,4194,5369.0,2.0,0.624,1.877,26.0,0.3324453915823122,50,"(37, 6)"
4194,4195,4195,5144.0,2.0,0.591,2.687,26.0,0.2199478972832154,50,"(37, 7)"
4195,4196,4196,5383.0,2.0,0.591,1.845,26.0,0.3203252032520325,50,"(37, 6)"
4196,4197,4197,,,,,,,50,"(37, 7)"
4197,4198,4198,,,,,,,50,"(37, 8)"
4198,4199,4199,,,,,,,50,"(37, 9)"
4199,4200,4200,1065.0,1.0,8.354,12.851,34.0,0.6500661427126293,50,"(37, 8)"
4200,4201,4201,1076.0,1.0,7.069,12.853,34.0,0.5499883295728624,50,"(37, 9)"
4201,4202,4202,1080.0,1.0,7.069,12.853,34.0,0.5499883295728624,50,"(37, 10)"
4202,4203,4203,1035.0,1.0,5.795,12.854,34.0,0.450832425704061,50,"(37, 11)"
4203,4204,4204,1037.0,1.0,6.231,12.855,34.0,0.4847141190198366,50,"(37, 10)"
4204,4205,4205,1073.0,1.0,4.776,12.857,34.0,0.3714707941199346,50,"(37, 11)"
4205,4206,4206,1071.0,1.0,4.426,12.858,34.0,0.3442214963446881,50,"(37, 12)"
4206,4207,4207,1026.0,1.0,4.417,12.86,34.0,0.3434681181959564,50,"(37, 13)"
4207,4208,4208,1081.0,1.0,4.199,12.864,34.0,0.3264148009950248,50,"(37, 12)"
4208,4209,4209,1059.0,1.0,4.161,12.865,34.0,0.3234356781966576,50,"(37, 13)"
4209,4210,4210,1078.0,1.0,4.161,12.867,34.0,0.3233854045231988,50,"(37, 14)"
4210,4211,4211,183411.0,1.0,4.009,12.869,34.0,0.3115238169243919,50,"(37, 15)"
4211,4212,4212,1079.0,1.0,3.95,11.069,34.0,0.3568524708645767,50,"(37, 14)"
4212,4213,4213,1084.0,1.0,3.238,12.428,34.0,0.2605407145156099,50,"(37, 15)"
4213,4214,4214,1025.0,1.0,3.287,12.87,34.0,0.2554001554001554,50,"(37, 16)"
4214,4215,4215,1077.0,1.0,3.398,12.871,34.0,0.2640043508662885,50,"(37, 17)"
4215,4216,4216,1082.0,1.0,3.465,10.564,34.0,0.3280007572889057,50,"(37, 16)"
4216,4217,4217,1056.0,1.0,3.336,12.872,34.0,0.2591671845866998,50,"(37, 17)"
4217,4218,4218,1064.0,1.0,3.142,10.935,34.0,0.287334247828075,50,"(37, 18)"
4218,4219,4219,1058.0,1.0,3.145,12.873,34.0,0.2443097956964188,50,"(37, 19)"
4219,4220,4220,1083.0,1.0,3.145,12.874,34.0,0.2442908187043654,50,"(37, 18)"
4220,4221,4221,1070.0,1.0,3.161,12.875,34.0,0.2455145631067961,50,"(37, 19)"
4221,4222,4222,1074.0,1.0,2.718,7.693,34.0,0.3533082022617964,50,"(37, 20)"
4222,4223,4223,1042.0,1.0,2.477,12.876,34.0,0.1923734078906492,50,"(37, 21)"
4223,4224,4224,1062.0,2.0,11.918,12.879,34.0,0.9253824054662628,50,"(37, 20)"
4224,4225,4225,1043.0,2.0,7.193,12.88,34.0,0.5584627329192546,50,"(37, 21)"
4225,4226,4226,1057.0,2.0,7.143,12.884,34.0,0.5544085687674635,50,"(37, 22)"
4226,4227,4227,1067.0,2.0,6.374,12.885,34.0,0.4946837407838572,50,"(37, 23)"
4227,4228,4228,1033.0,2.0,4.883,8.815,34.0,0.5539421440726036,50,"(37, 22)"
4228,4229,4229,1050.0,2.0,4.776,9.183,34.0,0.5200914733747142,50,"(37, 23)"
4229,4230,4230,1048.0,2.0,4.124,12.887,34.0,0.3200124156126328,50,"(37, 24)"
4230,4231,4231,1069.0,2.0,4.124,12.887,34.0,0.3200124156126328,50,"(37, 25)"
4231,4232,4232,1063.0,2.0,4.174,12.89,34.0,0.3238169123351435,50,"(37, 24)"
4232,4233,4233,1045.0,2.0,4.161,10.212,34.0,0.4074618096357226,50,"(37, 25)"
4233,4234,4234,1061.0,2.0,4.161,9.679,34.0,0.4298997830354374,50,"(37, 26)"
4234,4235,4235,1055.0,2.0,4.161,12.894,34.0,0.3227082363890181,50,"(37, 27)"
4235,4236,4236,1032.0,2.0,4.161,10.212,34.0,0.4074618096357226,50,"(37, 26)"
4236,4237,4237,1051.0,2.0,4.161,12.896,34.0,0.3226581885856079,50,"(37, 27)"
4237,4238,4238,,,,,,,50,"(37, 31)"
4238,4239,4239,,,,,,,50,"(37, 31)"
4239,4240,4240,,,,,,,50,"(37, 32)"
4240,4241,4241,2512.0,1.0,8.927,13.73,56.0,0.6501820830298616,50,"(37, 33)"
4241,4242,4242,2520.0,1.0,6.858,13.158,56.0,0.521203830369357,50,"(37, 32)"
4242,4243,4243,2511.0,1.0,5.681,12.897,56.0,0.4404900364425835,50,"(37, 33)"
4243,4244,4244,2501.0,1.0,5.278,12.898,56.0,0.40921073034579,50,"(37, 34)"
4244,4245,4245,2500.0,1.0,25.0,13.205,56.0,1.893222264293828,50,"(37, 35)"
4245,4246,4246,2506.0,1.0,5.025,12.899,56.0,0.3895650825645399,50,"(37, 34)"
4246,4247,4247,2519.0,1.0,3.142,12.9,56.0,0.2435658914728682,50,"(37, 35)"
4247,4248,4248,2504.0,1.0,3.161,10.452,56.0,0.3024301569077688,50,"(37, 36)"
4248,4249,4249,2516.0,1.0,3.138,12.902,56.0,0.2432181057200434,50,"(37, 37)"
4249,4250,4250,2518.0,1.0,3.029,15.486,56.0,0.1955960222136122,50,"(37, 36)"
4250,4251,4251,2521.0,1.0,3.029,14.158,56.0,0.213942647266563,50,"(37, 37)"
4251,4252,4252,2508.0,1.0,3.001,10.966,56.0,0.2736640525259894,50,"(37, 38)"
4252,4253,4253,2514.0,1.0,2.666,12.903,56.0,0.2066186158257769,50,"(37, 39)"
4253,4254,4254,272756.0,1.0,2.584,12.904,56.0,0.2002479851208927,50,"(37, 38)"
4254,4255,4255,56597.0,1.0,2.621,12.119,56.0,0.2162719696344583,50,"(37, 39)"
4255,4256,4256,205772.0,1.0,2.621,11.685,56.0,0.2243046640992725,50,"(37, 40)"
4256,4257,4257,222056.0,1.0,2.621,12.905,56.0,0.2030995738086013,50,"(37, 41)"
4257,4258,4258,7121.0,1.0,2.621,11.685,56.0,0.2243046640992725,50,"(37, 40)"
4258,4259,4259,19239.0,1.0,2.542,12.361,56.0,0.2056467923307175,50,"(37, 41)"
4259,4260,4260,2510.0,1.0,2.542,12.909,56.0,0.1969168796963358,50,"(37, 42)"
4260,4261,4261,2509.0,1.0,2.671,12.911,56.0,0.2068778560917047,50,"(37, 43)"
4261,4262,4262,2513.0,1.0,2.133,12.912,56.0,0.1651951672862453,50,"(37, 42)"
4262,4263,4263,,,,,,,50,"(37, 43)"
4263,4264,4264,,,,,,,50,"(37, 44)"
4264,4265,4265,6604.0,1.0,10.547,6.923,125.0,1.5234724830275892,50,"(37, 45)"
4265,4266,4266,6609.0,1.0,9.582,5.345,125.0,1.792703461178672,50,"(37, 44)"
4266,4267,4267,6603.0,1.0,8.927,7.273,125.0,1.2274164718823044,50,"(37, 45)"
4267,4268,4268,6602.0,1.0,7.301,6.682,125.0,1.0926369350493863,50,"(37, 46)"
4268,4269,4269,6648.0,1.0,6.858,4.13,125.0,1.6605326876513318,50,"(37, 47)"
4269,4270,4270,6608.0,1.0,6.427,6.512,125.0,0.9869471744471744,50,"(37, 46)"
4270,4271,4271,6593.0,1.0,4.997,4.447,125.0,1.1236788846413313,50,"(37, 47)"
4271,4272,4272,6599.0,1.0,4.639,2.823,125.0,1.6432872830322354,50,"(37, 48)"
4272,4273,4273,6594.0,1.0,4.199,3.842,125.0,1.092920353982301,50,"(37, 49)"
4273,4274,4274,6598.0,1.0,3.61,4.529,125.0,0.7970854493265621,50,"(37, 48)"
4274,4275,4275,6601.0,1.0,3.595,3.136,125.0,1.1463647959183674,50,"(37, 49)"
4275,4276,4276,6606.0,1.0,1.876,1.381,125.0,1.3584359160028965,50,"(37, 50)"
4276,4277,4277,6597.0,1.0,1.876,1.088,125.0,1.7242647058823528,50,"(37, 51)"
4277,4278,4278,6600.0,1.0,1.805,1.823,125.0,0.9901261656609984,50,"(37, 50)"
4278,4279,4279,6596.0,1.0,1.665,2.155,125.0,0.7726218097447797,50,"(37, 51)"
4279,4280,4280,6607.0,1.0,1.596,1.13,125.0,1.4123893805309735,50,"(37, 52)"
4280,4281,4281,6605.0,1.0,1.483,2.01,125.0,0.737810945273632,50,"(37, 53)"
4281,4282,4282,6610.0,1.0,1.467,1.828,125.0,0.8025164113785558,50,"(37, 52)"
4282,4283,4283,6595.0,1.0,0.931,2.279,125.0,0.4085125054848618,50,"(37, 53)"
4283,4284,4284,6592.0,1.0,0.771,0.914,125.0,0.8435448577680525,50,"(37, 54)"
4284,4285,4285,,,,,,,50,"(37, 55)"
4285,4286,4286,2471.0,1.0,9.628,12.916,55.0,0.745432022297925,50,"(37, 54)"
4286,4287,4287,2493.0,1.0,9.138,12.918,55.0,0.7073850441244776,50,"(37, 55)"
4287,4288,4288,2467.0,1.0,9.318,12.919,55.0,0.7212632556699434,50,"(37, 56)"
4288,4289,4289,2484.0,1.0,9.041,12.92,55.0,0.6997678018575851,50,"(37, 57)"
4289,4290,4290,2480.0,1.0,8.738,12.922,55.0,0.6762111128308311,50,"(37, 56)"
4290,4291,4291,2494.0,1.0,9.146,12.926,55.0,0.7075661457527465,50,"(37, 57)"
4291,4292,4292,2485.0,1.0,5.616,11.024,55.0,0.5094339622641509,50,"(37, 58)"
4292,4293,4293,2475.0,1.0,6.036,12.928,55.0,0.4668935643564356,50,"(37, 59)"
4293,4294,4294,2497.0,1.0,4.009,8.315,55.0,0.4821407095610343,50,"(37, 58)"
4294,4295,4295,2479.0,1.0,2.799,8.93,55.0,0.313437849944009,50,"(37, 59)"
4295,4296,4296,2483.0,1.0,2.698,8.7,55.0,0.3101149425287356,50,"(37, 60)"
4296,4297,4297,2478.0,1.0,1.876,8.347,55.0,0.2247514076913861,50,"(37, 61)"
4297,4298,4298,2468.0,1.0,1.684,13.062,55.0,0.1289235951615372,50,"(37, 60)"
4298,4299,4299,2481.0,1.0,1.659,4.686,55.0,0.354033290653009,50,"(37, 61)"
4299,4300,4300,2469.0,1.0,1.805,4.45,55.0,0.4056179775280898,51,"(38, 61)"
4300,4301,4301,2488.0,1.0,1.805,4.75,55.0,0.38,51,"(38, 60)"
4301,4302,4302,120109.0,1.0,1.744,8.087,55.0,0.2156547545443304,51,"(38, 61)"
4302,4303,4303,249682.0,1.0,1.744,7.51,55.0,0.2322237017310253,51,"(38, 60)"
4303,4304,4304,2495.0,1.0,1.66,7.932,55.0,0.2092788703983862,51,"(38, 59)"
4304,4305,4305,2491.0,1.0,1.665,7.858,55.0,0.2118859760753372,51,"(38, 58)"
4305,4306,4306,2477.0,1.0,1.483,12.929,55.0,0.114703379998453,51,"(38, 59)"
4306,4307,4307,2492.0,1.0,1.577,8.821,55.0,0.1787779163360163,51,"(38, 58)"
4307,4308,4308,2486.0,1.0,1.594,12.932,55.0,0.1232601299103,51,"(38, 57)"
4308,4309,4309,2571.0,1.0,1.43,12.933,55.0,0.1105698600479393,51,"(38, 56)"
4309,4310,4310,2476.0,1.0,1.43,12.933,55.0,0.1105698600479393,51,"(38, 57)"
4310,4311,4311,2489.0,1.0,1.43,12.934,55.0,0.1105613112726148,51,"(38, 56)"
4311,4312,4312,2496.0,1.0,1.43,8.716,55.0,0.164066085360257,51,"(38, 55)"
4312,4313,4313,2474.0,1.0,1.44,13.0,55.0,0.1107692307692307,51,"(38, 54)"
4313,4314,4314,2472.0,1.0,1.208,5.433,55.0,0.2223449291367568,51,"(38, 54)"
4314,4315,4315,,,,,,,51,"(38, 53)"
4315,4316,4316,,,,,,,51,"(38, 52)"
4316,4317,4317,4947.0,1.0,12.382,6.64,99.0,1.8647590361445785,51,"(38, 53)"
4317,4318,4318,4907.0,1.0,12.785,7.212,99.0,1.7727398779811423,51,"(38, 52)"
4318,4319,4319,4905.0,1.0,11.273,5.796,99.0,1.9449620427881296,51,"(38, 51)"
4319,4320,4320,140736.0,1.0,11.399,5.717,99.0,1.993877907993703,51,"(38, 50)"
4320,4321,4321,24274.0,1.0,10.269,6.376,99.0,1.6105708908406524,51,"(38, 51)"
4321,4322,4322,4909.0,1.0,10.418,6.237,99.0,1.6703543370210034,51,"(38, 50)"
4322,4323,4323,4920.0,1.0,8.739,7.833,99.0,1.1156644963615474,51,"(38, 49)"
4323,4324,4324,4913.0,1.0,8.436,3.63,99.0,2.3239669421487603,51,"(38, 48)"
4324,4325,4325,4929.0,1.0,8.082,3.678,99.0,2.1973898858075045,51,"(38, 49)"
4325,4326,4326,4939.0,1.0,6.414,5.985,99.0,1.0716791979949871,51,"(38, 48)"
4326,4327,4327,4948.0,1.0,5.616,2.237,99.0,2.510505140813589,51,"(38, 47)"
4327,4328,4328,4910.0,1.0,5.364,5.357,99.0,1.0013067015120405,51,"(38, 46)"
4328,4329,4329,4954.0,1.0,5.485,3.414,99.0,1.6066198008201524,51,"(38, 47)"
4329,4330,4330,4897.0,1.0,5.239,5.389,99.0,0.9721655223603636,51,"(38, 46)"
4330,4331,4331,4953.0,1.0,5.179,3.102,99.0,1.6695680206318506,51,"(38, 45)"
4331,4332,4332,4904.0,1.0,4.883,3.184,99.0,1.5336055276381908,51,"(38, 44)"
4332,4333,4333,4927.0,1.0,3.55,2.872,99.0,1.236072423398329,51,"(38, 45)"
4333,4334,4334,4926.0,1.0,3.017,2.688,99.0,1.1223958333333333,51,"(38, 44)"
4334,4335,4335,4899.0,1.0,2.698,3.095,99.0,0.8717285945072697,51,"(38, 43)"
4335,4336,4336,4906.0,1.0,2.719,2.88,99.0,0.9440972222222224,51,"(38, 42)"
4336,4337,4337,4931.0,1.0,2.719,2.592,99.0,1.0489969135802468,51,"(38, 43)"
4337,4338,4338,4921.0,1.0,2.719,2.596,99.0,1.0473805855161786,51,"(38, 42)"
4338,4339,4339,4917.0,1.0,2.647,2.488,99.0,1.0639067524115755,51,"(38, 41)"
4339,4340,4340,4903.0,1.0,2.526,2.73,99.0,0.9252747252747252,51,"(38, 40)"
4340,4341,4341,4911.0,1.0,2.332,2.195,99.0,1.0624145785876993,51,"(38, 41)"
4341,4342,4342,4968.0,1.0,2.045,3.692,99.0,0.5539003250270855,51,"(38, 40)"
4342,4343,4343,4896.0,1.0,1.358,4.954,99.0,0.274121921679451,51,"(38, 39)"
4343,4344,4344,4969.0,1.0,1.395,4.541,99.0,0.3072010570358952,51,"(38, 38)"
4344,4345,4345,4895.0,1.0,1.195,1.728,99.0,0.6915509259259259,51,"(38, 39)"
4345,4346,4346,4942.0,1.0,1.202,1.83,99.0,0.6568306010928961,51,"(38, 38)"
4346,4347,4347,4900.0,1.0,1.085,1.523,99.0,0.7124097176625083,51,"(38, 37)"
4347,4348,4348,4943.0,1.0,0.99,1.353,99.0,0.7317073170731707,51,"(38, 36)"
4348,4349,4349,4908.0,1.0,0.917,1.302,99.0,0.7043010752688172,51,"(38, 37)"
4349,4350,4350,4912.0,1.0,0.856,3.975,99.0,0.2153459119496855,51,"(38, 36)"
4350,4351,4351,4925.0,1.0,0.794,1.662,99.0,0.4777376654632972,51,"(38, 35)"
4351,4352,4352,4902.0,1.0,0.698,1.524,99.0,0.4580052493438319,51,"(38, 34)"
4352,4353,4353,4928.0,1.0,0.707,1.469,99.0,0.4812797821647379,51,"(38, 35)"
4353,4354,4354,4919.0,1.0,0.642,1.471,99.0,0.4364377974167233,51,"(38, 34)"
4354,4355,4355,4965.0,1.0,0.564,1.347,99.0,0.4187082405345211,51,"(38, 33)"
4355,4356,4356,,,,,,,51,"(38, 32)"
4356,4357,4357,,,,,,,51,"(38, 33)"
4357,4358,4358,,,,,,,51,"(38, 31)"
4358,4359,4359,5547.0,1.0,11.997,13.321,100.0,0.9006080624577735,51,"(38, 31)"
4359,4360,4360,1053.0,2.0,4.161,12.935,34.0,0.3216853498260533,51,"(38, 27)"
4360,4361,4361,279670.0,2.0,4.161,12.938,34.0,0.3216107590044829,51,"(38, 26)"
4361,4362,4362,1027.0,2.0,4.161,12.943,34.0,0.3214865178088542,51,"(38, 27)"
4362,4363,4363,1029.0,2.0,4.009,12.945,34.0,0.3096948628814214,51,"(38, 26)"
4363,4364,4364,1030.0,2.0,4.009,12.946,34.0,0.3096709408311447,51,"(38, 25)"
4364,4365,4365,1046.0,2.0,3.998,11.242,34.0,0.3556306706991638,51,"(38, 24)"
4365,4366,4366,1047.0,2.0,3.95,12.948,34.0,0.3050664195242508,51,"(38, 25)"
4366,4367,4367,1052.0,2.0,4.138,12.95,34.0,0.3195366795366795,51,"(38, 24)"
4367,4368,4368,1068.0,2.0,3.654,12.951,34.0,0.2821403752605976,51,"(38, 23)"
4368,4369,4369,1044.0,2.0,3.336,11.111,34.0,0.3002430024300243,51,"(38, 22)"
4369,4370,4370,1060.0,2.0,3.336,12.953,34.0,0.2575465143210067,51,"(38, 23)"
4370,4371,4371,1036.0,2.0,3.142,10.564,34.0,0.2974252177205604,51,"(38, 22)"
4371,4372,4372,1031.0,2.0,3.142,11.189,34.0,0.2808115113057467,51,"(38, 21)"
4372,4373,4373,244544.0,2.0,3.161,10.521,34.0,0.3004467255964261,51,"(38, 20)"
4373,4374,4374,1075.0,2.0,3.161,9.601,34.0,0.3292365378606395,51,"(38, 21)"
4374,4375,4375,1034.0,2.0,3.055,12.954,34.0,0.2358344912768256,51,"(38, 20)"
4375,4376,4376,1040.0,2.0,3.055,12.957,34.0,0.2357798873195956,51,"(38, 19)"
4376,4377,4377,1028.0,2.0,2.719,7.914,34.0,0.3435683598685873,51,"(38, 18)"
4377,4378,4378,1041.0,2.0,2.477,9.648,34.0,0.2567371475953565,51,"(38, 19)"
4378,4379,4379,1049.0,2.0,2.477,9.648,34.0,0.2567371475953565,51,"(38, 18)"
4379,4380,4380,1085.0,2.0,2.477,9.333,34.0,0.265402335797707,51,"(38, 17)"
4380,4381,4381,1072.0,2.0,2.477,9.762,34.0,0.253738987912313,51,"(38, 16)"
4381,4382,4382,1038.0,2.0,2.332,8.912,34.0,0.261669658886894,51,"(38, 17)"
4382,4383,4383,2813.0,2.0,9.518,14.503,56.0,0.6562780114459078,51,"(38, 16)"
4383,4384,4384,2812.0,2.0,9.071,13.935,56.0,0.6509508432005741,51,"(38, 15)"
4384,4385,4385,2811.0,2.0,5.518,12.449,56.0,0.4432484536910595,51,"(38, 14)"
4385,4386,4386,2808.0,2.0,4.814,13.937,56.0,0.3454114945827653,51,"(38, 15)"
4386,4387,4387,2814.0,2.0,3.465,12.958,56.0,0.2674023769100169,51,"(38, 14)"
4387,4388,4388,238528.0,2.0,2.621,12.959,56.0,0.2022532602824292,51,"(38, 13)"
4388,4389,4389,267928.0,2.0,2.542,12.361,56.0,0.2056467923307175,51,"(38, 12)"
4389,4390,4390,2815.0,2.0,2.719,11.52,56.0,0.2360243055555555,51,"(38, 13)"
4390,4391,4391,6650.0,2.0,5.616,4.174,125.0,1.345471969333972,51,"(38, 12)"
4391,4392,4392,6649.0,2.0,3.914,4.687,125.0,0.8350757414124174,51,"(38, 11)"
4392,4393,4393,6649.0,2.0,3.914,4.687,125.0,0.8350757414124174,51,"(38, 10)"
4393,4394,4394,6651.0,2.0,2.647,1.704,125.0,1.5534037558685443,51,"(38, 11)"
4394,4395,4395,6647.0,2.0,2.119,1.472,125.0,1.439538043478261,51,"(38, 9)"
4395,4396,4396,2793.0,2.0,9.628,12.96,55.0,0.7429012345679012,51,"(38, 8)"
4396,4397,4397,2802.0,2.0,9.523,12.961,55.0,0.7347426896072834,51,"(38, 9)"
4397,4398,4398,2803.0,2.0,9.138,12.963,55.0,0.7049294144873872,51,"(38, 8)"
4398,4399,4399,2800.0,2.0,8.707,12.964,55.0,0.6716291268127121,51,"(38, 7)"
4399,4400,4400,2801.0,2.0,9.141,12.966,55.0,0.7049976862563628,51,"(38, 6)"
4400,4401,4401,2470.0,2.0,6.672,12.967,55.0,0.5145369013650034,51,"(38, 7)"
4401,4402,4402,231335.0,2.0,6.713,12.969,55.0,0.5176189374662657,51,"(38, 6)"
4402,4403,4403,2465.0,2.0,1.775,12.97,55.0,0.1368542791056283,51,"(38, 5)"
4403,4404,4404,2797.0,2.0,1.775,9.575,55.0,0.185378590078329,51,"(38, 4)"
4404,4405,4405,2487.0,2.0,1.861,12.971,55.0,0.143473903322797,51,"(38, 5)"
4405,4406,4406,2796.0,2.0,1.861,8.261,55.0,0.2252753903885728,51,"(38, 4)"
4406,4407,4407,2794.0,2.0,1.764,8.675,55.0,0.203342939481268,51,"(38, 3)"
4407,4408,4408,2466.0,2.0,1.577,12.972,55.0,0.1215695343817453,51,"(38, 2)"
4408,4409,4409,2799.0,2.0,1.43,12.973,55.0,0.1102289370230478,51,"(38, 3)"
4409,4410,4410,2798.0,2.0,1.43,12.973,55.0,0.1102289370230478,51,"(38, 2)"
4410,4411,4411,4961.0,2.0,10.453,5.403,99.0,1.93466592633722,52,"(39, 2)"
4411,4412,4412,66148.0,2.0,10.474,6.283,99.0,1.6670380391532706,52,"(39, 3)"
4412,4413,4413,4967.0,2.0,10.3,7.241,99.0,1.4224554619527692,52,"(39, 2)"
4413,4414,4414,4964.0,2.0,7.62,5.88,99.0,1.2959183673469388,52,"(39, 3)"
4414,4415,4415,4958.0,2.0,6.987,12.976,99.0,0.5384556103575832,52,"(39, 4)"
4415,4416,4416,4957.0,2.0,6.892,12.979,99.0,0.5310116341782881,52,"(39, 5)"
4416,4417,4417,123723.0,2.0,6.798,2.447,99.0,2.778095627298733,52,"(39, 4)"
4417,4418,4418,123723.0,2.0,6.798,2.447,99.0,2.778095627298733,52,"(39, 5)"
4418,4419,4419,4972.0,2.0,5.356,4.955,99.0,1.080928355196771,52,"(39, 6)"
4419,4420,4420,4973.0,2.0,5.364,4.921,99.0,1.0900223531802478,52,"(39, 7)"
4420,4421,4421,4940.0,2.0,3.855,3.096,99.0,1.24515503875969,52,"(39, 6)"
4421,4422,4422,4949.0,2.0,3.165,3.599,99.0,0.8794109474854126,52,"(39, 7)"
4422,4423,4423,4924.0,2.0,3.001,9.624,99.0,0.3118246051537822,52,"(39, 8)"
4423,4424,4424,4944.0,2.0,3.017,12.98,99.0,0.2324345146379044,52,"(39, 9)"
4424,4425,4425,4966.0,2.0,3.017,12.981,99.0,0.232416608889916,52,"(39, 8)"
4425,4426,4426,4959.0,2.0,2.718,2.913,99.0,0.933058702368692,52,"(39, 9)"
4426,4427,4427,4951.0,2.0,2.718,2.56,99.0,1.06171875,52,"(39, 10)"
4427,4428,4428,4975.0,2.0,2.428,2.365,99.0,1.0266384778012685,52,"(39, 11)"
4428,4429,4429,4956.0,2.0,2.449,2.993,99.0,0.8182425659873037,52,"(39, 10)"
4429,4430,4430,4960.0,2.0,2.527,2.858,99.0,0.884184744576627,52,"(39, 11)"
4430,4431,4431,4962.0,2.0,2.318,2.732,99.0,0.8484626647144948,52,"(39, 12)"
4431,4432,4432,4930.0,2.0,2.322,2.107,99.0,1.1020408163265305,52,"(39, 13)"
4432,4433,4433,4941.0,2.0,0.99,1.473,99.0,0.6720977596741343,52,"(39, 12)"
4433,4434,4434,4955.0,2.0,0.913,1.295,99.0,0.7050193050193051,52,"(39, 13)"
4434,4435,4435,4935.0,2.0,0.783,3.744,99.0,0.2091346153846154,52,"(39, 14)"
4435,4436,4436,4933.0,2.0,0.783,1.831,99.0,0.4276351720371382,52,"(39, 15)"
4436,4437,4437,4938.0,2.0,0.771,1.192,99.0,0.6468120805369127,52,"(39, 14)"
4437,4438,4438,4923.0,2.0,0.742,1.73,99.0,0.4289017341040462,52,"(39, 15)"
4438,4439,4439,4945.0,2.0,0.69,1.475,99.0,0.4677966101694915,52,"(39, 16)"
4439,4440,4440,4932.0,2.0,0.69,1.556,99.0,0.4434447300771207,52,"(39, 17)"
4440,4441,4441,4946.0,2.0,0.642,1.337,99.0,0.4801795063575168,52,"(39, 16)"
4441,4442,4442,4963.0,2.0,0.642,1.471,99.0,0.4364377974167233,52,"(39, 17)"
4442,4443,4443,4936.0,2.0,0.601,1.213,99.0,0.4954657873042044,52,"(39, 18)"
4443,4444,4444,4934.0,2.0,0.564,1.354,99.0,0.4165435745937961,52,"(39, 19)"
4444,4445,4445,4952.0,2.0,0.564,1.557,99.0,0.3622350674373795,52,"(39, 18)"
4445,4446,4446,4971.0,2.0,0.457,1.123,99.0,0.4069456812110418,52,"(39, 19)"
4446,4447,4447,5505.0,1.0,11.997,14.909,100.0,0.8046817358642431,52,"(39, 20)"
4447,4448,4448,5550.0,1.0,12.109,13.76,100.0,0.880014534883721,52,"(39, 21)"
4448,4449,4449,5826.0,1.0,11.622,12.983,100.0,0.8951706077177848,52,"(39, 20)"
4449,4450,4450,5509.0,1.0,10.453,12.985,100.0,0.8050057758952638,52,"(39, 21)"
4450,4451,4451,181539.0,1.0,11.011,12.987,100.0,0.8478478478478478,52,"(39, 22)"
4451,4452,4452,5507.0,1.0,11.02,12.988,100.0,0.8484755158607946,52,"(39, 23)"
4452,4453,4453,5530.0,1.0,9.294,13.568,100.0,0.6849941037735849,52,"(39, 22)"
4453,4454,4454,5548.0,1.0,8.45,8.002,100.0,1.055986003499125,52,"(39, 23)"
4454,4455,4455,5539.0,1.0,6.092,14.3,100.0,0.426013986013986,52,"(39, 24)"
4455,4456,4456,276683.0,1.0,6.092,13.846,100.0,0.4399826664740719,52,"(39, 25)"
4456,4457,4457,5514.0,1.0,6.337,13.98,100.0,0.4532904148783976,52,"(39, 24)"
4457,4458,4458,5559.0,1.0,6.337,14.537,100.0,0.4359221297379101,52,"(39, 25)"
4458,4459,4459,5560.0,1.0,5.277,12.99,100.0,0.4062355658198614,52,"(39, 26)"
4459,4460,4460,5552.0,1.0,5.277,12.991,100.0,0.4062042952813486,52,"(39, 27)"
4460,4461,4461,5502.0,1.0,5.546,12.992,100.0,0.426878078817734,52,"(39, 26)"
4461,4462,4462,245704.0,1.0,5.485,15.048,100.0,0.3645002658160553,52,"(39, 27)"
4462,4463,4463,5500.0,1.0,5.432,6.337,100.0,0.8571879438219979,52,"(39, 31)"
4463,4464,4464,5506.0,1.0,4.986,6.927,100.0,0.7197921177999134,52,"(39, 31)"
4464,4465,4465,5528.0,1.0,3.944,2.247,100.0,1.755229194481531,52,"(39, 32)"
4465,4466,4466,5504.0,1.0,3.608,4.356,100.0,0.8282828282828283,52,"(39, 33)"
4466,4467,4467,5520.0,1.0,3.719,5.047,100.0,0.7368733901327521,52,"(39, 32)"
4467,4468,4468,5515.0,1.0,3.719,5.005,100.0,0.743056943056943,52,"(39, 33)"
4468,4469,4469,5508.0,1.0,3.731,12.993,100.0,0.2871546217193873,52,"(39, 34)"
4469,4470,4470,5523.0,1.0,3.466,6.928,100.0,0.5002886836027713,52,"(39, 35)"
4470,4471,4471,5511.0,1.0,3.344,6.468,100.0,0.5170068027210885,52,"(39, 34)"
4471,4472,4472,5516.0,1.0,3.344,6.737,100.0,0.496363366483598,52,"(39, 35)"
4472,4473,4473,5555.0,1.0,3.344,6.302,100.0,0.5306251983497302,52,"(39, 36)"
4473,4474,4474,5531.0,1.0,3.536,6.22,100.0,0.5684887459807074,52,"(39, 37)"
4474,4475,4475,5535.0,1.0,3.398,6.38,100.0,0.532601880877743,52,"(39, 36)"
4475,4476,4476,5546.0,1.0,3.398,6.027,100.0,0.5637962502074001,52,"(39, 37)"
4476,4477,4477,5513.0,1.0,3.145,6.303,100.0,0.4989687450420434,52,"(39, 38)"
4477,4478,4478,5556.0,1.0,3.145,5.956,100.0,0.5280389523169913,52,"(39, 39)"
4478,4479,4479,5512.0,1.0,2.999,6.978,100.0,0.4297793063915162,52,"(39, 38)"
4479,4480,4480,5542.0,1.0,2.723,8.593,100.0,0.3168858373094379,52,"(39, 39)"
4480,4481,4481,81798.0,1.0,2.791,12.994,100.0,0.2147914422040941,52,"(39, 40)"
4481,4482,4482,70287.0,1.0,2.584,12.996,100.0,0.1988304093567251,52,"(39, 41)"
4482,4483,4483,5538.0,1.0,2.543,12.997,100.0,0.1956605370470108,52,"(39, 40)"
4483,4484,4484,5536.0,1.0,2.567,5.408,100.0,0.4746671597633136,52,"(39, 41)"
4484,4485,4485,5558.0,1.0,2.567,5.231,100.0,0.4907283502198433,52,"(39, 42)"
4485,4486,4486,5518.0,1.0,2.567,5.186,100.0,0.4949865021210953,52,"(39, 43)"
4486,4487,4487,5829.0,1.0,2.318,12.998,100.0,0.1783351284813048,52,"(39, 42)"
4487,4488,4488,5437.0,1.0,2.367,6.973,100.0,0.3394521726659974,52,"(39, 43)"
4488,4489,4489,5537.0,1.0,2.133,6.1,100.0,0.349672131147541,52,"(39, 44)"
4489,4490,4490,5554.0,1.0,1.931,8.09,100.0,0.2386897404202719,52,"(39, 45)"
4490,4491,4491,5501.0,1.0,1.821,7.633,100.0,0.2385693698414777,52,"(39, 44)"
4491,4492,4492,5557.0,1.0,1.861,6.02,100.0,0.3091362126245847,52,"(39, 45)"
4492,4493,4493,5553.0,1.0,1.861,6.02,100.0,0.3091362126245847,52,"(39, 46)"
4493,4494,4494,155696.0,1.0,1.764,3.651,100.0,0.4831552999178307,52,"(39, 47)"
4494,4495,4495,5521.0,1.0,1.659,6.669,100.0,0.2487629329734593,52,"(39, 46)"
4495,4496,4496,6983.0,1.0,1.805,1.099,100.0,1.6424021838034577,52,"(39, 47)"
4496,4497,4497,5524.0,1.0,1.744,6.863,100.0,0.2541162756811889,52,"(39, 48)"
4497,4498,4498,5532.0,1.0,1.7,6.693,100.0,0.2539967129837143,52,"(39, 49)"
4498,4499,4499,5510.0,1.0,1.575,6.513,100.0,0.2418240442192538,52,"(39, 48)"
4499,4500,4500,5529.0,1.0,1.596,6.141,100.0,0.2598925256472887,52,"(39, 49)"
4500,4501,4501,269506.0,1.0,1.596,6.335,100.0,0.2519337016574586,52,"(39, 50)"
4501,4502,4502,5549.0,1.0,1.487,4.531,100.0,0.3281836239240786,52,"(39, 51)"
4502,4503,4503,5519.0,1.0,1.445,4.17,100.0,0.3465227817745803,52,"(39, 50)"
4503,4504,4504,5533.0,1.0,1.467,3.88,100.0,0.3780927835051547,52,"(39, 51)"
4504,4505,4505,5540.0,1.0,1.202,8.189,100.0,0.1467822688973012,52,"(39, 52)"
4505,4506,4506,5543.0,1.0,1.085,3.097,100.0,0.3503390377784953,52,"(39, 53)"
4506,4507,4507,5522.0,1.0,31.0,3.098,100.0,10.00645577792124,52,"(39, 52)"
4507,4508,4508,5551.0,1.0,0.99,3.694,100.0,0.268002165674066,52,"(39, 53)"
4508,4509,4509,5561.0,1.0,0.917,3.598,100.0,0.254863813229572,52,"(39, 54)"
4509,4510,4510,5517.0,1.0,0.917,3.366,100.0,0.27243018419489,52,"(39, 55)"
4510,4511,4511,5562.0,1.0,0.569,0.965,100.0,0.5896373056994818,52,"(39, 54)"
4511,4512,4512,,,,,,,52,"(39, 55)"
4512,4513,4513,,,,,,,52,"(39, 56)"
4513,4514,4514,,,,,,,52,"(39, 57)"
4514,4515,4515,167931.0,1.0,11.216,2.922,111.0,3.8384668035592058,52,"(39, 56)"
4515,4516,4516,188756.0,1.0,9.545,3.013,111.0,3.16793893129771,52,"(39, 57)"
4516,4517,4517,92101.0,1.0,10.111,2.937,111.0,3.4426285325161734,52,"(39, 58)"
4517,4518,4518,6103.0,1.0,8.883,1.833,111.0,4.846153846153846,52,"(39, 59)"
4518,4519,4519,6121.0,1.0,8.909,2.012,111.0,4.427932405566601,52,"(39, 58)"
4519,4520,4520,,,,,,,52,"(39, 59)"
4520,4521,4521,6122.0,1.0,9.246,1.962,111.0,4.712538226299695,52,"(39, 60)"
4521,4522,4522,6026.0,1.0,9.276,1.963,111.0,4.725420275089149,52,"(39, 61)"
4522,4523,4523,210431.0,1.0,9.059,2.582,111.0,3.50852052672347,52,"(39, 60)"
4523,4524,4524,5959.0,1.0,8.713,2.507,111.0,3.475468687674511,52,"(39, 61)"
4524,4525,4525,6102.0,1.0,8.318,2.35,111.0,3.5395744680851062,53,"(40, 61)"
4525,4526,4526,6001.0,1.0,7.858,2.351,111.0,3.342407486176095,53,"(40, 60)"
4526,4527,4527,5964.0,1.0,6.892,1.966,111.0,3.50559511698881,53,"(40, 61)"
4527,4528,4528,5993.0,1.0,7.094,1.967,111.0,3.606507371631927,53,"(40, 60)"
4528,4529,4529,6104.0,1.0,6.842,1.917,111.0,3.569118414188837,53,"(40, 59)"
4529,4530,4530,6048.0,1.0,6.604,2.108,111.0,3.1328273244781784,53,"(40, 58)"
4530,4531,4531,6031.0,1.0,6.042,2.924,111.0,2.066347469220246,53,"(40, 59)"
4531,4532,4532,6071.0,1.0,6.416,1.663,111.0,3.858087793144919,53,"(40, 58)"
4532,4533,4533,6000.0,1.0,6.295,1.697,111.0,3.709487330583382,53,"(40, 57)"
4533,4534,4534,5969.0,1.0,5.796,2.77,111.0,2.092418772563177,53,"(40, 56)"
4534,4535,4535,6051.0,1.0,5.648,1.968,111.0,2.869918699186992,53,"(40, 57)"
4535,4536,4536,6116.0,1.0,5.648,3.164,111.0,1.7850821744627052,53,"(40, 56)"
4536,4537,4537,6045.0,1.0,5.533,2.109,111.0,2.6235182550972027,53,"(40, 55)"
4537,4538,4538,6118.0,1.0,5.32,2.11,111.0,2.5213270142180098,53,"(40, 54)"
4538,4539,4539,6035.0,1.0,5.485,2.015,111.0,2.7220843672456576,53,"(40, 55)"
4539,4540,4540,6013.0,1.0,5.229,1.969,111.0,2.655662772981209,53,"(40, 54)"
4540,4541,4541,6083.0,1.0,5.229,1.665,111.0,3.1405405405405404,53,"(40, 53)"
4541,4542,4542,5963.0,1.0,5.432,2.111,111.0,2.573188062529607,53,"(40, 52)"
4542,4543,4543,6011.0,1.0,5.108,2.112,111.0,2.418560606060606,53,"(40, 53)"
4543,4544,4544,6020.0,1.0,5.108,1.971,111.0,2.591577879249112,53,"(40, 52)"
4544,4545,4545,5974.0,1.0,5.061,2.016,111.0,2.5104166666666665,53,"(40, 51)"
4545,4546,4546,6033.0,1.0,25.0,3.114,111.0,8.028259473346179,53,"(40, 50)"
4546,4547,4547,5976.0,1.0,5.008,2.113,111.0,2.370089919545669,53,"(40, 51)"
4547,4548,4548,6070.0,1.0,4.776,1.835,111.0,2.6027247956403268,53,"(40, 50)"
4548,4549,4549,6066.0,1.0,4.776,2.017,111.0,2.3678730788299456,53,"(40, 49)"
4549,4550,4550,6037.0,1.0,4.923,2.207,111.0,2.2306298142274583,53,"(40, 48)"
4550,4551,4551,5965.0,1.0,4.884,2.018,111.0,2.420218037661051,53,"(40, 49)"
4551,4552,4552,6059.0,1.0,4.639,2.639,111.0,1.7578628268283445,53,"(40, 48)"
4552,4553,4553,6034.0,1.0,4.639,2.561,111.0,1.81140179617337,53,"(40, 47)"
4553,4554,4554,6079.0,1.0,4.755,1.836,111.0,2.589869281045752,53,"(40, 46)"
4554,4555,4555,6028.0,1.0,4.699,2.032,111.0,2.3125,53,"(40, 47)"
4555,4556,4556,5981.0,1.0,4.699,2.034,111.0,2.3102261553588987,53,"(40, 46)"
4556,4557,4557,6055.0,1.0,4.442,2.041,111.0,2.1763841254287115,53,"(40, 45)"
4557,4558,4558,6065.0,1.0,4.59,2.052,111.0,2.236842105263158,53,"(40, 44)"
4558,4559,4559,5987.0,1.0,4.451,2.669,111.0,1.6676657924316225,53,"(40, 45)"
4559,4560,4560,6015.0,1.0,4.426,1.984,111.0,2.2308467741935485,53,"(40, 44)"
4560,4561,4561,5972.0,1.0,4.505,2.394,111.0,1.8817878028404345,53,"(40, 43)"
4561,4562,4562,6074.0,1.0,4.417,1.559,111.0,2.833226427196921,53,"(40, 42)"
4562,4563,4563,6072.0,1.0,4.417,2.062,111.0,2.142095053346266,53,"(40, 43)"
4563,4564,4564,6077.0,1.0,4.423,2.118,111.0,2.0882908404154863,53,"(40, 42)"
4564,4565,4565,6046.0,1.0,4.174,1.882,111.0,2.217853347502657,53,"(40, 41)"
4565,4566,4566,5967.0,1.0,4.272,2.122,111.0,2.0131950989632426,53,"(40, 40)"
4566,4567,4567,5975.0,1.0,4.18,2.124,111.0,1.967984934086629,53,"(40, 41)"
4567,4568,4568,6025.0,1.0,4.161,2.127,111.0,1.9562764456981665,53,"(40, 40)"
4568,4569,4569,5962.0,1.0,4.009,2.128,111.0,1.883928571428572,53,"(40, 39)"
4569,4570,4570,6019.0,1.0,3.95,2.13,111.0,1.8544600938967133,53,"(40, 38)"
4570,4571,4571,6041.0,1.0,3.95,2.131,111.0,1.853589863913656,53,"(40, 39)"
4571,4572,4572,6120.0,1.0,4.043,2.156,111.0,1.8752319109461968,53,"(40, 38)"
4572,4573,4573,6030.0,1.0,4.043,2.157,111.0,1.8743625405656004,53,"(40, 37)"
4573,4574,4574,6018.0,1.0,4.138,2.21,111.0,1.8723981900452489,53,"(40, 36)"
4574,4575,4575,5973.0,1.0,4.138,1.56,111.0,2.6525641025641025,53,"(40, 37)"
4575,4576,4576,5973.0,1.0,4.138,1.56,111.0,2.6525641025641025,53,"(40, 36)"
4576,4577,4577,5992.0,1.0,4.138,2.158,111.0,1.917516218721038,53,"(40, 35)"
4577,4578,4578,6008.0,1.0,28.0,2.159,111.0,12.96896711440482,53,"(40, 34)"
4578,4579,4579,6087.0,1.0,28.0,1.669,111.0,16.77651288196525,53,"(40, 35)"
4579,4580,4580,5970.0,1.0,3.765,2.16,111.0,1.7430555555555556,53,"(40, 34)"
4580,4581,4581,6029.0,1.0,3.752,1.561,111.0,2.403587443946188,53,"(40, 33)"
4581,4582,4582,6007.0,1.0,3.752,2.161,111.0,1.73623322535863,53,"(40, 32)"
4582,4583,4583,6056.0,1.0,3.879,2.212,111.0,1.7536166365280288,53,"(40, 33)"
4583,4584,4584,6049.0,1.0,3.855,2.223,111.0,1.7341430499325237,53,"(40, 32)"
4584,4585,4585,6058.0,1.0,3.944,2.213,111.0,1.782196113872571,53,"(40, 31)"
4585,4586,4586,6004.0,1.0,3.944,2.224,111.0,1.7733812949640286,53,"(40, 31)"
4586,4587,4587,87756.0,2.0,11.216,12.999,100.0,0.8628356027386721,53,"(40, 27)"
4587,4588,4588,129486.0,2.0,10.453,13.003,100.0,0.8038914096746904,53,"(40, 26)"
4588,4589,4589,139113.0,2.0,10.453,13.004,100.0,0.8038295908951092,53,"(40, 27)"
4589,4590,4590,193554.0,2.0,11.011,13.005,100.0,0.8466743560169164,53,"(40, 26)"
4590,4591,4591,5457.0,2.0,7.62,7.594,100.0,1.0034237555965235,53,"(40, 25)"
4591,4592,4592,5457.0,2.0,7.62,7.594,100.0,1.0034237555965235,53,"(40, 24)"
4592,4593,4593,5877.0,2.0,5.611,13.006,100.0,0.4314162694141165,53,"(40, 25)"
4593,4594,4594,5884.0,2.0,5.356,14.58,100.0,0.3673525377229081,53,"(40, 24)"
4594,4595,4595,5457.0,2.0,7.62,7.594,100.0,1.0034237555965235,53,"(40, 23)"
4595,4596,4596,5457.0,2.0,7.62,7.594,100.0,1.0034237555965235,53,"(40, 22)"
4596,4597,4597,5453.0,2.0,4.903,6.199,100.0,0.7909340216163897,53,"(40, 23)"
4597,4598,4598,5458.0,2.0,28.0,13.007,100.0,2.1526870146844006,53,"(40, 22)"
4598,4599,4599,5451.0,2.0,3.558,4.54,100.0,0.7837004405286343,53,"(40, 21)"
4599,4600,4600,179376.0,2.0,2.584,13.008,100.0,0.1986469864698647,53,"(40, 20)"
4600,4601,4601,5499.0,2.0,2.367,7.127,100.0,0.3321173004069033,53,"(40, 21)"
4601,4602,4602,5440.0,2.0,2.227,13.009,100.0,0.1711891767238065,53,"(40, 20)"
4602,4603,4603,5447.0,2.0,2.227,6.384,100.0,0.3488408521303258,53,"(40, 19)"
4603,4604,4604,5443.0,2.0,2.133,6.1,100.0,0.349672131147541,53,"(40, 18)"
4604,4605,4605,5431.0,2.0,2.133,13.01,100.0,0.1639508070714835,53,"(40, 19)"
4605,4606,4606,5452.0,2.0,1.931,8.091,100.0,0.2386602397725868,53,"(40, 18)"
4606,4607,4607,5449.0,2.0,1.744,6.571,100.0,0.2654086136052351,53,"(40, 17)"
4607,4608,4608,5438.0,2.0,1.744,16.099,100.0,0.1083297099198708,53,"(40, 16)"
4608,4609,4609,5454.0,2.0,1.744,16.869,100.0,0.103384907226273,53,"(40, 17)"
4609,4610,4610,5439.0,2.0,1.744,16.099,100.0,0.1083297099198708,53,"(40, 16)"
4610,4611,4611,5448.0,2.0,1.66,7.538,100.0,0.2202175643406739,53,"(40, 15)"
4611,4612,4612,104698.0,2.0,1.66,0.638,100.0,2.6018808777429467,53,"(40, 14)"
4612,4613,4613,5442.0,2.0,1.483,6.474,100.0,0.2290701266604881,53,"(40, 15)"
4613,4614,4614,5446.0,2.0,1.577,6.953,100.0,0.2268085718394937,53,"(40, 14)"
4614,4615,4615,5445.0,2.0,1.445,4.17,100.0,0.3465227817745803,53,"(40, 13)"
4615,4616,4616,5434.0,2.0,1.445,4.015,100.0,0.3599003735990038,53,"(40, 12)"
4616,4617,4617,5456.0,2.0,1.44,4.086,100.0,0.3524229074889867,53,"(40, 13)"
4617,4618,4618,5455.0,2.0,1.44,4.07,100.0,0.3538083538083538,53,"(40, 12)"
4618,4619,4619,7021.0,2.0,1.004,0.891,100.0,1.12682379349046,53,"(40, 11)"
4619,4620,4620,5444.0,2.0,0.917,8.241,100.0,0.1112729037738138,53,"(40, 10)"
4620,4621,4621,5432.0,2.0,0.856,8.247,100.0,0.1037953195101249,53,"(40, 11)"
4621,4622,4622,6080.0,1.0,3.88,2.248,111.0,1.7259786476868326,53,"(40, 10)"
4622,4623,4623,6073.0,1.0,3.608,2.269,111.0,1.590127809607757,53,"(40, 9)"
4623,4624,4624,182355.0,1.0,3.731,2.27,111.0,1.643612334801762,53,"(40, 8)"
4624,4625,4625,6012.0,1.0,3.727,1.699,111.0,2.193643319599764,53,"(40, 9)"
4625,4626,4626,5980.0,1.0,3.727,2.271,111.0,1.6411272567151034,53,"(40, 8)"
4626,4627,4627,6114.0,1.0,3.491,1.693,111.0,2.062020082693444,53,"(40, 7)"
4627,4628,4628,6040.0,1.0,3.238,1.562,111.0,2.072983354673496,53,"(40, 6)"
4628,4629,4629,5971.0,1.0,3.465,2.281,111.0,1.5190705830775977,53,"(40, 7)"
4629,4630,4630,6027.0,1.0,3.336,1.563,111.0,2.1343570057581576,53,"(40, 6)"
4630,4631,4631,6068.0,1.0,3.145,1.568,111.0,2.005739795918368,53,"(40, 5)"
4631,4632,4632,5986.0,1.0,3.161,2.287,111.0,1.3821600349803236,53,"(40, 4)"
4632,4633,4633,6081.0,1.0,3.161,2.289,111.0,1.380952380952381,53,"(40, 5)"
4633,4634,4634,5984.0,1.0,3.138,1.671,111.0,1.877917414721724,53,"(40, 4)"
4634,4635,4635,6088.0,1.0,3.138,2.29,111.0,1.3703056768558952,53,"(40, 3)"
4635,4636,4636,6038.0,1.0,3.138,2.292,111.0,1.3691099476439792,53,"(40, 2)"
4636,4637,4637,6039.0,1.0,3.18,2.293,111.0,1.3868294810292194,53,"(40, 3)"
4637,4638,4638,6024.0,1.0,2.999,1.694,111.0,1.770365997638725,53,"(40, 2)"
4638,4639,4639,6009.0,1.0,3.165,1.825,111.0,1.7342465753424658,54,"(41, 2)"
4639,4640,4640,6022.0,1.0,3.029,2.294,111.0,1.3204010462074978,54,"(41, 3)"
4640,4641,4641,5994.0,1.0,18.0,2.295,111.0,7.843137254901961,54,"(41, 2)"
4641,4642,4642,5995.0,1.0,2.878,1.345,111.0,2.139776951672862,54,"(41, 3)"
4642,4643,4643,5968.0,1.0,2.86,1.36,111.0,2.102941176470588,54,"(41, 4)"
4643,4644,4644,6085.0,1.0,2.832,1.676,111.0,1.6897374701670644,54,"(41, 5)"
4644,4645,4645,5978.0,1.0,2.666,1.677,111.0,1.5897435897435896,54,"(41, 4)"
4645,4646,4646,6054.0,1.0,2.718,2.296,111.0,1.1837979094076656,54,"(41, 5)"
4646,4647,4647,5966.0,1.0,2.671,2.298,111.0,1.162315056570931,54,"(41, 6)"
4647,4648,4648,6006.0,1.0,2.647,2.352,111.0,1.1254251700680271,54,"(41, 7)"
4648,4649,4649,6057.0,1.0,2.449,2.353,111.0,1.0407989800254993,54,"(41, 6)"
4649,4650,4650,5998.0,1.0,2.449,2.37,111.0,1.0333333333333332,54,"(41, 7)"
4650,4651,4651,6003.0,1.0,2.527,2.371,111.0,1.0657950231969633,54,"(41, 8)"
4651,4652,4652,5961.0,1.0,2.567,2.372,111.0,1.0822091062394603,54,"(41, 9)"
4652,4653,4653,6060.0,1.0,2.477,2.373,111.0,1.0438263801095655,54,"(41, 8)"
4653,4654,4654,5988.0,1.0,2.318,2.376,111.0,0.9755892255892256,54,"(41, 9)"
4654,4655,4655,6032.0,1.0,2.318,2.382,111.0,0.9731318219983208,54,"(41, 11)"
4655,4656,4656,5990.0,1.0,2.514,2.384,111.0,1.054530201342282,54,"(41, 10)"
4656,4657,4657,6067.0,1.0,2.322,2.385,111.0,0.9735849056603776,54,"(41, 11)"
4657,4658,4658,5983.0,1.0,2.341,1.678,111.0,1.395113230035757,54,"(41, 12)"
4658,4659,4659,34068.0,1.0,2.205,2.387,111.0,0.9237536656891496,54,"(41, 13)"
4659,4660,4660,6075.0,1.0,2.168,2.421,111.0,0.895497728211483,54,"(41, 12)"
4660,4661,4661,6005.0,1.0,2.227,2.388,111.0,0.9325795644891122,54,"(41, 13)"
4661,4662,4662,6064.0,1.0,2.2,2.389,111.0,0.9208874005860194,54,"(41, 14)"
4662,4663,4663,5999.0,1.0,2.045,1.68,111.0,1.2172619047619049,54,"(41, 15)"
4663,4664,4664,6063.0,1.0,2.113,2.395,111.0,0.8822546972860125,54,"(41, 14)"
4664,4665,4665,6117.0,1.0,2.117,2.396,111.0,0.8835559265442404,54,"(41, 15)"
4665,4666,4666,5982.0,1.0,2.141,2.4,111.0,0.8920833333333333,54,"(41, 16)"
4666,4667,4667,6014.0,1.0,2.141,2.401,111.0,0.8917117867555187,54,"(41, 17)"
4667,4668,4668,6044.0,1.0,27.0,2.402,111.0,11.240632805995004,54,"(41, 16)"
4668,4669,4669,6086.0,1.0,2.066,1.254,111.0,1.6475279106858054,54,"(41, 17)"
4669,4670,4670,6023.0,1.0,1.988,0.861,111.0,2.3089430894308944,54,"(41, 18)"
4670,4671,4671,6010.0,1.0,1.988,2.403,111.0,0.8272992093216812,54,"(41, 19)"
4671,4672,4672,6069.0,1.0,1.963,0.868,111.0,2.261520737327189,54,"(41, 18)"
4672,4673,4673,5985.0,1.0,1.876,2.427,111.0,0.772970745776679,54,"(41, 19)"
4673,4674,4674,5960.0,1.0,1.764,0.79,111.0,2.232911392405063,54,"(41, 20)"
4674,4675,4675,6119.0,1.0,1.764,2.428,111.0,0.7265238879736409,54,"(41, 21)"
4675,4676,4676,5997.0,1.0,1.764,2.431,111.0,0.7256273138626079,54,"(41, 20)"
4676,4677,4677,6084.0,1.0,1.762,1.7,111.0,1.0364705882352945,54,"(41, 21)"
4677,4678,4678,6078.0,1.0,1.762,2.448,111.0,0.7197712418300654,54,"(41, 22)"
4678,4679,4679,6062.0,1.0,1.762,1.383,111.0,1.2740419378163412,54,"(41, 23)"
4679,4680,4680,6002.0,1.0,1.659,2.45,111.0,0.6771428571428572,54,"(41, 22)"
4680,4681,4681,6052.0,1.0,1.659,1.705,111.0,0.9730205278592376,54,"(41, 23)"
4681,4682,4682,5996.0,1.0,1.659,2.451,111.0,0.6768665850673194,54,"(41, 24)"
4682,4683,4683,6124.0,1.0,1.805,2.452,111.0,0.7361337683523654,54,"(41, 25)"
4683,4684,4684,5979.0,1.0,1.805,1.146,111.0,1.5750436300174522,54,"(41, 24)"
4684,4685,4685,6076.0,1.0,1.7,2.454,111.0,0.6927465362673186,54,"(41, 25)"
4685,4686,4686,92151.0,1.0,1.665,1.707,111.0,0.9753954305799648,54,"(41, 26)"
4686,4687,4687,6098.0,1.0,1.665,2.455,111.0,0.6782077393075356,54,"(41, 27)"
4687,4688,4688,6042.0,1.0,1.577,2.458,111.0,0.6415785191212368,54,"(41, 26)"
4688,4689,4689,6053.0,1.0,1.594,2.46,111.0,0.6479674796747968,54,"(41, 27)"
4689,4690,4690,,,,,,,54,"(41, 31)"
4690,4691,4691,6061.0,1.0,1.594,2.462,111.0,0.6474411047928513,54,"(41, 31)"
4691,4692,4692,6115.0,1.0,1.594,2.463,111.0,0.6471782379212343,54,"(41, 33)"
4692,4693,4693,6016.0,1.0,1.43,1.708,111.0,0.8372365339578454,54,"(41, 32)"
4693,4694,4694,5991.0,1.0,0.856,1.096,111.0,0.7810218978102189,54,"(41, 33)"
4694,4695,4695,6050.0,1.0,0.69,1.255,111.0,0.549800796812749,54,"(41, 34)"
4695,4696,4696,,,,,,,54,"(41, 35)"
4696,4697,4697,,,,,,,54,"(41, 34)"
4697,4698,4698,,,,,,,54,"(41, 35)"
4698,4699,4699,13.0,1.0,20.198,2.465,9.0,8.193914807302232,54,"(41, 36)"
4699,4700,4700,6360.0,1.0,12.661,13.016,9.0,0.9727258758451136,54,"(41, 37)"
4700,4701,4701,6205.0,1.0,14.0,13.019,9.0,1.0753514094784546,54,"(41, 36)"
4701,4702,4702,6267.0,1.0,24.0,7.825,9.0,3.0670926517571884,54,"(41, 37)"
4702,4703,4703,58410.0,1.0,11.216,8.879,9.0,1.2632053159139542,54,"(41, 38)"
4703,4704,4704,6248.0,1.0,11.155,8.701,9.0,1.2820365475232731,54,"(41, 39)"
4704,4705,4705,6214.0,1.0,8.713,7.406,9.0,1.176478530920875,54,"(41, 38)"
4705,4706,4706,6259.0,1.0,8.436,7.891,9.0,1.06906602458497,54,"(41, 39)"
4706,4707,4707,6362.0,1.0,7.814,7.484,9.0,1.0440940673436665,54,"(41, 40)"
4707,4708,4708,6219.0,1.0,7.814,7.484,9.0,1.0440940673436665,54,"(41, 41)"
4708,4709,4709,174062.0,1.0,7.06,13.02,9.0,0.5422427035330261,54,"(41, 40)"
4709,4710,4710,275342.0,1.0,6.444,13.021,9.0,0.4948928653713232,54,"(41, 41)"
4710,4711,4711,6215.0,1.0,6.672,13.022,9.0,0.5123636922131777,54,"(41, 42)"
4711,4712,4712,6216.0,1.0,6.165,13.332,9.0,0.4624212421242124,54,"(41, 43)"
4712,4713,4713,6241.0,1.0,6.168,8.092,9.0,0.7622343054869006,54,"(41, 42)"
4713,4714,4714,6212.0,1.0,6.325,8.475,9.0,0.7463126843657818,54,"(41, 43)"
4714,4715,4715,6368.0,1.0,5.36,8.102,9.0,0.6615650456677363,54,"(41, 44)"
4715,4716,4716,6273.0,1.0,5.061,9.107,9.0,0.5557263643351269,54,"(41, 45)"
4716,4717,4717,6274.0,1.0,25.0,8.776,9.0,2.8486782133090247,54,"(41, 44)"
4717,4718,4718,6206.0,1.0,4.857,7.926,9.0,0.6127933383800152,54,"(41, 45)"
4718,4719,4719,6251.0,1.0,4.884,4.749,9.0,1.0284270372710045,54,"(41, 46)"
4719,4720,4720,6250.0,1.0,4.639,4.175,9.0,1.1111377245508982,54,"(41, 47)"
4720,4721,4721,6257.0,1.0,4.721,4.543,9.0,1.0391811578252257,54,"(41, 46)"
4721,4722,4722,6211.0,1.0,4.59,11.38,9.0,0.4033391915641476,54,"(41, 47)"
4722,4723,4723,6357.0,1.0,4.451,13.023,9.0,0.3417799278200107,54,"(41, 48)"
4723,4724,4724,6234.0,1.0,4.426,13.025,9.0,0.3398080614203455,54,"(41, 49)"
4724,4725,4725,6271.0,1.0,4.34,8.31,9.0,0.5222623345367027,54,"(41, 48)"
4725,4726,4726,6228.0,1.0,4.34,8.513,9.0,0.5098085281334429,54,"(41, 49)"
4726,4727,4727,6262.0,1.0,4.161,8.792,9.0,0.4732711555959963,54,"(41, 50)"
4727,4728,4728,6217.0,1.0,3.998,13.026,9.0,0.3069246123138339,54,"(41, 51)"
4728,4729,4729,6266.0,1.0,3.855,6.253,9.0,0.6165040780425396,54,"(41, 50)"
4729,4730,4730,6245.0,1.0,3.61,8.34,9.0,0.4328537170263788,54,"(41, 51)"
4730,4731,4731,6246.0,1.0,3.466,8.494,9.0,0.4080527431127855,54,"(41, 52)"
4731,4732,4732,6247.0,1.0,3.313,13.027,9.0,0.2543179550165042,54,"(41, 53)"
4732,4733,4733,239889.0,1.0,3.313,8.238,9.0,0.4021607186210245,54,"(41, 52)"
4733,4734,4734,33104.0,1.0,3.287,9.622,9.0,0.3416129702764498,54,"(41, 53)"
4734,4735,4735,6263.0,1.0,3.287,13.031,9.0,0.2522446473793262,54,"(41, 54)"
4735,4736,4736,6264.0,1.0,3.287,13.034,9.0,0.2521865889212827,54,"(41, 54)"
4736,4737,4737,6353.0,1.0,3.287,13.036,9.0,0.2521478981282602,54,"(41, 55)"
4737,4738,4738,6222.0,1.0,3.287,9.576,9.0,0.3432539682539682,54,"(41, 56)"
4738,4739,4739,6255.0,1.0,3.287,13.037,9.0,0.252128557183401,54,"(41, 57)"
4739,4740,4740,6359.0,1.0,3.415,13.038,9.0,0.2619266758705323,54,"(41, 56)"
4740,4741,4741,6207.0,1.0,3.415,10.573,9.0,0.3229925281377092,54,"(41, 57)"
4741,4742,4742,6200.0,1.0,3.415,13.039,9.0,0.2619065879285221,54,"(41, 58)"
4742,4743,4743,6254.0,1.0,3.415,13.04,9.0,0.2618865030674847,54,"(41, 59)"
4743,4744,4744,6223.0,1.0,3.415,13.041,9.0,0.2618664212867111,54,"(41, 58)"
4744,4745,4745,6363.0,1.0,3.398,6.227,9.0,0.5456881323269632,54,"(41, 59)"
4745,4746,4746,6252.0,1.0,3.398,13.043,9.0,0.2605228858391474,54,"(41, 60)"
4746,4747,4747,6224.0,1.0,3.465,13.044,9.0,0.265639374425023,54,"(41, 61)"
4747,4748,4748,6226.0,1.0,3.465,13.045,9.0,0.2656190111153698,54,"(41, 60)"
4748,4749,4749,6210.0,1.0,3.465,13.046,9.0,0.2655986509274873,54,"(41, 61)"
4749,4750,4750,6201.0,1.0,3.336,5.981,9.0,0.5577662598227721,55,"(42, 61)"
4750,4751,4751,205716.0,1.0,3.142,8.932,9.0,0.3517689207344379,55,"(42, 60)"
4751,4752,4752,6213.0,1.0,3.145,8.891,9.0,0.3537284894837476,55,"(42, 61)"
4752,4753,4753,160500.0,1.0,3.145,8.749,9.0,0.3594696536747057,55,"(42, 60)"
4753,4754,4754,197321.0,1.0,3.145,8.387,9.0,0.3749850959818767,55,"(42, 59)"
4754,4755,4755,219196.0,1.0,3.145,9.131,9.0,0.3444310590296791,55,"(42, 58)"
4755,4756,4756,106811.0,1.0,3.145,7.928,9.0,0.3966952573158426,55,"(42, 59)"
4756,4757,4757,6358.0,1.0,3.161,8.782,9.0,0.3599407879754042,55,"(42, 58)"
4757,4758,4758,6365.0,1.0,3.161,9.184,9.0,0.3441855400696864,55,"(42, 57)"
4758,4759,4759,6299.0,1.0,2.91,2.466,9.0,1.1800486618004866,55,"(42, 56)"
4759,4760,4760,6218.0,1.0,2.964,2.467,9.0,1.2014592622618565,55,"(42, 57)"
4760,4761,4761,6269.0,1.0,2.964,2.468,9.0,1.20097244732577,55,"(42, 56)"
4761,4762,4762,6361.0,1.0,2.964,2.433,9.0,1.218249075215783,55,"(42, 55)"
4762,4763,4763,6237.0,1.0,2.964,13.048,9.0,0.2271612507664009,55,"(42, 54)"
4763,4764,4764,6301.0,1.0,2.964,2.469,9.0,1.2004860267314703,55,"(42, 55)"
4764,4765,4765,6221.0,1.0,2.964,4.176,9.0,0.7097701149425287,55,"(42, 54)"
4765,4766,4766,6272.0,1.0,18.0,13.049,9.0,1.3794160472066823,55,"(42, 53)"
4766,4767,4767,6203.0,1.0,18.0,4.274,9.0,4.211511464670099,55,"(42, 52)"
4767,4768,4768,6302.0,1.0,18.0,4.177,9.0,4.3093129039980855,55,"(42, 53)"
4768,4769,4769,6209.0,1.0,18.0,9.817,9.0,1.8335540389120912,55,"(42, 52)"
4769,4770,4770,6236.0,1.0,18.0,4.462,9.0,4.034065441506051,55,"(42, 51)"
4770,4771,4771,6356.0,1.0,2.666,4.098,9.0,0.6505612493899463,55,"(42, 50)"
4771,4772,4772,6227.0,1.0,2.791,4.168,9.0,0.6696257197696737,55,"(42, 51)"
4772,4773,4773,6220.0,1.0,2.584,4.022,9.0,0.6424664346096469,55,"(42, 50)"
4773,4774,4774,6249.0,1.0,2.584,3.858,9.0,0.6697770865733541,55,"(42, 49)"
4774,4775,4775,6244.0,1.0,2.671,9.19,9.0,0.2906420021762785,55,"(42, 48)"
4775,4776,4776,6229.0,1.0,2.168,13.051,9.0,0.1661175388859091,55,"(42, 49)"
4776,4777,4777,6225.0,1.0,2.168,11.68,9.0,0.1856164383561644,55,"(42, 48)"
4777,4778,4778,6208.0,1.0,1.963,7.835,9.0,0.2505424377791959,55,"(42, 47)"
4778,4779,4779,243050.0,1.0,1.762,7.702,9.0,0.2287717475980265,55,"(42, 46)"
4779,4780,4780,6352.0,1.0,1.762,7.497,9.0,0.2350273442710417,55,"(42, 47)"
4780,4781,4781,6230.0,1.0,1.684,13.052,9.0,0.1290223720502605,55,"(42, 46)"
4781,4782,4782,6276.0,1.0,1.684,12.639,9.0,0.1332383891130627,55,"(42, 45)"
4782,4783,4783,6231.0,1.0,1.659,13.056,9.0,0.1270680147058823,55,"(42, 44)"
4783,4784,4784,6367.0,1.0,1.659,10.167,9.0,0.163174977869578,55,"(42, 45)"
4784,4785,4785,6366.0,1.0,1.659,9.01,9.0,0.1841287458379578,55,"(42, 44)"
4785,4786,4786,6261.0,1.0,1.659,9.01,9.0,0.1841287458379578,55,"(42, 43)"
4786,4787,4787,6233.0,1.0,1.659,13.057,9.0,0.1270582829133797,55,"(42, 42)"
4787,4788,4788,6256.0,1.0,1.659,9.966,9.0,0.166465984346779,55,"(42, 43)"
4788,4789,4789,6268.0,1.0,1.659,13.063,9.0,0.1269999234479063,55,"(42, 42)"
4789,4790,4790,6369.0,1.0,1.483,2.47,9.0,0.6004048582995951,55,"(42, 41)"
4790,4791,4791,6354.0,1.0,1.483,2.471,9.0,0.6001618777822744,55,"(42, 40)"
4791,4792,4792,6270.0,1.0,1.483,2.473,9.0,0.5996765062676911,55,"(42, 41)"
4792,4793,4793,6265.0,1.0,1.483,2.475,9.0,0.5991919191919192,55,"(42, 40)"
4793,4794,4794,6355.0,1.0,1.483,2.476,9.0,0.5989499192245558,55,"(42, 39)"
4794,4795,4795,6239.0,1.0,1.487,5.737,9.0,0.2591947010632735,55,"(42, 38)"
4795,4796,4796,6204.0,1.0,1.445,5.808,9.0,0.2487947658402204,55,"(42, 39)"
4796,4797,4797,6364.0,1.0,1.445,5.593,9.0,0.2583586626139817,55,"(42, 38)"
4797,4798,4798,,,,,,,55,"(42, 37)"
4798,4799,4799,,,,,,,55,"(42, 36)"
4799,4800,4800,,,,,,,55,"(42, 37)"
4800,4801,4801,242081.0,1.0,8.429,14.074,103.0,0.5989057837146512,55,"(42, 36)"
4801,4802,4802,5626.0,1.0,8.308,16.178,103.0,0.5135369019656323,55,"(42, 35)"
4802,4803,4803,5619.0,1.0,8.138,15.942,103.0,0.5104754735917701,55,"(42, 34)"
4803,4804,4804,5624.0,1.0,8.138,14.7,103.0,0.5536054421768708,55,"(42, 35)"
4804,4805,4805,5630.0,1.0,8.021,15.326,103.0,0.5233589977815477,55,"(42, 34)"
4805,4806,4806,5691.0,1.0,8.084,16.129,103.0,0.5012090024180048,55,"(42, 33)"
4806,4807,4807,260112.0,1.0,5.91,13.64,103.0,0.4332844574780058,55,"(42, 32)"
4807,4808,4808,5618.0,1.0,5.53,13.064,103.0,0.4233006736068586,55,"(42, 33)"
4808,4809,4809,5602.0,1.0,4.495,13.065,103.0,0.3440489858400306,55,"(42, 32)"
4809,4810,4810,5635.0,1.0,4.415,10.057,103.0,0.4389977130356965,55,"(42, 31)"
4810,4811,4811,186188.0,1.0,4.38,13.066,103.0,0.3352211847543241,55,"(42, 31)"
4811,4812,4812,6123.0,2.0,7.524,2.477,111.0,3.0375454178441665,55,"(42, 27)"
4812,4813,4813,6036.0,2.0,5.611,2.478,111.0,2.264326069410815,55,"(42, 26)"
4813,4814,4814,6109.0,2.0,3.162,2.479,111.0,1.2755143202904395,55,"(42, 27)"
4814,4815,4815,6112.0,2.0,2.718,2.48,111.0,1.095967741935484,55,"(42, 26)"
4815,4816,4816,6106.0,2.0,2.449,2.481,111.0,0.9871019750100766,55,"(42, 25)"
4816,4817,4817,6108.0,2.0,2.567,2.482,111.0,1.0342465753424657,55,"(42, 24)"
4817,4818,4818,6107.0,2.0,2.477,2.484,111.0,0.9971819645732688,55,"(42, 25)"
4818,4819,4819,6110.0,2.0,2.37,2.49,111.0,0.9518072289156626,55,"(42, 24)"
4819,4820,4820,6105.0,2.0,2.367,2.491,111.0,0.9502207948615012,55,"(42, 23)"
4820,4821,4821,6113.0,2.0,2.045,2.492,111.0,0.8206260032102728,55,"(42, 22)"
4821,4822,4822,6111.0,2.0,1.575,2.493,111.0,0.631768953068592,55,"(42, 23)"
4822,4823,4823,64178.0,2.0,7.14,13.067,9.0,0.5464146322797887,55,"(42, 22)"
4823,4824,4824,6303.0,2.0,5.061,9.335,9.0,0.5421531869309051,55,"(42, 21)"
4824,4825,4825,6309.0,2.0,3.465,13.068,9.0,0.2651515151515151,55,"(42, 20)"
4825,4826,4826,18880.0,2.0,3.142,8.932,9.0,0.3517689207344379,55,"(42, 21)"
4826,4827,4827,194816.0,2.0,3.142,8.732,9.0,0.3598259276225378,55,"(42, 20)"
4827,4828,4828,6300.0,2.0,2.964,2.426,9.0,1.2217642209398183,55,"(42, 19)"
4828,4829,4829,6317.0,2.0,18.0,4.215,9.0,4.270462633451958,55,"(42, 18)"
4829,4830,4830,6305.0,2.0,2.723,4.183,9.0,0.6509682046378198,55,"(42, 19)"
4830,4831,4831,6304.0,2.0,2.527,8.146,9.0,0.3102136017677387,55,"(42, 18)"
4831,4832,4832,6313.0,2.0,1.764,7.448,9.0,0.2368421052631578,55,"(42, 17)"
4832,4833,4833,6308.0,2.0,1.659,13.07,9.0,0.1269319051262433,55,"(42, 16)"
4833,4834,4834,6202.0,2.0,1.659,9.665,9.0,0.1716502845318158,55,"(42, 17)"
4834,4835,4835,6318.0,2.0,1.659,13.072,9.0,0.1269124847001224,55,"(42, 16)"
4835,4836,4836,6311.0,2.0,1.659,12.314,9.0,0.1347247035894104,55,"(42, 15)"
4836,4837,4837,173273.0,2.0,1.659,9.966,9.0,0.166465984346779,55,"(42, 14)"
4837,4838,4838,6307.0,2.0,1.659,9.349,9.0,0.1774521339180661,55,"(42, 15)"
4838,4839,4839,6312.0,2.0,1.596,2.494,9.0,0.6399358460304732,55,"(42, 14)"
4839,4840,4840,6316.0,2.0,1.483,2.476,9.0,0.5989499192245558,55,"(42, 13)"
4840,4841,4841,6315.0,2.0,0.29,1.265,9.0,0.2292490118577075,55,"(42, 12)"
4841,4842,4842,5705.0,1.0,4.417,13.076,103.0,0.3377944325481798,55,"(42, 13)"
4842,4843,4843,5623.0,1.0,4.417,13.327,103.0,0.3314324304044421,55,"(42, 12)"
4843,4844,4844,5687.0,1.0,4.417,13.86,103.0,0.3186868686868687,55,"(42, 11)"
4844,4845,4845,5621.0,1.0,4.423,14.125,103.0,0.3131327433628318,55,"(42, 10)"
4845,4846,4846,5698.0,1.0,4.423,14.03,103.0,0.3152530292230934,55,"(42, 11)"
4846,4847,4847,5694.0,1.0,4.009,13.798,103.0,0.2905493549789825,55,"(42, 10)"
4847,4848,4848,5655.0,1.0,4.06,14.908,103.0,0.2723370002683123,55,"(42, 9)"
4848,4849,4849,5686.0,1.0,4.06,14.908,103.0,0.2723370002683123,55,"(42, 8)"
4849,4850,4850,5605.0,1.0,3.765,17.141,103.0,0.219648795286156,55,"(42, 9)"
4850,4851,4851,5617.0,1.0,3.765,16.753,103.0,0.2247358682027099,55,"(42, 8)"
4851,4852,4852,5636.0,1.0,3.765,15.5,103.0,0.2429032258064516,55,"(42, 7)"
4852,4853,4853,5632.0,1.0,3.752,16.106,103.0,0.232956662113498,55,"(42, 6)"
4853,4854,4854,5700.0,1.0,3.879,15.631,103.0,0.2481607062887851,55,"(42, 7)"
4854,4855,4855,5606.0,1.0,3.782,13.175,103.0,0.2870588235294117,55,"(42, 6)"
4855,4856,4856,5704.0,1.0,3.558,13.077,103.0,0.272080752466162,55,"(42, 5)"
4856,4857,4857,5604.0,1.0,3.727,13.078,103.0,0.2849824132130295,55,"(42, 4)"
4857,4858,4858,5634.0,1.0,3.785,13.422,103.0,0.2819997019818209,55,"(42, 5)"
4858,4859,4859,5614.0,1.0,3.55,13.079,103.0,0.2714274791650737,55,"(42, 4)"
4859,4860,4860,5609.0,1.0,3.238,13.297,103.0,0.2435135744904865,55,"(42, 3)"
4860,4861,4861,5613.0,1.0,3.536,16.42,103.0,0.215347137637028,55,"(42, 2)"
4861,4862,4862,5611.0,1.0,3.536,16.623,103.0,0.2127173193767671,55,"(42, 3)"
4862,4863,4863,5669.0,1.0,3.287,17.137,103.0,0.1918072007936044,55,"(42, 2)"
4863,4864,4864,5693.0,1.0,3.287,13.885,103.0,0.2367302844796543,56,"(43, 2)"
4864,4865,4865,5620.0,1.0,3.415,13.737,103.0,0.248598675111014,56,"(43, 3)"
4865,4866,4866,5659.0,1.0,3.415,16.02,103.0,0.2131710362047441,56,"(43, 2)"
4866,4867,4867,5633.0,1.0,3.415,16.043,103.0,0.2128654241725363,56,"(43, 3)"
4867,4868,4868,5685.0,1.0,3.336,16.811,103.0,0.1984414966391053,56,"(43, 4)"
4868,4869,4869,5625.0,1.0,3.142,16.363,103.0,0.192018578500275,56,"(43, 5)"
4869,4870,4870,5688.0,1.0,3.142,16.363,103.0,0.192018578500275,56,"(43, 4)"
4870,4871,4871,5610.0,1.0,3.142,16.363,103.0,0.192018578500275,56,"(43, 5)"
4871,4872,4872,5692.0,1.0,3.145,17.184,103.0,0.1830190875232774,56,"(43, 6)"
4872,4873,4873,5601.0,1.0,3.145,16.072,103.0,0.195681931309109,56,"(43, 7)"
4873,4874,4874,5696.0,1.0,3.161,15.452,103.0,0.2045689878332902,56,"(43, 6)"
4874,4875,4875,5607.0,1.0,3.161,7.831,103.0,0.4036521517047631,56,"(43, 7)"
4875,4876,4876,5695.0,1.0,3.138,8.358,103.0,0.3754486719310839,56,"(43, 8)"
4876,4877,4877,5631.0,1.0,3.18,8.25,103.0,0.3854545454545455,56,"(43, 9)"
4877,4878,4878,5615.0,1.0,2.999,13.08,103.0,0.2292813455657492,56,"(43, 8)"
4878,4879,4879,18114.0,1.0,18.0,13.082,103.0,1.3759364011619015,56,"(43, 9)"
4879,4880,4880,5690.0,1.0,2.718,14.307,103.0,0.1899769343677919,56,"(43, 10)"
4880,4881,4881,5702.0,1.0,2.37,8.759,103.0,0.270578833200137,56,"(43, 11)"
4881,4882,4882,5629.0,1.0,2.322,13.083,103.0,0.1774822288465948,56,"(43, 10)"
4882,4883,4883,5603.0,1.0,2.341,13.084,103.0,0.1789208193213085,56,"(43, 11)"
4883,4884,4884,5622.0,1.0,2.28,13.088,103.0,0.1742053789731051,56,"(43, 12)"
4884,4885,4885,5616.0,1.0,2.045,8.676,103.0,0.2357076994006454,56,"(43, 13)"
4885,4886,4886,5699.0,1.0,2.045,8.495,103.0,0.24072984108299,56,"(43, 12)"
4886,4887,4887,5689.0,1.0,1.7,13.09,103.0,0.1298701298701298,56,"(43, 13)"
4887,4888,4888,5703.0,1.0,1.483,13.091,103.0,0.1132839355282255,56,"(43, 14)"
4888,4889,4889,166938.0,1.0,1.358,13.092,103.0,0.1037274671555148,56,"(43, 15)"
4889,4890,4890,5646.0,2.0,8.791,13.093,103.0,0.6714274803330024,56,"(43, 14)"
4890,4891,4891,5661.0,2.0,7.681,14.925,103.0,0.5146398659966499,56,"(43, 15)"
4891,4892,4892,5643.0,2.0,5.229,14.553,103.0,0.3593073593073593,56,"(43, 16)"
4892,4893,4893,5665.0,2.0,4.639,13.774,103.0,0.3367939596340932,56,"(43, 17)"
4893,4894,4894,5648.0,2.0,4.721,13.098,103.0,0.360436707894335,56,"(43, 16)"
4894,4895,4895,19233.0,2.0,4.699,13.099,103.0,0.3587296740209176,56,"(43, 17)"
4895,4896,4896,5654.0,2.0,4.138,14.747,103.0,0.2805994439547026,56,"(43, 18)"
4896,4897,4897,5656.0,2.0,3.765,15.252,103.0,0.246852871754524,56,"(43, 19)"
4897,4898,4898,5628.0,2.0,3.596,13.56,103.0,0.2651917404129793,56,"(43, 18)"
4898,4899,4899,5663.0,2.0,3.88,14.549,103.0,0.266684995532339,56,"(43, 19)"
4899,4900,4900,5600.0,2.0,3.654,13.1,103.0,0.2789312977099236,56,"(43, 20)"
4900,4901,4901,5660.0,2.0,3.55,13.102,103.0,0.2709509998473515,56,"(43, 21)"
4901,4902,4902,5701.0,2.0,3.547,13.103,103.0,0.2707013660993665,56,"(43, 20)"
4902,4903,4903,5664.0,2.0,3.547,13.103,103.0,0.2707013660993665,56,"(43, 21)"
4903,4904,4904,5637.0,2.0,3.547,13.103,103.0,0.2707013660993665,56,"(43, 22)"
4904,4905,4905,5666.0,2.0,3.466,15.572,103.0,0.2225789879270485,56,"(43, 23)"
4905,4906,4906,5638.0,2.0,3.238,17.154,103.0,0.1887606389180366,56,"(43, 22)"
4906,4907,4907,5650.0,2.0,3.142,8.003,103.0,0.392602773959765,56,"(43, 23)"
4907,4908,4908,5652.0,2.0,3.18,16.893,103.0,0.1882436512164802,56,"(43, 24)"
4908,4909,4909,5639.0,2.0,3.162,14.443,103.0,0.2189295852662189,56,"(43, 25)"
4909,4910,4910,5641.0,2.0,2.91,13.523,103.0,0.2151889373659691,56,"(43, 24)"
4910,4911,4911,5657.0,2.0,2.91,13.104,103.0,0.222069597069597,56,"(43, 25)"
4911,4912,4912,5640.0,2.0,18.0,14.131,103.0,1.2737952020380725,56,"(43, 26)"
4912,4913,4913,5645.0,2.0,3.063,14.004,103.0,0.2187232219365895,56,"(43, 27)"
4913,4914,4914,5651.0,2.0,2.322,13.083,103.0,0.1774822288465948,56,"(43, 26)"
4914,4915,4915,5644.0,2.0,2.341,13.105,103.0,0.178634109118657,56,"(43, 27)"
4915,4916,4916,,,,,,,56,"(43, 31)"
4916,4917,4917,,,,,,,56,"(43, 31)"
4917,4918,4918,,,,,,,56,"(43, 32)"
4918,4919,4919,6641.0,1.0,30.0,2.496,126.0,12.01923076923077,56,"(43, 33)"
4919,4920,4920,6660.0,1.0,8.503,2.498,126.0,3.4039231385108084,56,"(43, 32)"
4920,4921,4921,6682.0,1.0,8.961,2.503,126.0,3.5801038753495806,56,"(43, 33)"
4921,4922,4922,6628.0,1.0,8.135,2.504,126.0,3.248801916932907,56,"(43, 34)"
4922,4923,4923,6642.0,1.0,8.63,2.509,126.0,3.439617377441212,56,"(43, 35)"
4923,4924,4924,6707.0,1.0,5.252,1.349,126.0,3.8932542624166047,56,"(43, 34)"
4924,4925,4925,6707.0,1.0,5.252,1.349,126.0,3.8932542624166047,56,"(43, 35)"
4925,4926,4926,6675.0,1.0,5.05,2.51,126.0,2.01195219123506,56,"(43, 36)"
4926,4927,4927,6675.0,1.0,5.05,2.51,126.0,2.01195219123506,56,"(43, 37)"
4927,4928,4928,6665.0,1.0,4.554,2.511,126.0,1.813620071684588,56,"(43, 36)"
4928,4929,4929,6665.0,1.0,4.554,2.511,126.0,1.813620071684588,56,"(43, 37)"
4929,4930,4930,6675.0,1.0,5.05,2.51,126.0,2.01195219123506,56,"(43, 38)"
4930,4931,4931,6675.0,1.0,5.05,2.51,126.0,2.01195219123506,56,"(43, 39)"
4931,4932,4932,6640.0,1.0,4.643,2.512,126.0,1.848328025477707,56,"(43, 38)"
4932,4933,4933,6640.0,1.0,4.643,2.512,126.0,1.848328025477707,56,"(43, 39)"
4933,4934,4934,6672.0,1.0,4.124,2.513,126.0,1.641066454436928,56,"(43, 40)"
4934,4935,4935,6672.0,1.0,4.124,2.513,126.0,1.641066454436928,56,"(43, 41)"
4935,4936,4936,6620.0,1.0,4.174,2.515,126.0,1.6596421471172962,56,"(43, 40)"
4936,4937,4937,6631.0,1.0,4.199,2.517,126.0,1.6682558601509734,56,"(43, 41)"
4937,4938,4938,6629.0,1.0,3.998,2.518,126.0,1.5877680698967436,56,"(43, 42)"
4938,4939,4939,6643.0,1.0,3.944,5.003,126.0,0.7883270037977214,56,"(43, 43)"
4939,4940,4940,6627.0,1.0,3.861,1.355,126.0,2.849446494464945,56,"(43, 42)"
4940,4941,4941,6627.0,1.0,3.861,1.355,126.0,2.849446494464945,56,"(43, 43)"
4941,4942,4942,6613.0,1.0,3.855,2.519,126.0,1.5303691941246529,56,"(43, 44)"
4942,4943,4943,6613.0,1.0,3.855,2.519,126.0,1.5303691941246529,56,"(43, 45)"
4943,4944,4944,6635.0,1.0,3.702,2.52,126.0,1.469047619047619,56,"(43, 44)"
4944,4945,4945,6635.0,1.0,3.702,2.52,126.0,1.469047619047619,56,"(43, 45)"
4945,4946,4946,6666.0,1.0,3.558,2.524,126.0,1.4096671949286843,56,"(43, 46)"
4946,4947,4947,6666.0,1.0,3.558,2.524,126.0,1.4096671949286843,56,"(43, 47)"
4947,4948,4948,6619.0,1.0,3.719,2.525,126.0,1.4728712871287128,56,"(43, 46)"
4948,4949,4949,6644.0,1.0,3.142,5.018,126.0,0.6261458748505381,56,"(43, 47)"
4949,4950,4950,6621.0,1.0,2.999,5.165,126.0,0.5806389157792836,56,"(43, 48)"
4950,4951,4951,6616.0,1.0,2.514,5.497,126.0,0.4573403674731671,56,"(43, 49)"
4951,4952,4952,6708.0,1.0,2.2,4.958,126.0,0.4437273093989512,56,"(43, 48)"
4952,4953,4953,6709.0,1.0,2.113,4.481,126.0,0.471546529792457,56,"(43, 49)"
4953,4954,4954,6669.0,1.0,2.2,2.526,126.0,0.870942201108472,56,"(43, 50)"
4954,4955,4955,6669.0,1.0,2.2,2.526,126.0,0.870942201108472,56,"(43, 51)"
4955,4956,4956,6612.0,1.0,2.119,2.528,126.0,0.8382120253164558,56,"(43, 50)"
4956,4957,4957,6612.0,1.0,2.119,2.528,126.0,0.8382120253164558,56,"(43, 51)"
4957,4958,4958,6669.0,1.0,2.2,2.526,126.0,0.870942201108472,56,"(43, 52)"
4958,4959,4959,6669.0,1.0,2.2,2.526,126.0,0.870942201108472,56,"(43, 53)"
4959,4960,4960,6639.0,1.0,2.119,4.641,126.0,0.4565826330532213,56,"(43, 52)"
4960,4961,4961,6670.0,1.0,1.972,4.466,126.0,0.4415584415584415,56,"(43, 53)"
4961,4962,4962,6632.0,1.0,27.0,2.53,126.0,10.67193675889328,56,"(43, 54)"
4962,4963,4963,6632.0,1.0,27.0,2.53,126.0,10.67193675889328,56,"(43, 55)"
4963,4964,4964,6634.0,1.0,1.988,2.531,126.0,0.7854602923745555,56,"(43, 54)"
4964,4965,4965,6634.0,1.0,1.988,2.531,126.0,0.7854602923745555,56,"(43, 55)"
4965,4966,4966,6618.0,1.0,1.963,2.532,126.0,0.7752764612954187,56,"(43, 56)"
4966,4967,4967,6618.0,1.0,1.963,2.532,126.0,0.7752764612954187,56,"(43, 57)"
4967,4968,4968,6624.0,1.0,1.66,3.746,126.0,0.4431393486385477,56,"(43, 56)"
4968,4969,4969,6626.0,1.0,1.66,3.376,126.0,0.4917061611374407,56,"(43, 57)"
4969,4970,4970,6674.0,1.0,1.664,2.562,126.0,0.6494925839188135,56,"(43, 58)"
4970,4971,4971,6674.0,1.0,1.664,2.562,126.0,0.6494925839188135,56,"(43, 59)"
4971,4972,4972,6633.0,1.0,1.331,2.578,126.0,0.5162916989914663,56,"(43, 58)"
4972,4973,4973,6633.0,1.0,1.331,2.578,126.0,0.5162916989914663,56,"(43, 59)"
4973,4974,4974,6674.0,1.0,1.664,2.562,126.0,0.6494925839188135,56,"(43, 60)"
4974,4975,4975,6674.0,1.0,1.664,2.562,126.0,0.6494925839188135,56,"(43, 61)"
4975,4976,4976,,,,,,,56,"(43, 60)"
4976,4977,4977,,,,,,,56,"(43, 61)"
4977,4978,4978,,,,,,,57,"(44, 61)"
4978,4979,4979,6810.0,1.0,12.419,0.788,131.0,15.76015228426396,57,"(44, 60)"
4979,4980,4980,6775.0,1.0,13.047,0.743,131.0,17.559892328398387,57,"(44, 61)"
4980,4981,4981,6775.0,1.0,13.047,0.743,131.0,17.559892328398387,57,"(44, 60)"
4981,4982,4982,6975.0,1.0,11.047,0.815,131.0,13.554601226993867,57,"(44, 59)"
4982,4983,4983,6771.0,1.0,10.453,0.654,131.0,15.983180428134554,57,"(44, 58)"
4983,4984,4984,6775.0,1.0,13.047,0.743,131.0,17.559892328398387,57,"(44, 59)"
4984,4985,4985,6775.0,1.0,13.047,0.743,131.0,17.559892328398387,57,"(44, 58)"
4985,4986,4986,6886.0,1.0,6.098,0.823,131.0,7.409477521263669,57,"(44, 57)"
4986,4987,4987,6886.0,1.0,6.098,0.823,131.0,7.409477521263669,57,"(44, 56)"
4987,4988,4988,6796.0,1.0,6.036,0.892,131.0,6.766816143497757,57,"(44, 57)"
4988,4989,4989,6796.0,1.0,6.036,0.892,131.0,6.766816143497757,57,"(44, 56)"
4989,4990,4990,6782.0,1.0,5.518,1.315,131.0,4.196197718631178,57,"(44, 55)"
4990,4991,4991,6809.0,1.0,5.737,1.214,131.0,4.725700164744646,57,"(44, 54)"
4991,4992,4992,6798.0,1.0,5.775,1.266,131.0,4.561611374407583,57,"(44, 54)"
4992,4993,4993,6777.0,1.0,5.775,1.387,131.0,4.163662581110311,57,"(44, 53)"
4993,4994,4994,6802.0,1.0,5.328,1.316,131.0,4.048632218844985,57,"(44, 52)"
4994,4995,4995,6792.0,1.0,4.848,0.667,131.0,7.268365817091453,57,"(44, 53)"
4995,4996,4996,6811.0,1.0,4.554,1.07,131.0,4.25607476635514,57,"(44, 52)"
4996,4997,4997,6890.0,1.0,4.643,0.683,131.0,6.7979502196193256,57,"(44, 51)"
4997,4998,4998,6890.0,1.0,4.643,0.683,131.0,6.7979502196193256,57,"(44, 50)"
4998,4999,4999,6887.0,1.0,4.124,2.587,131.0,1.5941244684963276,57,"(44, 51)"
4999,5000,5000,6793.0,1.0,4.124,2.594,131.0,1.58982266769468,57,"(44, 50)"
5000,5001,5001,6806.0,1.0,4.272,1.007,131.0,4.242303872889773,57,"(44, 49)"
5001,5002,5002,6883.0,1.0,4.401,1.012,131.0,4.348814229249012,57,"(44, 48)"
5002,5003,5003,6892.0,1.0,3.95,0.744,131.0,5.309139784946237,57,"(44, 49)"
5003,5004,5004,6788.0,1.0,3.861,0.746,131.0,5.175603217158177,57,"(44, 48)"
5004,5005,5005,6881.0,1.0,3.861,0.926,131.0,4.169546436285097,57,"(44, 47)"
5005,5006,5006,6789.0,1.0,3.861,0.75,131.0,5.148000000000001,57,"(44, 46)"
5006,5007,5007,6790.0,1.0,28.0,0.778,131.0,35.98971722365039,57,"(44, 47)"
5007,5008,5008,6790.0,1.0,28.0,0.778,131.0,35.98971722365039,57,"(44, 46)"
5008,5009,5009,6783.0,1.0,3.608,0.825,131.0,4.373333333333334,57,"(44, 45)"
5009,5010,5010,6783.0,1.0,3.608,0.825,131.0,4.373333333333334,57,"(44, 44)"
5010,5011,5011,6885.0,1.0,3.608,0.869,131.0,4.151898734177215,57,"(44, 45)"
5011,5012,5012,6885.0,1.0,3.608,0.869,131.0,4.151898734177215,57,"(44, 44)"
5012,5013,5013,6786.0,1.0,3.731,0.819,131.0,4.555555555555555,57,"(44, 43)"
5013,5014,5014,6894.0,1.0,3.731,0.816,131.0,4.572303921568627,57,"(44, 42)"
5014,5015,5015,6807.0,1.0,3.731,0.898,131.0,4.15478841870824,57,"(44, 43)"
5015,5016,5016,6902.0,1.0,3.727,2.595,131.0,1.436223506743738,57,"(44, 42)"
5016,5017,5017,6808.0,1.0,3.727,0.855,131.0,4.35906432748538,57,"(44, 41)"
5017,5018,5018,6808.0,1.0,3.727,0.855,131.0,4.35906432748538,57,"(44, 40)"
5018,5019,5019,6891.0,1.0,3.654,0.83,131.0,4.402409638554217,57,"(44, 41)"
5019,5020,5020,6891.0,1.0,3.654,0.83,131.0,4.402409638554217,57,"(44, 40)"
5020,5021,5021,6797.0,1.0,3.313,0.471,131.0,7.033970276008493,57,"(44, 39)"
5021,5022,5022,6812.0,1.0,3.142,0.804,131.0,3.907960199004975,57,"(44, 38)"
5022,5023,5023,6880.0,1.0,2.999,0.879,131.0,3.411831626848692,57,"(44, 39)"
5023,5024,5024,6826.0,1.0,3.017,2.598,131.0,1.1612779060816012,57,"(44, 38)"
5024,5025,5025,6882.0,1.0,3.029,0.617,131.0,4.9092382495948135,57,"(44, 37)"
5025,5026,5026,6882.0,1.0,3.029,0.617,131.0,4.9092382495948135,57,"(44, 36)"
5026,5027,5027,6787.0,1.0,3.063,0.684,131.0,4.478070175438597,57,"(44, 37)"
5027,5028,5028,6787.0,1.0,3.063,0.684,131.0,4.478070175438597,57,"(44, 36)"
5028,5029,5029,6889.0,1.0,2.95,2.6,131.0,1.1346153846153846,57,"(44, 35)"
5029,5030,5030,6889.0,1.0,2.95,2.6,131.0,1.1346153846153846,57,"(44, 34)"
5030,5031,5031,6801.0,1.0,2.799,0.787,131.0,3.556543837357052,57,"(44, 35)"
5031,5032,5032,6799.0,1.0,2.341,0.655,131.0,3.574045801526718,57,"(44, 34)"
5032,5033,5033,6784.0,1.0,2.318,0.46,131.0,5.039130434782608,57,"(44, 33)"
5033,5034,5034,6784.0,1.0,2.318,0.46,131.0,5.039130434782608,57,"(44, 32)"
5034,5035,5035,6805.0,1.0,2.227,0.678,131.0,3.284660766961652,57,"(44, 33)"
5035,5036,5036,6888.0,1.0,2.133,1.141,131.0,1.869412795793164,57,"(44, 31)"
5036,5037,5037,6774.0,1.0,2.045,0.483,131.0,4.233954451345756,57,"(44, 31)"
5037,5038,5038,5649.0,2.0,2.341,14.312,103.0,0.163569032979318,57,"(44, 27)"
5038,5039,5039,5662.0,2.0,2.28,13.108,103.0,0.1739395788831247,57,"(44, 26)"
5039,5040,5040,5642.0,2.0,2.28,12.749,103.0,0.1788375558867362,57,"(44, 27)"
5040,5041,5041,5658.0,2.0,2.28,13.11,103.0,0.1739130434782608,57,"(44, 26)"
5041,5042,5042,5653.0,2.0,2.119,8.594,103.0,0.2465673725855248,57,"(44, 25)"
5042,5043,5043,6663.0,2.0,3.782,2.601,126.0,1.4540561322568244,57,"(44, 24)"
5043,5044,5044,6658.0,2.0,5.108,2.602,126.0,1.9631053036126056,57,"(44, 25)"
5044,5045,5045,6658.0,2.0,5.108,2.602,126.0,1.9631053036126056,57,"(44, 24)"
5045,5046,5046,6654.0,2.0,4.874,2.605,126.0,1.8710172744721687,57,"(44, 23)"
5046,5047,5047,6654.0,2.0,4.874,2.605,126.0,1.8710172744721687,57,"(44, 22)"
5047,5048,5048,6611.0,2.0,4.697,2.607,126.0,1.80168776371308,57,"(44, 23)"
5048,5049,5049,6611.0,2.0,4.697,2.607,126.0,1.80168776371308,57,"(44, 22)"
5049,5050,5050,6664.0,2.0,4.268,2.61,126.0,1.635249042145594,57,"(44, 21)"
5050,5051,5051,6664.0,2.0,4.268,2.61,126.0,1.635249042145594,57,"(44, 20)"
5051,5052,5052,6659.0,2.0,4.442,2.611,126.0,1.7012638835695135,57,"(44, 21)"
5052,5053,5053,6659.0,2.0,4.442,2.611,126.0,1.7012638835695135,57,"(44, 20)"
5053,5054,5054,6668.0,2.0,4.34,2.612,126.0,1.66156202143951,57,"(44, 19)"
5054,5055,5055,6668.0,2.0,4.34,2.612,126.0,1.66156202143951,57,"(44, 18)"
5055,5056,5056,6656.0,2.0,3.914,2.613,126.0,1.4978951396861846,57,"(44, 19)"
5056,5057,5057,6656.0,2.0,3.914,2.613,126.0,1.4978951396861846,57,"(44, 18)"
5057,5058,5058,6668.0,2.0,4.34,2.612,126.0,1.66156202143951,57,"(44, 17)"
5058,5059,5059,6668.0,2.0,4.34,2.612,126.0,1.66156202143951,57,"(44, 16)"
5059,5060,5060,6656.0,2.0,3.914,2.613,126.0,1.4978951396861846,57,"(44, 17)"
5060,5061,5061,6656.0,2.0,3.914,2.613,126.0,1.4978951396861846,57,"(44, 16)"
5061,5062,5062,6673.0,2.0,3.782,1.388,126.0,2.72478386167147,57,"(44, 15)"
5062,5063,5063,6673.0,2.0,3.782,1.388,126.0,2.72478386167147,57,"(44, 14)"
5063,5064,5064,6656.0,2.0,3.914,2.613,126.0,1.4978951396861846,57,"(44, 15)"
5064,5065,5065,6656.0,2.0,3.914,2.613,126.0,1.4978951396861846,57,"(44, 14)"
5065,5066,5066,6662.0,2.0,3.161,4.942,126.0,0.6396195872116552,57,"(44, 13)"
5066,5067,5067,6652.0,2.0,2.832,2.623,126.0,1.0796797560045748,57,"(44, 12)"
5067,5068,5068,122935.0,2.0,2.671,2.633,126.0,1.0144322066084317,57,"(44, 13)"
5068,5069,5069,122935.0,2.0,2.671,2.633,126.0,1.0144322066084317,57,"(44, 12)"
5069,5070,5070,6655.0,2.0,2.527,2.635,126.0,0.959013282732448,57,"(44, 11)"
5070,5071,5071,6655.0,2.0,2.527,2.635,126.0,0.959013282732448,57,"(44, 10)"
5071,5072,5072,6623.0,2.0,2.477,2.642,126.0,0.937547312641938,57,"(44, 11)"
5072,5073,5073,6655.0,2.0,2.527,2.635,126.0,0.959013282732448,57,"(44, 9)"
5073,5074,5074,6655.0,2.0,2.527,2.635,126.0,0.959013282732448,57,"(44, 8)"
5074,5075,5075,6667.0,2.0,1.775,2.644,126.0,0.6713313161875945,57,"(44, 9)"
5075,5076,5076,6667.0,2.0,1.775,2.644,126.0,0.6713313161875945,57,"(44, 8)"
5076,5077,5077,6653.0,2.0,1.66,4.099,126.0,0.4049768236155159,57,"(44, 7)"
5077,5078,5078,6896.0,1.0,2.045,0.51,131.0,4.009803921568627,57,"(44, 6)"
5078,5079,5079,6780.0,1.0,2.113,0.501,131.0,4.217564870259481,57,"(44, 7)"
5079,5080,5080,6780.0,1.0,2.113,0.501,131.0,4.217564870259481,57,"(44, 6)"
5080,5081,5081,6795.0,1.0,2.113,0.393,131.0,5.376590330788804,57,"(44, 5)"
5081,5082,5082,6795.0,1.0,2.113,0.393,131.0,5.376590330788804,57,"(44, 4)"
5082,5083,5083,6828.0,1.0,2.141,1.186,131.0,1.8052276559865088,57,"(44, 5)"
5083,5084,5084,6828.0,1.0,2.141,1.186,131.0,1.8052276559865088,57,"(44, 4)"
5084,5085,5085,6772.0,1.0,2.119,1.187,131.0,1.785172704296546,57,"(44, 3)"
5085,5086,5086,152224.0,1.0,27.0,0.761,131.0,35.4796320630749,57,"(44, 2)"
5086,5087,5087,6804.0,1.0,2.052,1.124,131.0,1.8256227758007115,57,"(44, 3)"
5087,5088,5088,6899.0,1.0,1.988,0.512,131.0,3.8828125,57,"(44, 2)"
5088,5089,5089,6884.0,1.0,1.988,1.042,131.0,1.9078694817658348,58,"(45, 2)"
5089,5090,5090,6779.0,1.0,1.931,0.524,131.0,3.6851145038167936,58,"(45, 3)"
5090,5091,5091,6898.0,1.0,1.931,0.509,131.0,3.793713163064833,58,"(45, 2)"
5091,5092,5092,6897.0,1.0,1.575,0.905,131.0,1.740331491712707,58,"(45, 3)"
5092,5093,5093,6813.0,1.0,1.665,0.558,131.0,2.983870967741935,58,"(45, 4)"
5093,5094,5094,6791.0,1.0,1.664,0.894,131.0,1.861297539149888,58,"(45, 5)"
5094,5095,5095,6800.0,1.0,1.596,0.867,131.0,1.8408304498269896,58,"(45, 4)"
5095,5096,5096,6781.0,1.0,1.596,0.862,131.0,1.851508120649652,58,"(45, 5)"
5096,5097,5097,6803.0,1.0,1.331,0.628,131.0,2.1194267515923566,58,"(45, 6)"
5097,5098,5098,6803.0,1.0,1.331,0.628,131.0,2.1194267515923566,58,"(45, 7)"
5098,5099,5099,6785.0,1.0,1.384,0.729,131.0,1.8984910836762687,58,"(45, 6)"
5099,5100,5100,6895.0,1.0,0.836,0.556,131.0,1.503597122302158,58,"(45, 7)"
5100,5101,5101,6776.0,1.0,0.856,0.647,131.0,1.3230293663060275,58,"(45, 8)"
5101,5102,5102,152249.0,1.0,0.783,0.646,131.0,1.2120743034055728,58,"(45, 9)"
5102,5103,5103,35738.0,1.0,0.783,0.606,131.0,1.292079207920792,58,"(45, 8)"
5103,5104,5104,6794.0,1.0,0.783,0.608,131.0,1.2878289473684212,58,"(45, 9)"
5104,5105,5105,6893.0,1.0,0.698,0.42,131.0,1.6619047619047618,58,"(45, 10)"
5105,5106,5106,6817.0,2.0,5.277,1.321,131.0,3.994700984102952,58,"(45, 11)"
5106,5107,5107,6815.0,2.0,5.594,1.325,131.0,4.221886792452831,58,"(45, 10)"
5107,5108,5108,6815.0,2.0,5.594,1.325,131.0,4.221886792452831,58,"(45, 11)"
5108,5109,5109,6820.0,2.0,5.775,1.338,131.0,4.316143497757848,58,"(45, 12)"
5109,5110,5110,6820.0,2.0,5.775,1.338,131.0,4.316143497757848,58,"(45, 13)"
5110,5111,5111,6900.0,2.0,4.174,0.882,131.0,4.732426303854876,58,"(45, 12)"
5111,5112,5112,57433.0,2.0,3.861,0.952,131.0,4.055672268907563,58,"(45, 13)"
5112,5113,5113,6825.0,2.0,3.861,0.784,131.0,4.924744897959184,58,"(45, 14)"
5113,5114,5114,6818.0,2.0,3.861,0.762,131.0,5.066929133858268,58,"(45, 15)"
5114,5115,5115,6824.0,2.0,3.861,0.785,131.0,4.918471337579618,58,"(45, 14)"
5115,5116,5116,6824.0,2.0,3.861,0.785,131.0,4.918471337579618,58,"(45, 15)"
5116,5117,5117,264113.0,2.0,2.647,0.473,131.0,5.596194503171248,58,"(45, 16)"
5117,5118,5118,264113.0,2.0,2.647,0.473,131.0,5.596194503171248,58,"(45, 17)"
5118,5119,5119,6824.0,2.0,3.861,0.785,131.0,4.918471337579618,58,"(45, 16)"
5119,5120,5120,6824.0,2.0,3.861,0.785,131.0,4.918471337579618,58,"(45, 17)"
5120,5121,5121,264113.0,2.0,2.647,0.473,131.0,5.596194503171248,58,"(45, 18)"
5121,5122,5122,264113.0,2.0,2.647,0.473,131.0,5.596194503171248,58,"(45, 19)"
5122,5123,5123,6821.0,2.0,2.205,0.618,131.0,3.567961165048544,58,"(45, 18)"
5123,5124,5124,6821.0,2.0,2.205,0.618,131.0,3.567961165048544,58,"(45, 19)"
5124,5125,5125,6816.0,2.0,2.141,1.14,131.0,1.878070175438597,58,"(45, 20)"
5125,5126,5126,6816.0,2.0,2.141,1.14,131.0,1.878070175438597,58,"(45, 21)"
5126,5127,5127,6814.0,2.0,1.575,0.601,131.0,2.6206322795341097,58,"(45, 20)"
5127,5128,5128,6814.0,2.0,1.575,0.601,131.0,2.6206322795341097,58,"(45, 21)"
5128,5129,5129,6816.0,2.0,2.141,1.14,131.0,1.878070175438597,58,"(45, 22)"
5129,5130,5130,6816.0,2.0,2.141,1.14,131.0,1.878070175438597,58,"(45, 23)"
5130,5131,5131,6814.0,2.0,1.575,0.601,131.0,2.6206322795341097,58,"(45, 22)"
5131,5132,5132,6814.0,2.0,1.575,0.601,131.0,2.6206322795341097,58,"(45, 23)"
5132,5133,5133,6827.0,2.0,1.665,0.923,131.0,1.8039003250270853,58,"(45, 24)"
5133,5134,5134,6827.0,2.0,1.665,0.923,131.0,1.8039003250270853,58,"(45, 25)"
5134,5135,5135,,,,,,,58,"(45, 24)"
5135,5136,5136,,,,,,,58,"(45, 25)"
5136,5137,5137,,,,,,,58,"(45, 26)"
5137,5138,5138,149.0,1.0,11.248,6.825,18.0,1.648058608058608,58,"(45, 27)"
5138,5139,5139,318.0,1.0,6.396,6.842,18.0,0.9348143817597194,58,"(45, 26)"
5139,5140,5140,6199.0,1.0,5.008,11.676,18.0,0.4289140116478246,58,"(45, 27)"
5140,5141,5141,6180.0,1.0,5.008,13.111,18.0,0.3819693387232095,58,"(45, 31)"
5141,5142,5142,5493.0,1.0,3.466,3.752,18.0,0.9237739872068232,58,"(45, 31)"
5142,5143,5143,6636.0,1.0,2.86,2.645,18.0,1.0812854442344044,58,"(45, 32)"
5143,5144,5144,6671.0,1.0,2.719,1.215,18.0,2.2378600823045263,58,"(45, 33)"
5144,5145,5145,6630.0,1.0,2.526,1.323,18.0,1.909297052154195,58,"(45, 32)"
5145,5146,5146,6625.0,1.0,2.449,2.646,18.0,0.9255479969765684,58,"(45, 33)"
5146,5147,5147,6637.0,1.0,2.471,1.39,18.0,1.777697841726619,58,"(45, 34)"
5147,5148,5148,6614.0,1.0,2.227,2.653,18.0,0.83942706370147,58,"(45, 35)"
5148,5149,5149,6683.0,1.0,1.861,2.654,18.0,0.70120572720422,58,"(45, 34)"
5149,5150,5150,6615.0,1.0,1.684,0.899,18.0,1.8731924360400445,58,"(45, 35)"
5150,5151,5151,6638.0,1.0,1.44,1.35,18.0,1.0666666666666669,58,"(45, 36)"
5151,5152,5152,6661.0,1.0,0.783,0.763,18.0,1.0262123197903017,58,"(45, 37)"
5152,5153,5153,,,,,,,58,"(45, 36)"
5153,5154,5154,242892.0,1.0,13.09,13.112,66.0,0.9983221476510068,58,"(45, 37)"
5154,5155,5155,2895.0,1.0,11.771,13.113,66.0,0.8976588118660872,58,"(45, 38)"
5155,5156,5156,2840.0,1.0,12.625,13.116,66.0,0.9625648063433974,58,"(45, 39)"
5156,5157,5157,2893.0,1.0,12.11,13.12,66.0,0.9230182926829268,58,"(45, 38)"
5157,5158,5158,2786.0,1.0,9.318,6.929,66.0,1.3447827969403954,58,"(45, 39)"
5158,5159,5159,2879.0,1.0,8.436,13.121,66.0,0.6429388003963112,58,"(45, 40)"
5159,5160,5160,2849.0,1.0,8.436,13.122,66.0,0.6428898033836306,58,"(45, 41)"
5160,5161,5161,2857.0,1.0,8.436,13.123,66.0,0.6428408138382992,58,"(45, 40)"
5161,5162,5162,2876.0,1.0,7.798,13.126,66.0,0.5940880694804206,58,"(45, 41)"
5162,5163,5163,251893.0,1.0,6.902,7.635,66.0,0.9039947609692208,58,"(45, 42)"
5163,5164,5164,2851.0,1.0,6.042,7.938,66.0,0.7611489040060468,58,"(45, 43)"
5164,5165,5165,2856.0,1.0,5.485,13.128,66.0,0.4178092626447288,58,"(45, 42)"
5165,5166,5166,2833.0,1.0,4.848,5.395,66.0,0.8986098239110287,58,"(45, 43)"
5166,5167,5167,2863.0,1.0,4.814,5.505,66.0,0.8744777475022707,58,"(45, 44)"
5167,5168,5168,2874.0,1.0,4.814,5.321,66.0,0.9047171584288668,58,"(45, 45)"
5168,5169,5169,2896.0,1.0,4.883,5.943,66.0,0.8216389029109877,58,"(45, 44)"
5169,5170,5170,2880.0,1.0,4.874,5.79,66.0,0.8417962003454231,58,"(45, 45)"
5170,5171,5171,3223.0,1.0,4.874,5.61,66.0,0.8688057040998216,58,"(45, 46)"
5171,5172,5172,2897.0,1.0,4.874,5.426,66.0,0.8982676004423147,58,"(45, 47)"
5172,5173,5173,2869.0,1.0,4.874,5.708,66.0,0.8538892782060266,58,"(45, 46)"
5173,5174,5174,2835.0,1.0,4.874,5.679,66.0,0.858249691847156,58,"(45, 47)"
5174,5175,5175,2845.0,1.0,4.874,5.679,66.0,0.858249691847156,58,"(45, 48)"
5175,5176,5176,2785.0,1.0,4.874,5.951,66.0,0.8190220131070408,58,"(45, 49)"
5176,5177,5177,2871.0,1.0,4.903,5.653,66.0,0.8673270829647974,58,"(45, 48)"
5177,5178,5178,2832.0,1.0,4.903,5.682,66.0,0.8629003871876099,58,"(45, 49)"
5178,5179,5179,2790.0,1.0,4.903,5.779,66.0,0.8484166810866931,58,"(45, 50)"
5179,5180,5180,2850.0,1.0,4.997,5.957,66.0,0.8388450562363606,58,"(45, 51)"
5180,5181,5181,2870.0,1.0,4.997,5.33,66.0,0.9375234521575984,58,"(45, 50)"
5181,5182,5182,2901.0,1.0,4.776,5.78,66.0,0.8262975778546712,58,"(45, 51)"
5182,5183,5183,2887.0,1.0,4.009,13.129,66.0,0.3053545586107091,58,"(45, 52)"
5183,5184,5184,2868.0,1.0,4.043,13.13,66.0,0.3079207920792079,58,"(45, 53)"
5184,5185,5185,2867.0,1.0,3.727,13.133,66.0,0.2837889286530115,58,"(45, 52)"
5185,5186,5186,2878.0,1.0,3.18,7.908,66.0,0.4021244309559939,58,"(45, 53)"
5186,5187,5187,2838.0,1.0,3.055,7.652,66.0,0.3992420282279142,58,"(45, 54)"
5187,5188,5188,2848.0,1.0,2.999,7.728,66.0,0.3880693581780539,58,"(45, 55)"
5188,5189,5189,2889.0,1.0,2.999,7.915,66.0,0.3789008212255211,58,"(45, 54)"
5189,5190,5190,2844.0,1.0,2.999,7.242,66.0,0.4141121237227285,58,"(45, 55)"
5190,5191,5191,2860.0,1.0,3.162,7.729,66.0,0.4091085522059774,58,"(45, 56)"
5191,5192,5192,134903.0,1.0,2.671,7.36,66.0,0.3629076086956521,58,"(45, 57)"
5192,5193,5193,2847.0,1.0,2.367,4.959,66.0,0.4773139745916516,58,"(45, 56)"
5193,5194,5194,2855.0,1.0,2.113,5.076,66.0,0.4162726556343578,58,"(45, 57)"
5194,5195,5195,2791.0,1.0,2.113,5.105,66.0,0.4139079333986287,58,"(45, 58)"
5195,5196,5196,2872.0,1.0,2.141,4.84,66.0,0.4423553719008264,58,"(45, 59)"
5196,5197,5197,2891.0,1.0,2.141,4.698,66.0,0.455725840783312,58,"(45, 58)"
5197,5198,5198,193871.0,1.0,1.963,6.071,66.0,0.3233404710920771,58,"(45, 59)"
5198,5199,5199,2805.0,1.0,1.861,5.412,66.0,0.3438654841093865,58,"(45, 60)"
5199,5200,5200,2842.0,1.0,1.861,5.288,66.0,0.351928895612708,58,"(45, 61)"
5200,5201,5201,2859.0,1.0,1.762,5.234,66.0,0.3366450133740924,58,"(45, 60)"
5201,5202,5202,2792.0,1.0,1.684,5.34,66.0,0.3153558052434457,58,"(45, 61)"
5202,5203,5203,2884.0,1.0,1.659,5.064,66.0,0.32760663507109,11,"(46, 61)"
5203,5204,5204,2875.0,1.0,1.744,5.658,66.0,0.3082361258395192,11,"(46, 60)"
5204,5205,5205,2885.0,1.0,1.744,5.352,66.0,0.3258594917787742,11,"(46, 61)"
5205,5206,5206,2898.0,1.0,1.744,5.471,66.0,0.3187717053555108,11,"(46, 60)"
5206,5207,5207,2888.0,1.0,1.7,5.387,66.0,0.315574531279005,11,"(46, 59)"
5207,5208,5208,2886.0,1.0,1.7,4.931,66.0,0.3447576556479416,11,"(46, 58)"
5208,5209,5209,2894.0,1.0,1.575,4.759,66.0,0.3309518806471948,11,"(46, 59)"
5209,5210,5210,2881.0,1.0,1.575,4.996,66.0,0.3152522017614091,11,"(46, 58)"
5210,5211,5211,2866.0,1.0,1.665,4.654,66.0,0.3577567683712935,11,"(46, 57)"
5211,5212,5212,2836.0,1.0,1.665,5.236,66.0,0.3179908326967151,11,"(46, 56)"
5212,5213,5213,2834.0,1.0,1.665,4.91,66.0,0.3391038696537678,11,"(46, 57)"
5213,5214,5214,2841.0,1.0,1.665,5.043,66.0,0.3301606186793575,11,"(46, 56)"
5214,5215,5215,2873.0,1.0,1.665,4.91,66.0,0.3391038696537678,11,"(46, 55)"
5215,5216,5216,2854.0,1.0,1.665,4.706,66.0,0.3538036549086272,11,"(46, 54)"
5216,5217,5217,206248.0,1.0,1.665,5.052,66.0,0.3295724465558195,11,"(46, 55)"
5217,5218,5218,2877.0,1.0,1.665,4.984,66.0,0.3340690208667737,11,"(46, 54)"
5218,5219,5219,2843.0,1.0,1.665,4.984,66.0,0.3340690208667737,11,"(46, 53)"
5219,5220,5220,2899.0,1.0,1.665,4.723,66.0,0.3525301715011645,11,"(46, 52)"
5220,5221,5221,2861.0,1.0,1.664,4.592,66.0,0.3623693379790941,11,"(46, 53)"
5221,5222,5222,2807.0,1.0,1.664,4.586,66.0,0.3628434365460095,11,"(46, 52)"
5222,5223,5223,150272.0,1.0,1.664,4.7,66.0,0.3540425531914893,11,"(46, 51)"
5223,5224,5224,2865.0,1.0,1.664,4.791,66.0,0.3473178877061156,11,"(46, 50)"
5224,5225,5225,2900.0,1.0,1.596,4.689,66.0,0.3403710812539987,11,"(46, 51)"
5225,5226,5226,2789.0,1.0,1.43,4.747,66.0,0.3012428902464714,11,"(46, 50)"
5226,5227,5227,2890.0,1.0,1.445,5.072,66.0,0.284897476340694,11,"(46, 49)"
5227,5228,5228,2788.0,1.0,1.44,4.612,66.0,0.3122289679098005,11,"(46, 48)"
5228,5229,5229,2839.0,1.0,1.44,4.919,66.0,0.2927424273226265,11,"(46, 49)"
5229,5230,5230,2892.0,1.0,1.44,4.631,66.0,0.3109479594040163,11,"(46, 48)"
5230,5231,5231,2804.0,1.0,1.44,4.87,66.0,0.2956878850102669,11,"(46, 47)"
5231,5232,5232,2864.0,1.0,1.44,4.612,66.0,0.3122289679098005,11,"(46, 46)"
5232,5233,5233,2902.0,1.0,1.44,4.979,66.0,0.2892147017473388,11,"(46, 47)"
5233,5234,5234,2906.0,1.0,1.44,4.612,66.0,0.3122289679098005,11,"(46, 46)"
5234,5235,5235,2904.0,1.0,1.44,4.66,66.0,0.3090128755364806,11,"(46, 45)"
5235,5236,5236,2905.0,1.0,1.44,4.617,66.0,0.3118908382066276,11,"(46, 44)"
5236,5237,5237,2846.0,1.0,1.44,4.538,66.0,0.3173204054649625,11,"(46, 45)"
5237,5238,5238,2883.0,1.0,1.44,4.979,66.0,0.2892147017473388,11,"(46, 44)"
5238,5239,5239,2837.0,1.0,1.467,4.943,66.0,0.2967833299615618,11,"(46, 43)"
5239,5240,5240,2852.0,1.0,1.395,3.805,66.0,0.3666228646517739,11,"(46, 42)"
5240,5241,5241,14920.0,1.0,1.395,3.766,66.0,0.3704195432819968,11,"(46, 43)"
5241,5242,5242,,,,,,,11,"(46, 42)"
5242,5243,5243,,,,,,,11,"(46, 41)"
5243,5244,5244,,,,,,,11,"(46, 40)"
5244,5245,5245,6576.0,1.0,5.648,2.655,122.0,2.127306967984934,11,"(46, 41)"
5245,5246,5246,6576.0,1.0,5.648,2.655,122.0,2.127306967984934,11,"(46, 40)"
5246,5247,5247,6584.0,1.0,4.776,1.003,122.0,4.761714855433699,11,"(46, 39)"
5247,5248,5248,6578.0,1.0,4.415,1.199,122.0,3.682235195996664,11,"(46, 38)"
5248,5249,5249,6590.0,1.0,4.417,1.364,122.0,3.238269794721407,11,"(46, 39)"
5249,5250,5250,6590.0,1.0,4.417,1.364,122.0,3.238269794721407,11,"(46, 38)"
5250,5251,5251,6583.0,1.0,3.752,1.142,122.0,3.285464098073555,11,"(46, 37)"
5251,5252,5252,6588.0,1.0,3.914,1.028,122.0,3.8073929961089497,11,"(46, 36)"
5252,5253,5253,6591.0,1.0,3.944,1.138,122.0,3.46572934973638,11,"(46, 37)"
5253,5254,5254,6591.0,1.0,3.944,1.138,122.0,3.46572934973638,11,"(46, 36)"
5254,5255,5255,6582.0,1.0,3.596,1.139,122.0,3.157155399473222,11,"(46, 35)"
5255,5256,5256,6582.0,1.0,3.596,1.139,122.0,3.157155399473222,11,"(46, 34)"
5256,5257,5257,6580.0,1.0,3.608,1.121,122.0,3.2185548617305977,11,"(46, 35)"
5257,5258,5258,6579.0,1.0,3.466,1.189,122.0,2.9150546677880573,11,"(46, 34)"
5258,5259,5259,6586.0,1.0,3.336,1.078,122.0,3.094619666048237,11,"(46, 33)"
5259,5260,5260,6589.0,1.0,2.723,0.964,122.0,2.8246887966804977,11,"(46, 32)"
5260,5261,5261,6581.0,1.0,2.666,0.9,122.0,2.962222222222222,11,"(46, 33)"
5261,5262,5262,6581.0,1.0,2.666,0.9,122.0,2.962222222222222,11,"(46, 32)"
5262,5263,5263,6585.0,1.0,2.318,1.269,122.0,1.826635145784082,11,"(46, 31)"
5263,5264,5264,6581.0,1.0,2.666,0.9,122.0,2.962222222222222,11,"(46, 31)"
5264,5265,5265,3229.0,2.0,9.118,7.016,66.0,1.2996009122006842,11,"(46, 27)"
5265,5266,5266,3226.0,2.0,8.68,13.135,66.0,0.6608298439284355,11,"(46, 26)"
5266,5267,5267,3222.0,2.0,8.082,13.136,66.0,0.6152557856272839,11,"(46, 27)"
5267,5268,5268,3220.0,2.0,8.45,12.472,66.0,0.677517639512508,11,"(46, 26)"
5268,5269,5269,3218.0,2.0,8.45,13.137,66.0,0.643221435639796,11,"(46, 25)"
5269,5270,5270,173082.0,2.0,7.798,13.14,66.0,0.593455098934551,11,"(46, 24)"
5270,5271,5271,22416.0,2.0,5.136,13.141,66.0,0.390837835781143,11,"(46, 25)"
5271,5272,5272,3230.0,2.0,4.883,5.982,66.0,0.8162821798729522,11,"(46, 24)"
5272,5273,5273,2806.0,2.0,4.776,5.741,66.0,0.8319108169308483,11,"(46, 23)"
5273,5274,5274,3233.0,2.0,3.162,7.235,66.0,0.4370421561852107,11,"(46, 22)"
5274,5275,5275,3231.0,2.0,3.165,7.734,66.0,0.4092319627618309,11,"(46, 23)"
5275,5276,5276,3236.0,2.0,1.963,5.913,66.0,0.3319803822086927,11,"(46, 22)"
5276,5277,5277,110924.0,2.0,1.659,5.513,66.0,0.3009250861599855,11,"(46, 21)"
5277,5278,5278,3211.0,2.0,1.7,5.088,66.0,0.3341194968553459,11,"(46, 20)"
5278,5279,5279,3225.0,2.0,1.665,4.984,66.0,0.3340690208667737,11,"(46, 21)"
5279,5280,5280,3232.0,2.0,1.665,4.715,66.0,0.3531283138918346,11,"(46, 20)"
5280,5281,5281,301196.0,2.0,1.665,4.836,66.0,0.3442928039702233,11,"(46, 19)"
5281,5282,5282,3228.0,2.0,1.664,4.757,66.0,0.3498002943031322,11,"(46, 18)"
5282,5283,5283,2853.0,2.0,1.664,4.981,66.0,0.3340694639630596,11,"(46, 19)"
5283,5284,5284,3235.0,2.0,1.445,4.185,66.0,0.3452807646356033,11,"(46, 18)"
5284,5285,5285,3234.0,2.0,1.44,4.612,66.0,0.3122289679098005,11,"(46, 17)"
5285,5286,5286,3215.0,2.0,1.44,4.86,66.0,0.2962962962962963,11,"(46, 16)"
5286,5287,5287,3217.0,2.0,1.44,4.86,66.0,0.2962962962962963,11,"(46, 17)"
5287,5288,5288,2882.0,2.0,1.44,4.681,66.0,0.3076265755180516,11,"(46, 16)"
5288,5289,5289,3227.0,2.0,1.44,4.769,66.0,0.3019500943594044,11,"(46, 15)"
5289,5290,5290,3214.0,2.0,1.44,4.919,66.0,0.2927424273226265,11,"(46, 14)"
5290,5291,5291,3219.0,2.0,1.44,4.617,66.0,0.3118908382066276,11,"(46, 15)"
5291,5292,5292,3224.0,2.0,1.44,4.484,66.0,0.3211418376449598,11,"(46, 14)"
5292,5293,5293,3212.0,2.0,1.467,4.935,66.0,0.2972644376899696,11,"(46, 13)"
5293,5294,5294,6543.0,2.0,3.9,1.043,122.0,3.7392138063279,11,"(46, 12)"
5294,5295,5295,6581.0,1.0,2.666,0.9,122.0,2.962222222222222,11,"(46, 13)"
5295,5296,5296,6542.0,2.0,1.764,0.789,122.0,2.23574144486692,11,"(46, 12)"
5296,5297,5297,6587.0,1.0,0.913,0.968,122.0,0.9431818181818182,11,"(46, 11)"
5297,5298,5298,6587.0,1.0,0.913,0.968,122.0,0.9431818181818182,11,"(46, 10)"
5298,5299,5299,6544.0,2.0,3.654,0.993,122.0,3.6797583081571,11,"(46, 11)"
5299,5300,5300,6544.0,2.0,3.654,0.993,122.0,3.6797583081571,11,"(46, 10)"
5300,5301,5301,6587.0,1.0,0.913,0.968,122.0,0.9431818181818182,11,"(46, 9)"
5301,5302,5302,6587.0,1.0,0.913,0.968,122.0,0.9431818181818182,11,"(46, 8)"
5302,5303,5303,6545.0,2.0,3.029,1.327,122.0,2.282592313489073,11,"(46, 9)"
5303,5304,5304,6545.0,2.0,3.029,1.327,122.0,2.282592313489073,11,"(46, 8)"
5304,5305,5305,6646.0,2.0,2.908,1.339,122.0,2.17176997759522,11,"(46, 7)"
5305,5306,5306,6646.0,2.0,2.908,1.339,122.0,2.17176997759522,11,"(46, 6)"
5306,5307,5307,6645.0,2.0,1.762,0.84,122.0,2.097619047619048,11,"(46, 7)"
5307,5308,5308,6645.0,2.0,1.762,0.84,122.0,2.097619047619048,11,"(46, 6)"
5308,5309,5309,,,,,,,11,"(46, 5)"
5309,5310,5310,29.0,1.0,1.988,0.459,13.0,4.331154684095861,11,"(46, 4)"
5310,5311,5311,6645.0,2.0,1.762,0.84,122.0,2.097619047619048,11,"(46, 5)"
5311,5312,5312,6645.0,2.0,1.762,0.84,122.0,2.097619047619048,11,"(46, 4)"
5312,5313,5313,19.0,1.0,5.36,0.707,12.0,7.581329561527582,11,"(46, 3)"
5313,5314,5314,19.0,1.0,5.36,0.707,12.0,7.581329561527582,11,"(46, 2)"
5314,5315,5315,32.0,1.0,4.305,0.63,12.0,6.833333333333333,11,"(46, 3)"
5315,5316,5316,32.0,1.0,4.305,0.63,12.0,6.833333333333333,11,"(46, 2)"
5316,5317,5317,42.0,1.0,1.43,0.764,13.0,1.8717277486911,59,"(47, 2)"
5317,5318,5318,999.0,1.0,13.148,13.142,33.0,1.0004565515142292,59,"(47, 3)"
5318,5319,5319,2727.0,1.0,10.418,13.145,33.0,0.7925446937999239,59,"(47, 2)"
5319,5320,5320,980.0,1.0,8.738,13.146,33.0,0.6646888787463867,59,"(47, 3)"
5320,5321,5321,1005.0,1.0,9.141,13.147,33.0,0.6952917015288659,59,"(47, 4)"
5321,5322,5322,6994.0,1.0,8.863,0.87,33.0,10.18735632183908,59,"(47, 5)"
5322,5323,5323,977.0,1.0,6.798,9.578,33.0,0.7097515138859888,59,"(47, 4)"
5323,5324,5324,2738.0,1.0,6.961,7.819,33.0,0.8902672976083899,59,"(47, 5)"
5324,5325,5325,1003.0,1.0,6.632,9.666,33.0,0.6861162838816469,59,"(47, 6)"
5325,5326,5326,2734.0,1.0,5.388,5.027,33.0,1.0718122140441615,59,"(47, 7)"
5326,5327,5327,2724.0,1.0,4.415,13.148,33.0,0.335792515972011,59,"(47, 6)"
5327,5328,5328,2735.0,1.0,4.124,4.127,33.0,0.999273079718924,59,"(47, 7)"
5328,5329,5329,3189.0,1.0,4.06,4.556,33.0,0.8911325724319578,59,"(47, 8)"
5329,5330,5330,3188.0,1.0,3.855,2.656,33.0,1.4514307228915662,59,"(47, 9)"
5330,5331,5331,2736.0,1.0,3.344,5.472,33.0,0.611111111111111,59,"(47, 8)"
5331,5332,5332,2732.0,1.0,3.465,7.525,33.0,0.4604651162790697,59,"(47, 9)"
5332,5333,5333,2737.0,1.0,3.357,7.342,33.0,0.4572323617542904,59,"(47, 11)"
5333,5334,5334,2731.0,1.0,3.145,2.657,33.0,1.1836657884832518,59,"(47, 10)"
5334,5335,5335,2733.0,1.0,2.964,13.149,33.0,0.2254163814738763,59,"(47, 11)"
5335,5336,5336,2722.0,1.0,2.908,3.792,33.0,0.7668776371308017,59,"(47, 12)"
5336,5337,5337,2741.0,1.0,2.698,4.186,33.0,0.6445293836598185,59,"(47, 13)"
5337,5338,5338,2740.0,1.0,2.718,5.659,33.0,0.4802968722389115,59,"(47, 12)"
5338,5339,5339,2719.0,1.0,2.28,2.715,33.0,0.8397790055248618,59,"(47, 13)"
5339,5340,5340,6976.0,1.0,2.2,1.19,33.0,1.84873949579832,59,"(47, 14)"
5340,5341,5341,2745.0,1.0,2.141,2.659,33.0,0.8051899210229411,59,"(47, 15)"
5341,5342,5342,2747.0,1.0,2.141,2.662,33.0,0.804282494365139,59,"(47, 14)"
5342,5343,5343,2744.0,1.0,2.119,2.664,33.0,0.7954204204204205,59,"(47, 15)"
5343,5344,5344,3174.0,1.0,1.972,2.665,33.0,0.7399624765478424,59,"(47, 16)"
5344,5345,5345,2746.0,1.0,1.972,2.67,33.0,0.7385767790262172,59,"(47, 17)"
5345,5346,5346,3185.0,1.0,2.066,2.671,33.0,0.7734930737551479,59,"(47, 16)"
5346,5347,5347,3182.0,1.0,2.066,2.673,33.0,0.772914328469884,59,"(47, 17)"
5347,5348,5348,2723.0,1.0,2.052,2.689,33.0,0.7631089624395686,59,"(47, 18)"
5348,5349,5349,7024.0,1.0,1.963,1.085,33.0,1.809216589861752,59,"(47, 19)"
5349,5350,5350,6978.0,1.0,1.963,1.193,33.0,1.6454316848281645,59,"(47, 18)"
5350,5351,5351,2721.0,1.0,1.861,2.69,33.0,0.69182156133829,59,"(47, 19)"
5351,5352,5352,2728.0,1.0,1.762,4.534,33.0,0.3886193206881341,59,"(47, 20)"
5352,5353,5353,2725.0,1.0,1.744,3.567,33.0,0.4889262685730305,59,"(47, 21)"
5353,5354,5354,6980.0,1.0,1.7,1.102,33.0,1.542649727767695,59,"(47, 20)"
5354,5355,5355,2726.0,1.0,1.596,3.252,33.0,0.4907749077490775,59,"(47, 21)"
5355,5356,5356,2742.0,1.0,1.359,3.105,33.0,0.4376811594202898,59,"(47, 22)"
5356,5357,5357,2739.0,1.0,1.358,2.691,33.0,0.5046451133407656,59,"(47, 23)"
5357,5358,5358,2748.0,1.0,1.331,3.705,33.0,0.3592442645074223,59,"(47, 22)"
5358,5359,5359,2743.0,1.0,1.326,3.671,33.0,0.3612094797058022,59,"(47, 23)"
5359,5360,5360,2730.0,1.0,31.0,1.147,33.0,27.027027027027028,59,"(47, 24)"
5360,5361,5361,2729.0,1.0,31.0,1.147,33.0,27.027027027027028,59,"(47, 25)"
5361,5362,5362,2720.0,1.0,0.917,1.03,33.0,0.8902912621359224,59,"(47, 24)"
5362,5363,5363,6997.0,1.0,0.794,0.8,33.0,0.9925,59,"(47, 25)"
5363,5364,5364,7016.0,1.0,0.722,0.765,33.0,0.9437908496732026,59,"(47, 26)"
5364,5365,5365,7018.0,1.0,0.642,0.648,33.0,0.9907407407407408,59,"(47, 27)"
5365,5366,5366,6985.0,1.0,0.642,0.679,33.0,0.9455081001472754,59,"(47, 26)"
5366,5367,5367,7032.0,1.0,0.642,1.228,33.0,0.5228013029315961,59,"(47, 27)"
5367,5368,5368,,,,,,,59,"(47, 31)"
5368,5369,5369,6979.0,1.0,0.632,1.131,33.0,0.5587975243147657,59,"(47, 31)"
5369,5370,5370,6984.0,1.0,0.624,0.619,33.0,1.0080775444264944,59,"(47, 33)"
5370,5371,5371,7015.0,1.0,0.601,0.587,33.0,1.0238500851788757,59,"(47, 32)"
5371,5372,5372,,,,,,,59,"(47, 33)"
5372,5373,5373,,,,,,,59,"(47, 34)"
5373,5374,5374,,,,,,,59,"(47, 35)"
5374,5375,5375,151487.0,1.0,9.276,5.683,83.0,1.6322364948090795,59,"(47, 34)"
5375,5376,5376,3963.0,1.0,7.415,6.231,83.0,1.190017653667148,59,"(47, 35)"
5376,5377,5377,3816.0,1.0,7.004,6.128,83.0,1.1429503916449084,59,"(47, 36)"
5377,5378,5378,3814.0,1.0,7.364,6.232,83.0,1.181643132220796,59,"(47, 37)"
5378,5379,5379,3828.0,1.0,7.14,7.172,83.0,0.9955382041271612,59,"(47, 36)"
5379,5380,5380,3827.0,1.0,7.194,5.516,83.0,1.304205946337926,59,"(47, 37)"
5380,5381,5381,3815.0,1.0,6.902,6.648,83.0,1.0382069795427198,59,"(47, 38)"
5381,5382,5382,3981.0,1.0,6.374,6.383,83.0,0.9985900046999844,59,"(47, 39)"
5382,5383,5383,3811.0,1.0,6.165,8.829,83.0,0.6982670744138634,59,"(47, 38)"
5383,5384,5384,3831.0,1.0,6.713,5.731,83.0,1.1713488047461176,59,"(47, 39)"
5384,5385,5385,3953.0,1.0,6.427,5.9,83.0,1.089322033898305,59,"(47, 40)"
5385,5386,5386,3956.0,1.0,6.153,4.316,83.0,1.425625579240037,59,"(47, 41)"
5386,5387,5387,211248.0,1.0,6.194,7.549,83.0,0.8205060272883825,59,"(47, 40)"
5387,5388,5388,211248.0,1.0,6.194,7.549,83.0,0.8205060272883825,59,"(47, 41)"
5388,5389,5389,3834.0,1.0,5.738,5.738,83.0,1.0,59,"(47, 42)"
5389,5390,5390,3970.0,1.0,6.036,4.23,83.0,1.426950354609929,59,"(47, 43)"
5390,5391,5391,86653.0,1.0,5.681,5.379,83.0,1.056144264733222,59,"(47, 42)"
5391,5392,5392,3950.0,1.0,5.587,6.307,83.0,0.8858411289043918,59,"(47, 43)"
5392,5393,5393,3829.0,1.0,5.328,4.696,83.0,1.13458262350937,59,"(47, 44)"
5393,5394,5394,4087.0,1.0,5.328,4.966,83.0,1.0728956906967375,59,"(47, 45)"
5394,5395,5395,3978.0,1.0,4.986,5.359,83.0,0.9303974622130994,59,"(47, 44)"
5395,5396,5396,3965.0,1.0,5.135,6.625,83.0,0.7750943396226415,59,"(47, 45)"
5396,5397,5397,3987.0,1.0,4.857,2.777,83.0,1.7490097227223622,59,"(47, 46)"
5397,5398,5398,3810.0,1.0,5.008,5.754,83.0,0.8703510601320821,59,"(47, 47)"
5398,5399,5399,3986.0,1.0,4.554,5.562,83.0,0.8187702265372169,59,"(47, 46)"
5399,5400,5400,3962.0,1.0,4.697,5.39,83.0,0.8714285714285714,59,"(47, 47)"
5400,5401,5401,3942.0,1.0,4.442,5.044,83.0,0.8806502775574941,59,"(47, 48)"
5401,5402,5402,3938.0,1.0,4.199,5.002,83.0,0.8394642143142743,59,"(47, 49)"
5402,5403,5403,3972.0,1.0,3.879,5.102,83.0,0.7602900823206585,59,"(47, 48)"
5403,5404,5404,3809.0,1.0,3.313,5.5,83.0,0.6023636363636364,59,"(47, 49)"
5404,5405,5405,3944.0,1.0,3.238,5.496,83.0,0.589155749636099,59,"(47, 50)"
5405,5406,5406,3807.0,1.0,3.536,5.619,83.0,0.6292934685887169,59,"(47, 51)"
5406,5407,5407,3833.0,1.0,3.536,5.145,83.0,0.6872691933916424,59,"(47, 50)"
5407,5408,5408,3960.0,1.0,3.465,5.506,83.0,0.6293134762077733,59,"(47, 51)"
5408,5409,5409,3984.0,1.0,3.465,4.033,83.0,0.8591619142077856,59,"(47, 52)"
5409,5410,5410,3983.0,1.0,3.142,3.959,83.0,0.7936347562515786,59,"(47, 53)"
5410,5411,5411,3819.0,1.0,3.145,5.83,83.0,0.5394511149228131,59,"(47, 52)"
5411,5412,5412,3997.0,1.0,3.161,3.503,83.0,0.9023693976591493,59,"(47, 53)"
5412,5413,5413,3961.0,1.0,3.18,3.253,83.0,0.9775591761450968,59,"(47, 54)"
5413,5414,5414,3830.0,1.0,2.964,3.672,83.0,0.80718954248366,59,"(47, 54)"
5414,5415,5415,3952.0,1.0,3.063,5.665,83.0,0.5406884377758164,59,"(47, 55)"
5415,5416,5416,3823.0,1.0,3.017,3.417,83.0,0.8829382499268364,59,"(47, 56)"
5416,5417,5417,3958.0,1.0,2.86,4.493,83.0,0.6365457378143778,59,"(47, 57)"
5417,5418,5418,3957.0,1.0,2.86,4.803,83.0,0.5954611701020196,59,"(47, 56)"
5418,5419,5419,3822.0,1.0,2.832,3.66,83.0,0.7737704918032786,59,"(47, 57)"
5419,5420,5420,3813.0,1.0,2.723,4.894,83.0,0.5563955864323661,59,"(47, 58)"
5420,5421,5421,3959.0,1.0,2.584,4.802,83.0,0.5381091211995003,59,"(47, 59)"
5421,5422,5422,3951.0,1.0,2.542,4.355,83.0,0.5836969001148105,59,"(47, 58)"
5422,5423,5423,3824.0,1.0,2.542,5.57,83.0,0.4563734290843805,59,"(47, 59)"
5423,5424,5424,3980.0,1.0,2.719,5.131,83.0,0.529916195673358,59,"(47, 60)"
5424,5425,5425,3992.0,1.0,2.719,6.402,83.0,0.4247110278038112,59,"(47, 61)"
5425,5426,5426,3817.0,1.0,2.719,5.545,83.0,0.4903516681695221,59,"(47, 60)"
5426,5427,5427,3826.0,1.0,2.671,3.159,83.0,0.8455207344096233,59,"(47, 61)"
5427,5428,5428,246613.0,1.0,2.647,4.573,83.0,0.5788322764049857,14,"(48, 61)"
5428,5429,5429,3973.0,1.0,2.526,3.961,83.0,0.6377177480434234,14,"(48, 60)"
5429,5430,5430,187332.0,1.0,2.526,4.293,83.0,0.5883997204751921,14,"(48, 61)"
5430,5431,5431,3968.0,1.0,2.477,3.62,83.0,0.6842541436464088,14,"(48, 60)"
5431,5432,5432,3977.0,1.0,2.514,3.881,83.0,0.647771192991497,14,"(48, 59)"
5432,5433,5433,3923.0,1.0,2.514,4.357,83.0,0.57700252467294,14,"(48, 58)"
5433,5434,5434,3982.0,1.0,2.341,3.377,83.0,0.6932188332839799,14,"(48, 59)"
5434,5435,5435,3969.0,1.0,2.341,4.967,83.0,0.4713106502919268,14,"(48, 58)"
5435,5436,5436,3979.0,1.0,2.227,2.692,83.0,0.8272659732540861,14,"(48, 57)"
5436,5437,5437,3921.0,1.0,2.2,5.193,83.0,0.4236472174080493,14,"(48, 56)"
5437,5438,5438,3947.0,1.0,2.045,4.971,83.0,0.4113860390263528,14,"(48, 57)"
5438,5439,5439,3964.0,1.0,2.117,3.016,83.0,0.7019230769230769,14,"(48, 56)"
5439,5440,5440,3935.0,1.0,2.119,3.256,83.0,0.6507985257985259,14,"(48, 55)"
5440,5441,5441,3943.0,1.0,2.119,3.506,83.0,0.6043924700513407,14,"(48, 54)"
5441,5442,5442,3989.0,1.0,2.046,2.693,83.0,0.7597474935016709,14,"(48, 55)"
5442,5443,5443,4088.0,1.0,1.972,3.544,83.0,0.556433408577878,14,"(48, 54)"
5443,5444,5444,3808.0,1.0,1.972,3.257,83.0,0.60546515198035,14,"(48, 53)"
5444,5445,5445,3971.0,1.0,2.066,3.107,83.0,0.6649501126488573,14,"(48, 52)"
5445,5446,5446,3994.0,1.0,2.052,3.258,83.0,0.6298342541436465,14,"(48, 53)"
5446,5447,5447,3998.0,1.0,1.988,4.205,83.0,0.4727705112960761,14,"(48, 52)"
5447,5448,5448,3985.0,1.0,1.988,3.486,83.0,0.570281124497992,14,"(48, 51)"
5448,5449,5449,4074.0,1.0,1.988,3.486,83.0,0.570281124497992,14,"(48, 50)"
5449,5450,5450,3967.0,1.0,1.988,3.72,83.0,0.5344086021505376,14,"(48, 51)"
5450,5451,5451,3988.0,1.0,1.931,3.187,83.0,0.6058989645434578,14,"(48, 50)"
5451,5452,5452,3974.0,1.0,1.931,3.108,83.0,0.6212998712998713,14,"(48, 49)"
5452,5453,5453,3936.0,1.0,1.775,2.699,83.0,0.6576509818451278,14,"(48, 48)"
5453,5454,5454,3818.0,1.0,1.876,4.19,83.0,0.4477326968973746,14,"(48, 49)"
5454,5455,5455,246342.0,1.0,1.861,4.192,83.0,0.4439408396946565,14,"(48, 48)"
5455,5456,5456,3954.0,1.0,1.762,4.229,83.0,0.4166469614566091,14,"(48, 47)"
5456,5457,5457,3949.0,1.0,1.684,2.7,83.0,0.6237037037037036,14,"(48, 46)"
5457,5458,5458,3832.0,1.0,1.659,2.702,83.0,0.6139896373056996,14,"(48, 47)"
5458,5459,5459,3993.0,1.0,1.659,3.109,83.0,0.5336120939208749,14,"(48, 46)"
5459,5460,5460,3955.0,1.0,1.66,2.925,83.0,0.5675213675213675,14,"(48, 45)"
5460,5461,5461,3922.0,1.0,1.577,2.873,83.0,0.5489035851026801,14,"(48, 44)"
5461,5462,5462,3999.0,1.0,1.487,4.903,83.0,0.3032837038547828,14,"(48, 45)"
5462,5463,5463,4075.0,1.0,1.359,4.36,83.0,0.311697247706422,14,"(48, 44)"
5463,5464,5464,3945.0,1.0,1.358,1.166,83.0,1.1646655231560894,14,"(48, 43)"
5464,5465,5465,3821.0,1.0,1.326,2.706,83.0,0.4900221729490022,14,"(48, 42)"
5465,5466,5466,3995.0,1.0,1.326,4.131,83.0,0.3209876543209876,14,"(48, 43)"
5466,5467,5467,3966.0,1.0,1.192,3.002,83.0,0.3970686209193871,14,"(48, 42)"
5467,5468,5468,3920.0,1.0,0.632,2.707,83.0,0.2334687846324344,14,"(48, 41)"
5468,5469,5469,,,,,,,14,"(48, 40)"
5469,5470,5470,,,,,,,14,"(48, 41)"
5470,5471,5471,,,,,,,14,"(48, 40)"
5471,5472,5472,28.0,1.0,35.0,2.708,11.0,12.924667651403247,14,"(48, 39)"
5472,5473,5473,28.0,1.0,35.0,2.708,11.0,12.924667651403247,14,"(48, 38)"
5473,5474,5474,6966.0,1.0,14.332,0.972,11.0,14.744855967078191,14,"(48, 39)"
5474,5475,5475,6966.0,1.0,14.332,0.972,11.0,14.744855967078191,14,"(48, 38)"
5475,5476,5476,6938.0,1.0,14.498,0.901,11.0,16.09100998890122,14,"(48, 37)"
5476,5477,5477,6932.0,1.0,14.834,0.915,11.0,16.212021857923496,14,"(48, 36)"
5477,5478,5478,23.0,1.0,14.581,2.733,11.0,5.335162824734724,14,"(48, 37)"
5478,5479,5479,23.0,1.0,14.581,2.733,11.0,5.335162824734724,14,"(48, 36)"
5479,5480,5480,6974.0,1.0,13.544,0.829,11.0,16.337756332931242,14,"(48, 35)"
5480,5481,5481,16.0,1.0,11.549,1.203,11.0,9.600166251039068,14,"(48, 34)"
5481,5482,5482,23.0,1.0,14.581,2.733,11.0,5.335162824734724,14,"(48, 35)"
5482,5483,5483,23.0,1.0,14.581,2.733,11.0,5.335162824734724,14,"(48, 34)"
5483,5484,5484,6879.0,1.0,9.286,1.1,11.0,8.441818181818181,14,"(48, 33)"
5484,5485,5485,270542.0,1.0,4.18,2.734,11.0,1.528895391367959,14,"(48, 32)"
5485,5486,5486,6831.0,1.0,6.444,0.442,11.0,14.57918552036199,14,"(48, 33)"
5486,5487,5487,6831.0,1.0,6.444,0.442,11.0,14.57918552036199,14,"(48, 32)"
5487,5488,5488,6841.0,1.0,4.161,2.736,11.0,1.520833333333333,14,"(48, 31)"
5488,5489,5489,6831.0,1.0,6.444,0.442,11.0,14.57918552036199,14,"(48, 31)"
5489,5490,5490,979.0,2.0,13.93,13.151,33.0,1.05923503916052,14,"(48, 27)"
5490,5491,5491,985.0,2.0,12.362,13.153,33.0,0.9398616285258116,14,"(48, 26)"
5491,5492,5492,3190.0,2.0,7.194,4.115,33.0,1.7482381530984203,14,"(48, 27)"
5492,5493,5493,1008.0,2.0,6.396,13.154,33.0,0.4862399270183974,14,"(48, 26)"
5493,5494,5494,996.0,2.0,6.414,13.155,33.0,0.4875712656784493,14,"(48, 25)"
5494,5495,5495,3187.0,2.0,5.278,4.503,33.0,1.1721074838996224,14,"(48, 24)"
5495,5496,5496,3054.0,2.0,3.998,13.156,33.0,0.3038917604134995,14,"(48, 25)"
5496,5497,5497,3177.0,2.0,3.313,3.847,33.0,0.861190538081622,14,"(48, 24)"
5497,5498,5498,3180.0,2.0,3.465,6.707,33.0,0.5166244222454153,14,"(48, 23)"
5498,5499,5499,3181.0,2.0,2.542,5.01,33.0,0.5073852295409181,14,"(48, 22)"
5499,5500,5500,67469.0,2.0,2.671,2.741,33.0,0.9744618752280187,14,"(48, 23)"
5500,5501,5501,3173.0,2.0,2.526,4.369,33.0,0.5781643396658274,14,"(48, 22)"
5501,5502,5502,3179.0,2.0,2.37,3.488,33.0,0.6794724770642202,14,"(48, 21)"
5502,5503,5503,3186.0,2.0,2.066,4.053,33.0,0.5097458672588205,14,"(48, 20)"
5503,5504,5504,3178.0,2.0,1.988,4.315,33.0,0.4607184241019698,14,"(48, 21)"
5504,5505,5505,3184.0,2.0,1.931,13.15,33.0,0.1468441064638783,14,"(48, 20)"
5505,5506,5506,7023.0,2.0,1.821,1.108,33.0,1.6435018050541514,14,"(48, 19)"
5506,5507,5507,3053.0,2.0,1.963,2.746,33.0,0.714857975236708,14,"(48, 18)"
5507,5508,5508,3175.0,2.0,1.764,4.767,33.0,0.3700440528634361,14,"(48, 19)"
5508,5509,5509,3183.0,2.0,1.764,4.767,33.0,0.3700440528634361,14,"(48, 18)"
5509,5510,5510,3176.0,2.0,0.771,2.772,33.0,0.2781385281385282,14,"(48, 17)"
5510,5511,5511,7025.0,2.0,0.722,0.718,33.0,1.0055710306406684,14,"(48, 16)"
5511,5512,5512,7030.0,2.0,0.642,0.681,33.0,0.9427312775330396,14,"(48, 17)"
5512,5513,5513,7020.0,2.0,0.632,0.656,33.0,0.9634146341463414,14,"(48, 16)"
5513,5514,5514,4070.0,2.0,6.818,6.306,83.0,1.0811925150650177,14,"(48, 15)"
5514,5515,5515,3835.0,2.0,5.616,4.8,83.0,1.17,14,"(48, 14)"
5515,5516,5516,4069.0,2.0,5.616,3.495,83.0,1.6068669527896997,14,"(48, 15)"
5516,5517,5517,4072.0,2.0,5.278,8.939,83.0,0.5904463586530931,14,"(48, 14)"
5517,5518,5518,3990.0,2.0,4.721,5.666,83.0,0.8332156724320507,14,"(48, 13)"
5518,5519,5519,3941.0,2.0,4.305,5.219,83.0,0.824870664878329,14,"(48, 12)"
5519,5520,5520,4066.0,2.0,4.59,5.424,83.0,0.8462389380530972,14,"(48, 13)"
5520,5521,5521,4062.0,2.0,4.401,6.561,83.0,0.6707818930041152,14,"(48, 12)"
5521,5522,5522,121358.0,2.0,4.426,8.316,83.0,0.5322270322270322,14,"(48, 11)"
5522,5523,5523,121358.0,2.0,4.426,8.316,83.0,0.5322270322270322,14,"(48, 10)"
5523,5524,5524,223398.0,2.0,4.043,5.146,83.0,0.7856587640886126,14,"(48, 11)"
5524,5525,5525,4061.0,2.0,4.138,5.482,83.0,0.7548340021889821,14,"(48, 10)"
5525,5526,5526,3928.0,2.0,3.812,6.241,83.0,0.6107995513539497,14,"(48, 9)"
5526,5527,5527,3934.0,2.0,3.595,4.424,83.0,0.8126130198915009,14,"(48, 8)"
5527,5528,5528,3926.0,2.0,3.595,4.725,83.0,0.760846560846561,14,"(48, 9)"
5528,5529,5529,3926.0,2.0,3.595,4.725,83.0,0.760846560846561,14,"(48, 8)"
5529,5530,5530,4086.0,2.0,3.313,3.287,83.0,1.0079099482811074,14,"(48, 7)"
5530,5531,5531,4077.0,2.0,3.238,5.588,83.0,0.5794559770937724,14,"(48, 6)"
5531,5532,5532,4079.0,2.0,3.238,5.995,83.0,0.540116763969975,14,"(48, 7)"
5532,5533,5533,4079.0,2.0,3.238,5.995,83.0,0.540116763969975,14,"(48, 6)"
5533,5534,5534,4065.0,2.0,3.287,5.687,83.0,0.5779848777914541,14,"(48, 5)"
5534,5535,5535,3927.0,2.0,3.465,5.688,83.0,0.6091772151898734,14,"(48, 4)"
5535,5536,5536,4082.0,2.0,3.415,5.28,83.0,0.646780303030303,14,"(48, 5)"
5536,5537,5537,4082.0,2.0,3.415,5.28,83.0,0.646780303030303,14,"(48, 4)"
5537,5538,5538,128723.0,2.0,3.145,2.773,83.0,1.134150739271547,14,"(48, 3)"
5538,5539,5539,4056.0,2.0,3.161,5.444,83.0,0.5806392358559882,14,"(48, 2)"
5539,5540,5540,4059.0,2.0,3.138,6.263,83.0,0.5010378412901165,14,"(48, 3)"
5540,5541,5541,3932.0,2.0,3.162,3.679,83.0,0.8594726827942376,14,"(48, 2)"
5541,5542,5542,3930.0,2.0,3.165,5.252,83.0,0.6026275704493527,60,"(49, 2)"
5542,5543,5543,3933.0,2.0,3.029,5.69,83.0,0.5323374340949033,60,"(49, 3)"
5543,5544,5544,3996.0,2.0,2.86,2.774,83.0,1.0310021629416006,60,"(49, 2)"
5544,5545,5545,4073.0,2.0,2.875,4.332,83.0,0.6636657433056325,60,"(49, 3)"
5545,5546,5546,3929.0,2.0,2.799,4.544,83.0,0.6159771126760564,60,"(49, 4)"
5546,5547,5547,3924.0,2.0,2.543,5.281,83.0,0.4815375875781102,60,"(49, 5)"
5547,5548,5548,4083.0,2.0,2.205,2.785,83.0,0.7917414721723519,60,"(49, 4)"
5548,5549,5549,4083.0,2.0,2.205,2.785,83.0,0.7917414721723519,60,"(49, 5)"
5549,5550,5550,4081.0,2.0,1.963,3.278,83.0,0.5988407565588774,60,"(49, 6)"
5550,5551,5551,4057.0,2.0,1.963,1.391,83.0,1.411214953271028,60,"(49, 7)"
5551,5552,5552,4083.0,2.0,2.205,2.785,83.0,0.7917414721723519,60,"(49, 6)"
5552,5553,5553,4083.0,2.0,2.205,2.785,83.0,0.7917414721723519,60,"(49, 7)"
5553,5554,5554,95612.0,2.0,1.876,4.793,83.0,0.3914041310244106,60,"(49, 8)"
5554,5555,5555,4067.0,2.0,1.764,4.003,83.0,0.4406694978765925,60,"(49, 9)"
5555,5556,5556,4084.0,2.0,1.805,3.279,83.0,0.5504727050930162,60,"(49, 8)"
5556,5557,5557,4080.0,2.0,1.744,5.073,83.0,0.3437808003153952,60,"(49, 9)"
5557,5558,5558,4063.0,2.0,1.744,4.972,83.0,0.3507642799678198,60,"(49, 10)"
5558,5559,5559,4078.0,2.0,1.744,2.926,83.0,0.5960355434039645,60,"(49, 11)"
5559,5560,5560,4000.0,2.0,1.66,2.967,83.0,0.5594876980114594,60,"(49, 10)"
5560,5561,5561,4064.0,2.0,1.7,2.824,83.0,0.6019830028328612,60,"(49, 11)"
5561,5562,5562,4071.0,2.0,1.664,3.117,83.0,0.5338466474173885,60,"(49, 12)"
5562,5563,5563,3925.0,2.0,1.596,3.119,83.0,0.5117024687399807,60,"(49, 13)"
5563,5564,5564,3931.0,2.0,1.596,2.825,83.0,0.5649557522123894,60,"(49, 12)"
5564,5565,5565,4060.0,2.0,1.577,3.147,83.0,0.5011121703209406,60,"(49, 13)"
5565,5566,5566,4076.0,2.0,1.43,5.068,83.0,0.282162588792423,60,"(49, 14)"
5566,5567,5567,3919.0,2.0,0.632,2.831,83.0,0.2232426704344754,60,"(49, 15)"
5567,5568,5568,4055.0,2.0,0.632,2.832,83.0,0.2231638418079096,60,"(49, 14)"
5568,5569,5569,6831.0,1.0,6.444,0.442,11.0,14.57918552036199,60,"(49, 15)"
5569,5570,5570,6950.0,1.0,4.161,3.12,11.0,1.333653846153846,60,"(49, 16)"
5570,5571,5571,6934.0,1.0,4.161,2.837,11.0,1.466690165667959,60,"(49, 17)"
5571,5572,5572,4804.0,1.0,4.161,2.838,11.0,1.4661733615221986,60,"(49, 16)"
5572,5573,5573,6929.0,1.0,4.009,2.86,11.0,1.401748251748252,60,"(49, 17)"
5573,5574,5574,6952.0,1.0,4.009,2.862,11.0,1.4007686932215235,60,"(49, 18)"
5574,5575,5575,6921.0,1.0,3.998,2.864,11.0,1.3959497206703912,60,"(49, 19)"
5575,5576,5576,6861.0,1.0,4.138,2.865,11.0,1.444328097731239,60,"(49, 18)"
5576,5577,5577,6919.0,1.0,3.727,1.34,11.0,2.781343283582089,60,"(49, 19)"
5577,5578,5578,6931.0,1.0,3.727,1.195,11.0,3.118828451882845,60,"(49, 20)"
5578,5579,5579,6914.0,1.0,3.727,1.153,11.0,3.232437120555073,60,"(49, 21)"
5579,5580,5580,6972.0,1.0,2.86,1.394,11.0,2.0516499282639886,60,"(49, 20)"
5580,5581,5581,6971.0,1.0,2.875,2.866,11.0,1.0031402651779484,60,"(49, 21)"
5581,5582,5582,6958.0,1.0,2.875,2.868,11.0,1.0024407252440726,60,"(49, 22)"
5582,5583,5583,6958.0,1.0,2.875,2.868,11.0,1.0024407252440726,60,"(49, 23)"
5583,5584,5584,6959.0,1.0,2.799,2.876,11.0,0.9732267037552156,60,"(49, 22)"
5584,5585,5585,6907.0,1.0,2.698,2.877,11.0,0.937782412234967,60,"(49, 23)"
5585,5586,5586,155125.0,1.0,2.723,2.882,11.0,0.944829979181124,60,"(49, 24)"
5586,5587,5587,6925.0,1.0,2.542,4.701,11.0,0.5407360136141247,60,"(49, 25)"
5587,5588,5588,6933.0,1.0,2.718,1.125,11.0,2.416,60,"(49, 24)"
5588,5589,5589,6904.0,1.0,2.671,4.444,11.0,0.601035103510351,60,"(49, 25)"
5589,5590,5590,6937.0,1.0,2.527,2.884,11.0,0.8762135922330098,60,"(49, 26)"
5590,5591,5591,6973.0,1.0,2.322,0.82,11.0,2.831707317073171,60,"(49, 27)"
5591,5592,5592,6942.0,1.0,2.322,0.843,11.0,2.7544483985765127,60,"(49, 26)"
5592,5593,5593,6927.0,1.0,2.28,0.936,11.0,2.435897435897436,60,"(49, 27)"
5593,5594,5594,6943.0,1.0,2.28,1.206,11.0,1.890547263681592,60,"(49, 31)"
5594,5595,5595,6912.0,1.0,2.133,1.151,11.0,1.8531711555169417,60,"(49, 31)"
5595,5596,5596,6830.0,1.0,2.2,1.196,11.0,1.839464882943144,60,"(49, 32)"
5596,5597,5597,6835.0,1.0,2.2,1.08,11.0,2.037037037037037,60,"(49, 33)"
5597,5598,5598,6915.0,1.0,2.2,0.957,11.0,2.298850574712644,60,"(49, 32)"
5598,5599,5599,6944.0,1.0,2.2,1.107,11.0,1.987353206865402,60,"(49, 33)"
5599,5600,5600,6877.0,1.0,2.045,1.154,11.0,1.77209705372617,60,"(49, 34)"
5600,5601,5601,6923.0,1.0,2.117,2.886,11.0,0.7335412335412335,60,"(49, 35)"
5601,5602,5602,6922.0,1.0,1.963,2.927,11.0,0.6706525452681927,60,"(49, 34)"
5602,5603,5603,6964.0,1.0,1.775,2.928,11.0,0.6062158469945355,60,"(49, 35)"
5603,5604,5604,6962.0,1.0,1.775,2.93,11.0,0.6058020477815699,60,"(49, 36)"
5604,5605,5605,6945.0,1.0,1.775,2.932,11.0,0.6053888130968622,60,"(49, 37)"
5605,5606,5606,6940.0,1.0,1.684,2.934,11.0,0.5739604635310156,60,"(49, 36)"
5606,5607,5607,6916.0,1.0,1.659,2.936,11.0,0.5650544959128065,60,"(49, 37)"
5607,5608,5608,6908.0,1.0,1.7,1.015,11.0,1.6748768472906406,60,"(49, 38)"
5608,5609,5609,6911.0,1.0,1.575,0.916,11.0,1.7194323144104802,60,"(49, 39)"
5609,5610,5610,6946.0,1.0,1.596,0.924,11.0,1.7272727272727273,60,"(49, 38)"
5610,5611,5611,6951.0,1.0,1.596,1.155,11.0,1.3818181818181818,60,"(49, 39)"
5611,5612,5612,72777.0,1.0,1.483,1.126,11.0,1.3170515097690942,60,"(49, 40)"
5612,5613,5613,6953.0,1.0,1.483,2.94,11.0,0.504421768707483,60,"(49, 41)"
5613,5614,5614,218387.0,1.0,1.577,1.157,11.0,1.3630077787381158,60,"(49, 40)"
5614,5615,5615,6699.0,1.0,1.43,1.053,11.0,1.3580246913580247,60,"(49, 41)"
5615,5616,5616,6936.0,1.0,1.43,2.946,11.0,0.4854039375424304,60,"(49, 42)"
5616,5617,5617,6954.0,1.0,1.487,1.089,11.0,1.3654729109274566,60,"(49, 43)"
5617,5618,5618,6930.0,1.0,1.487,1.158,11.0,1.2841105354058724,60,"(49, 42)"
5618,5619,5619,6920.0,1.0,1.487,1.198,11.0,1.2412353923205344,60,"(49, 43)"
5619,5620,5620,6851.0,1.0,1.487,1.119,11.0,1.3288650580875785,60,"(49, 44)"
5620,5621,5621,6969.0,1.0,1.487,2.948,11.0,0.5044097693351425,60,"(49, 45)"
5621,5622,5622,6970.0,1.0,1.487,2.951,11.0,0.5038969840731955,60,"(49, 44)"
5622,5623,5623,6865.0,1.0,1.487,2.955,11.0,0.5032148900169205,60,"(49, 45)"
5623,5624,5624,6956.0,1.0,1.44,0.821,11.0,1.753958587088916,60,"(49, 46)"
5624,5625,5625,6928.0,1.0,1.44,1.045,11.0,1.3779904306220097,60,"(49, 47)"
5625,5626,5626,6917.0,1.0,1.326,0.688,11.0,1.9273255813953487,60,"(49, 46)"
5626,5627,5627,6960.0,1.0,1.304,0.973,11.0,1.340184994861254,60,"(49, 47)"
5627,5628,5628,6955.0,1.0,1.208,0.839,11.0,1.4398092967818832,60,"(49, 48)"
5628,5629,5629,6910.0,1.0,1.121,0.841,11.0,1.3329369797859691,60,"(49, 49)"
5629,5630,5630,6905.0,1.0,1.117,0.658,11.0,1.6975683890577506,60,"(49, 48)"
5630,5631,5631,6947.0,1.0,1.085,0.62,11.0,1.75,60,"(49, 49)"
5631,5632,5632,6913.0,1.0,1.004,0.629,11.0,1.5961844197138315,60,"(49, 50)"
5632,5633,5633,6935.0,1.0,0.917,0.717,11.0,1.2789400278940029,60,"(49, 51)"
5633,5634,5634,6924.0,1.0,0.917,0.671,11.0,1.3666169895678093,60,"(49, 50)"
5634,5635,5635,6926.0,1.0,0.931,0.66,11.0,1.4106060606060606,60,"(49, 51)"
5635,5636,5636,6903.0,1.0,0.836,0.518,11.0,1.6138996138996138,60,"(49, 52)"
5636,5637,5637,,,,,,,60,"(49, 53)"
5637,5638,5638,,,,,,,60,"(49, 52)"
5638,5639,5639,,,,,,,60,"(49, 53)"
5639,5640,5640,2679.0,1.0,4.883,4.545,62.0,1.0743674367436744,60,"(49, 54)"
5640,5641,5641,2675.0,1.0,4.903,4.547,62.0,1.0782933802507146,60,"(49, 55)"
5641,5642,5642,2660.0,1.0,4.903,4.446,62.0,1.1027890238416551,60,"(49, 54)"
5642,5643,5643,2664.0,1.0,4.643,4.091,62.0,1.134930334881447,60,"(49, 55)"
5643,5644,5644,2670.0,1.0,4.38,4.225,62.0,1.0366863905325443,60,"(49, 56)"
5644,5645,5645,2705.0,1.0,4.451,4.194,62.0,1.0612780162136384,60,"(49, 57)"
5645,5646,5646,2698.0,1.0,3.719,2.956,62.0,1.2581190798376185,60,"(49, 56)"
5646,5647,5647,2677.0,1.0,3.415,4.014,62.0,0.8507722969606377,60,"(49, 57)"
5647,5648,5648,2672.0,1.0,2.647,2.957,62.0,0.8951640175853905,60,"(49, 58)"
5648,5649,5649,2691.0,1.0,1.577,3.202,62.0,0.4925046845721424,60,"(49, 59)"
5649,5650,5650,2682.0,1.0,1.358,2.962,62.0,0.4584740040513166,60,"(49, 58)"
5650,5651,5651,2701.0,1.0,1.222,2.966,62.0,0.4120026972353337,60,"(49, 59)"
5651,5652,5652,,,,,,,60,"(49, 60)"
5652,5653,5653,6572.0,1.0,7.069,4.974,123.0,1.42119018898271,60,"(49, 61)"
5653,5654,5654,6570.0,1.0,3.785,3.492,123.0,1.0839060710194732,60,"(49, 60)"
5654,5655,5655,6573.0,1.0,3.145,2.99,123.0,1.051839464882943,60,"(49, 61)"
5655,5656,5656,6571.0,1.0,2.666,4.275,123.0,0.623625730994152,13,"(50, 61)"
5656,5657,5657,6568.0,1.0,0.742,13.159,123.0,0.0563872634698685,13,"(50, 60)"
5657,5658,5658,2761.0,1.0,6.166,4.707,64.0,1.3099638835776504,13,"(50, 61)"
5658,5659,5659,2779.0,1.0,6.036,13.28,64.0,0.4545180722891566,13,"(50, 60)"
5659,5660,5660,2765.0,1.0,4.883,4.439,64.0,1.1000225275963054,13,"(50, 59)"
5660,5661,5661,2776.0,1.0,4.903,4.596,64.0,1.0667972149695386,13,"(50, 58)"
5661,5662,5662,2750.0,1.0,4.903,4.318,64.0,1.135479388605836,13,"(50, 59)"
5662,5663,5663,2777.0,1.0,4.997,3.785,64.0,1.3202113606340815,13,"(50, 58)"
5663,5664,5664,2767.0,1.0,4.665,13.164,64.0,0.3543755697356426,13,"(50, 57)"
5664,5665,5665,2752.0,1.0,4.643,13.165,64.0,0.3526775541207748,13,"(50, 56)"
5665,5666,5666,2754.0,1.0,4.501,5.621,64.0,0.800747198007472,13,"(50, 57)"
5666,5667,5667,2758.0,1.0,4.699,13.166,64.0,0.35690414704542,13,"(50, 56)"
5667,5668,5668,2755.0,1.0,4.417,4.563,64.0,0.968003506465045,13,"(50, 55)"
5668,5669,5669,2762.0,1.0,4.043,4.548,64.0,0.8889621811785401,13,"(50, 54)"
5669,5670,5670,2756.0,1.0,3.719,4.139,64.0,0.8985262140613673,13,"(50, 54)"
5670,5671,5671,2780.0,1.0,3.654,3.28,64.0,1.1140243902439024,13,"(50, 53)"
5671,5672,5672,2778.0,1.0,3.491,4.276,64.0,0.8164172123479888,13,"(50, 52)"
5672,5673,5673,2781.0,1.0,3.343,14.839,64.0,0.2252847226902082,13,"(50, 53)"
5673,5674,5674,2766.0,1.0,3.536,4.294,64.0,0.8234746157428972,13,"(50, 52)"
5674,5675,5675,2772.0,1.0,2.999,2.991,64.0,1.0026746907388833,13,"(50, 51)"
5675,5676,5676,2764.0,1.0,3.162,3.033,64.0,1.0425321463897133,13,"(50, 50)"
5676,5677,5677,2760.0,1.0,2.964,15.322,64.0,0.1934473306356872,13,"(50, 51)"
5677,5678,5678,2773.0,1.0,2.95,4.565,64.0,0.6462212486308871,13,"(50, 50)"
5678,5679,5679,2749.0,1.0,2.621,3.394,64.0,0.77224513847967,13,"(50, 49)"
5679,5680,5680,2757.0,1.0,2.719,9.768,64.0,0.2783579033579033,13,"(50, 48)"
5680,5681,5681,2774.0,1.0,2.671,4.198,64.0,0.6362553596950928,13,"(50, 49)"
5681,5682,5682,6986.0,1.0,2.526,1.163,64.0,2.171969045571797,13,"(50, 48)"
5682,5683,5683,2771.0,1.0,2.133,2.997,64.0,0.7117117117117118,13,"(50, 47)"
5683,5684,5684,147291.0,1.0,2.045,3.003,64.0,0.6809856809856809,13,"(50, 46)"
5684,5685,5685,2753.0,1.0,2.113,3.009,64.0,0.7022266533732137,13,"(50, 47)"
5685,5686,5686,2763.0,1.0,2.117,3.031,64.0,0.6984493566479709,13,"(50, 46)"
5686,5687,5687,2769.0,1.0,1.659,3.032,64.0,0.5471635883905013,13,"(50, 45)"
5687,5688,5688,2751.0,1.0,1.7,3.034,64.0,0.5603164139749506,13,"(50, 44)"
5688,5689,5689,2759.0,1.0,1.084,3.99,64.0,0.2716791979949874,13,"(50, 45)"
5689,5690,5690,2768.0,1.0,1.125,4.016,64.0,0.2801294820717131,13,"(50, 44)"
5690,5691,5691,2775.0,1.0,1.064,3.121,64.0,0.3409163729573854,13,"(50, 43)"
5691,5692,5692,,,,,,,13,"(50, 42)"
5692,5693,5693,,,,,,,13,"(50, 43)"
5693,5694,5694,,,,,,,13,"(50, 42)"
5694,5695,5695,3075.0,1.0,4.857,18.444,72.0,0.2633376707872479,13,"(50, 41)"
5695,5696,5696,3086.0,1.0,4.923,6.151,72.0,0.8003576654202569,13,"(50, 40)"
5696,5697,5697,3069.0,1.0,4.589,13.167,72.0,0.3485228222070328,13,"(50, 41)"
5697,5698,5698,3066.0,1.0,4.589,13.664,72.0,0.335846018735363,13,"(50, 40)"
5698,5699,5699,3085.0,1.0,4.697,14.173,72.0,0.3314047837437381,13,"(50, 39)"
5699,5700,5700,3088.0,1.0,4.755,13.187,72.0,0.3605823917494502,13,"(50, 38)"
5700,5701,5701,3073.0,1.0,4.755,13.433,72.0,0.3539790069232487,13,"(50, 39)"
5701,5702,5702,3078.0,1.0,4.417,13.999,72.0,0.3155225373240946,13,"(50, 38)"
5702,5703,5703,3079.0,1.0,4.124,13.448,72.0,0.3066627007733492,13,"(50, 37)"
5703,5704,5704,3084.0,1.0,4.124,13.881,72.0,0.2970967509545421,13,"(50, 36)"
5704,5705,5705,3065.0,1.0,4.124,14.881,72.0,0.2771319131778778,13,"(50, 37)"
5705,5706,5706,38518.0,1.0,4.174,14.546,72.0,0.2869517393097759,13,"(50, 36)"
5706,5707,5707,252881.0,1.0,4.174,16.416,72.0,0.2542641325536062,13,"(50, 35)"
5707,5708,5708,3077.0,1.0,4.272,13.921,72.0,0.3068745061418002,13,"(50, 34)"
5708,5709,5709,76826.0,1.0,4.401,15.733,72.0,0.2797305027648891,13,"(50, 35)"
5709,5710,5710,3083.0,1.0,4.199,13.618,72.0,0.3083419004259068,13,"(50, 34)"
5710,5711,5711,3074.0,1.0,3.654,14.748,72.0,0.2477624084621643,13,"(50, 33)"
5711,5712,5712,3072.0,1.0,3.063,14.412,72.0,0.2125312239800166,13,"(50, 32)"
5712,5713,5713,3081.0,1.0,2.95,3.123,72.0,0.9446045469100224,13,"(50, 33)"
5713,5714,5714,3068.0,1.0,2.471,15.769,72.0,0.1566998541442069,13,"(50, 31)"
5714,5715,5715,3080.0,1.0,2.341,3.124,72.0,0.7493597951344431,13,"(50, 31)"
5715,5716,5716,6829.0,2.0,12.037,0.875,11.0,13.75657142857143,13,"(50, 27)"
5716,5717,5717,6874.0,2.0,6.165,0.513,11.0,12.017543859649123,13,"(50, 26)"
5717,5718,5718,31.0,2.0,11.269,0.842,11.0,13.383610451306414,13,"(50, 27)"
5718,5719,5719,31.0,2.0,11.269,0.842,11.0,13.383610451306414,13,"(50, 26)"
5719,5720,5720,6833.0,2.0,11.424,0.884,11.0,12.923076923076922,13,"(50, 25)"
5720,5721,5721,6833.0,2.0,11.424,0.884,11.0,12.923076923076922,13,"(50, 24)"
5721,5722,5722,31.0,2.0,11.269,0.842,11.0,13.383610451306414,13,"(50, 25)"
5722,5723,5723,31.0,2.0,11.269,0.842,11.0,13.383610451306414,13,"(50, 24)"
5723,5724,5724,6833.0,2.0,11.424,0.884,11.0,12.923076923076922,13,"(50, 23)"
5724,5725,5725,6833.0,2.0,11.424,0.884,11.0,12.923076923076922,13,"(50, 22)"
5725,5726,5726,6853.0,2.0,4.665,3.125,11.0,1.4928,13,"(50, 23)"
5726,5727,5727,6848.0,2.0,4.643,3.126,11.0,1.4852847088931542,13,"(50, 22)"
5727,5728,5728,6863.0,2.0,4.589,3.132,11.0,1.465197956577267,13,"(50, 21)"
5728,5729,5729,6863.0,2.0,4.589,3.132,11.0,1.465197956577267,13,"(50, 20)"
5729,5730,5730,6857.0,2.0,4.643,2.359,11.0,1.9682068673166595,13,"(50, 21)"
5730,5731,5731,6836.0,2.0,4.755,3.137,11.0,1.515779407076825,13,"(50, 20)"
5731,5732,5732,6839.0,2.0,4.34,3.138,11.0,1.383046526449968,13,"(50, 19)"
5732,5733,5733,6850.0,2.0,4.161,3.144,11.0,1.323473282442748,13,"(50, 18)"
5733,5734,5734,6878.0,2.0,4.161,3.149,11.0,1.321371864083836,13,"(50, 19)"
5734,5735,5735,6862.0,2.0,4.043,3.153,11.0,1.2822708531557248,13,"(50, 18)"
5735,5736,5736,6859.0,2.0,2.878,3.155,11.0,0.9122028526148972,13,"(50, 17)"
5736,5737,5737,6843.0,2.0,2.719,1.16,11.0,2.34396551724138,13,"(50, 16)"
5737,5738,5738,6961.0,2.0,2.875,3.191,11.0,0.9009714822939516,13,"(50, 17)"
5738,5739,5739,6961.0,2.0,2.875,3.191,11.0,0.9009714822939516,13,"(50, 16)"
5739,5740,5740,6866.0,2.0,2.799,3.195,11.0,0.8760563380281691,13,"(50, 15)"
5740,5741,5741,6866.0,2.0,2.799,3.195,11.0,0.8760563380281691,13,"(50, 14)"
5741,5742,5742,6856.0,2.0,2.542,3.209,11.0,0.7921470863197257,13,"(50, 15)"
5742,5743,5743,6856.0,2.0,2.542,3.209,11.0,0.7921470863197257,13,"(50, 14)"
5743,5744,5744,6838.0,2.0,2.543,1.079,11.0,2.35681186283596,13,"(50, 13)"
5744,5745,5745,6873.0,2.0,2.718,1.122,11.0,2.4224598930481283,13,"(50, 12)"
5745,5746,5746,6858.0,2.0,2.671,1.161,11.0,2.300602928509905,13,"(50, 13)"
5746,5747,5747,6834.0,2.0,2.28,3.282,11.0,0.6946983546617915,13,"(50, 12)"
5747,5748,5748,6844.0,2.0,2.2,3.283,11.0,0.6701187937861712,13,"(50, 11)"
5748,5749,5749,6837.0,2.0,2.045,1.149,11.0,1.7798085291557877,13,"(50, 10)"
5749,5750,5750,6868.0,2.0,2.045,1.164,11.0,1.756872852233677,13,"(50, 11)"
5750,5751,5751,6871.0,2.0,1.684,3.296,11.0,0.5109223300970874,13,"(50, 9)"
5751,5752,5752,6965.0,2.0,1.66,0.977,11.0,1.699078812691914,13,"(50, 8)"
5752,5753,5753,6870.0,2.0,1.664,0.922,11.0,1.8047722342733188,13,"(50, 9)"
5753,5754,5754,6870.0,2.0,1.664,0.922,11.0,1.8047722342733188,13,"(50, 8)"
5754,5755,5755,134983.0,2.0,1.483,1.201,11.0,1.234804329725229,13,"(50, 7)"
5755,5756,5756,6957.0,2.0,1.43,3.297,11.0,0.4337276311798604,13,"(50, 6)"
5756,5757,5757,6832.0,2.0,1.487,3.298,11.0,0.4508793208004851,13,"(50, 7)"
5757,5758,5758,6832.0,2.0,1.487,3.298,11.0,0.4508793208004851,13,"(50, 6)"
5758,5759,5759,6875.0,2.0,1.487,1.282,11.0,1.1599063962558502,13,"(50, 5)"
5759,5760,5760,6875.0,2.0,1.487,1.282,11.0,1.1599063962558502,13,"(50, 4)"
5760,5761,5761,6963.0,2.0,1.487,3.299,11.0,0.4507426492876629,13,"(50, 5)"
5761,5762,5762,8878.0,2.0,1.487,1.271,11.0,1.1699449252557044,13,"(50, 4)"
5762,5763,5763,6949.0,2.0,1.487,1.253,11.0,1.1867517956903433,13,"(50, 3)"
5763,5764,5764,6949.0,2.0,1.487,1.253,11.0,1.1867517956903433,13,"(50, 2)"
5764,5765,5765,6852.0,2.0,1.487,1.218,11.0,1.2208538587848934,13,"(50, 3)"
5765,5766,5766,6852.0,2.0,1.487,1.218,11.0,1.2208538587848934,13,"(50, 2)"
5766,5767,5767,136861.0,2.0,1.487,3.3,11.0,0.4506060606060607,10,"(51, 2)"
5767,5768,5768,6860.0,2.0,1.44,4.632,11.0,0.310880829015544,10,"(51, 3)"
5768,5769,5769,6855.0,2.0,1.331,0.697,11.0,1.90961262553802,10,"(51, 2)"
5769,5770,5770,6855.0,2.0,1.331,0.697,11.0,1.90961262553802,10,"(51, 3)"
5770,5771,5771,6847.0,2.0,1.121,0.831,11.0,1.348977135980746,10,"(51, 4)"
5771,5772,5772,6869.0,2.0,1.064,0.627,11.0,1.696969696969697,10,"(51, 5)"
5772,5773,5773,6855.0,2.0,1.331,0.697,11.0,1.90961262553802,10,"(51, 4)"
5773,5774,5774,6855.0,2.0,1.331,0.697,11.0,1.90961262553802,10,"(51, 5)"
5774,5775,5775,6867.0,2.0,1.125,0.598,11.0,1.8812709030100327,10,"(51, 6)"
5775,5776,5776,6867.0,2.0,1.125,0.598,11.0,1.8812709030100327,10,"(51, 7)"
5776,5777,5777,6845.0,2.0,0.917,0.69,11.0,1.328985507246377,10,"(51, 6)"
5777,5778,5778,6842.0,2.0,0.917,0.719,11.0,1.2753824756606398,10,"(51, 7)"
5778,5779,5779,6867.0,2.0,1.125,0.598,11.0,1.8812709030100327,10,"(51, 8)"
5779,5780,5780,6867.0,2.0,1.125,0.598,11.0,1.8812709030100327,10,"(51, 9)"
5780,5781,5781,6876.0,2.0,0.917,0.713,11.0,1.2861150070126228,10,"(51, 8)"
5781,5782,5782,6906.0,2.0,0.931,0.677,11.0,1.3751846381093058,10,"(51, 9)"
5782,5783,5783,6872.0,2.0,0.931,0.691,11.0,1.3473227206946456,10,"(51, 10)"
5783,5784,5784,6854.0,2.0,0.931,0.669,11.0,1.391629297458894,10,"(51, 11)"
5784,5785,5785,6909.0,2.0,0.913,0.55,11.0,1.66,10,"(51, 10)"
5785,5786,5786,3027.0,2.0,5.008,4.244,62.0,1.1800188501413762,10,"(51, 11)"
5786,5787,5787,3032.0,2.0,4.589,4.102,62.0,1.1187225743539737,10,"(51, 12)"
5787,5788,5788,3025.0,2.0,2.698,3.378,62.0,0.7986974541148608,10,"(51, 13)"
5788,5789,5789,3047.0,2.0,2.28,3.575,62.0,0.6377622377622377,10,"(51, 12)"
5789,5790,5790,3031.0,2.0,1.931,3.313,62.0,0.5828554180501057,10,"(51, 13)"
5790,5791,5791,3040.0,2.0,1.764,3.317,62.0,0.5318058486584263,10,"(51, 14)"
5791,5792,5792,3038.0,2.0,1.125,3.319,62.0,0.3389575173244953,10,"(51, 15)"
5792,5793,5793,6574.0,2.0,3.855,4.621,123.0,0.8342350140662194,10,"(51, 14)"
5793,5794,5794,6569.0,2.0,1.177,3.322,123.0,0.3543046357615894,10,"(51, 15)"
5794,5795,5795,3194.0,2.0,4.721,5.429,64.0,0.8695892429545036,10,"(51, 16)"
5795,5796,5796,3202.0,2.0,4.589,13.456,64.0,0.3410374554102259,10,"(51, 17)"
5796,5797,5797,3197.0,2.0,4.268,3.323,64.0,1.2843815829070118,10,"(51, 16)"
5797,5798,5798,3198.0,2.0,4.426,4.578,64.0,0.9667977282656182,10,"(51, 17)"
5798,5799,5799,132515.0,2.0,4.34,13.548,64.0,0.3203424859757898,10,"(51, 18)"
5799,5800,5800,3204.0,2.0,3.238,4.071,64.0,0.7953819700319332,10,"(51, 19)"
5800,5801,5801,3203.0,2.0,3.608,4.568,64.0,0.7898423817863398,10,"(51, 18)"
5801,5802,5802,3203.0,2.0,3.608,4.568,64.0,0.7898423817863398,10,"(51, 19)"
5802,5803,5803,3193.0,2.0,3.336,14.325,64.0,0.2328795811518324,10,"(51, 20)"
5803,5804,5804,3196.0,2.0,2.91,13.168,64.0,0.2209902794653706,10,"(51, 21)"
5804,5805,5805,3208.0,2.0,2.318,14.155,64.0,0.163758389261745,10,"(51, 20)"
5805,5806,5806,106990.0,2.0,2.205,9.714,64.0,0.2269919703520691,10,"(51, 21)"
5806,5807,5807,25500.0,2.0,2.168,9.415,64.0,0.2302708443972385,10,"(51, 22)"
5807,5808,5808,167916.0,2.0,2.227,8.611,64.0,0.258622691905702,10,"(51, 23)"
5808,5809,5809,7022.0,2.0,2.045,1.064,64.0,1.921992481203008,10,"(51, 22)"
5809,5810,5810,3191.0,2.0,2.117,3.324,64.0,0.6368832731648616,10,"(51, 23)"
5810,5811,5811,3199.0,2.0,1.764,3.325,64.0,0.5305263157894736,10,"(51, 24)"
5811,5812,5812,3200.0,2.0,1.659,2.232,64.0,0.743279569892473,10,"(51, 25)"
5812,5813,5813,3206.0,2.0,1.384,3.326,64.0,0.4161154539987973,10,"(51, 24)"
5813,5814,5814,7037.0,2.0,1.177,3.328,64.0,0.3536658653846154,10,"(51, 25)"
5814,5815,5815,124719.0,2.0,0.99,4.579,64.0,0.2162044114435466,10,"(51, 26)"
5815,5816,5816,7019.0,1.0,1.876,3.33,72.0,0.5633633633633633,10,"(51, 27)"
5816,5817,5817,27590.0,1.0,1.762,5.259,72.0,0.3350446853013881,10,"(51, 26)"
5817,5818,5818,3087.0,1.0,1.665,3.748,72.0,0.4442369263607257,10,"(51, 27)"
5818,5819,5819,6988.0,1.0,1.44,0.666,72.0,2.162162162162162,10,"(51, 31)"
5819,5820,5820,3082.0,1.0,1.358,3.331,72.0,0.4076853797658361,10,"(51, 31)"
5820,5821,5821,6977.0,1.0,1.085,0.844,72.0,1.2855450236966826,10,"(51, 32)"
5821,5822,5822,6987.0,1.0,0.564,0.747,72.0,0.7550200803212851,10,"(51, 33)"
5822,5823,5823,,,,,,,10,"(51, 32)"
5823,5824,5824,,,,,,,10,"(51, 33)"
5824,5825,5825,6981.0,1.0,1.064,0.853,72.0,1.24736225087925,10,"(51, 34)"
5825,5826,5826,6981.0,1.0,1.064,0.853,72.0,1.24736225087925,10,"(51, 35)"
5826,5827,5827,,,,,,,10,"(51, 34)"
5827,5828,5828,,,,,,,10,"(51, 35)"
5828,5829,5829,,,,,,,10,"(51, 36)"
5829,5830,5830,4413.0,1.0,6.713,8.103,87.0,0.8284585955818833,10,"(51, 37)"
5830,5831,5831,4408.0,1.0,6.194,7.826,87.0,0.7914643496038846,10,"(51, 36)"
5831,5832,5832,4420.0,1.0,6.416,14.046,87.0,0.4567848497792966,10,"(51, 37)"
5832,5833,5833,4449.0,1.0,6.098,7.611,87.0,0.8012087767704638,10,"(51, 38)"
5833,5834,5834,4411.0,1.0,5.36,7.173,87.0,0.7472466192666946,10,"(51, 39)"
5834,5835,5835,4426.0,1.0,5.533,7.1,87.0,0.7792957746478875,10,"(51, 38)"
5835,5836,5836,4432.0,1.0,5.284,7.355,87.0,0.7184228416043507,10,"(51, 39)"
5836,5837,5837,4442.0,1.0,5.136,6.944,87.0,0.73963133640553,10,"(51, 40)"
5837,5838,5838,4462.0,1.0,5.061,6.667,87.0,0.7591120443977801,10,"(51, 41)"
5838,5839,5839,96039.0,1.0,4.776,4.58,87.0,1.0427947598253275,10,"(51, 40)"
5839,5840,5840,4440.0,1.0,4.495,6.586,87.0,0.6825083510476769,10,"(51, 41)"
5840,5841,5841,4443.0,1.0,4.305,7.332,87.0,0.587152209492635,10,"(51, 42)"
5841,5842,5842,4450.0,1.0,4.38,6.497,87.0,0.6741573033707865,10,"(51, 43)"
5842,5843,5843,4444.0,1.0,4.38,8.297,87.0,0.5279016511992286,10,"(51, 42)"
5843,5844,5844,4444.0,1.0,4.38,8.297,87.0,0.5279016511992286,10,"(51, 43)"
5844,5845,5845,4433.0,1.0,4.138,3.332,87.0,1.2418967587034817,10,"(51, 44)"
5845,5846,5846,4451.0,1.0,3.861,3.334,87.0,1.1580683863227357,10,"(51, 45)"
5846,5847,5847,4422.0,1.0,28.0,5.381,87.0,5.203493774391377,10,"(51, 44)"
5847,5848,5848,75263.0,1.0,4.06,3.379,87.0,1.2015389168393014,10,"(51, 45)"
5848,5849,5849,4465.0,1.0,3.752,6.39,87.0,0.5871674491392801,10,"(51, 46)"
5849,5850,5850,4424.0,1.0,3.879,13.171,87.0,0.2945106673752942,10,"(51, 47)"
5850,5851,5851,4463.0,1.0,3.812,6.44,87.0,0.5919254658385092,10,"(51, 46)"
5851,5852,5852,4409.0,1.0,3.9,4.001,87.0,0.9747563109222692,10,"(51, 47)"
5852,5853,5853,4439.0,1.0,3.702,3.713,87.0,0.9970374360355508,10,"(51, 48)"
5853,5854,5854,4417.0,1.0,3.596,8.104,87.0,0.4437314906219151,10,"(51, 49)"
5854,5855,5855,4435.0,1.0,3.88,5.43,87.0,0.7145488029465931,10,"(51, 48)"
5855,5856,5856,4457.0,1.0,3.608,3.386,87.0,1.0655640874187833,10,"(51, 49)"
5856,5857,5857,4421.0,1.0,3.731,3.387,87.0,1.1015648066135222,10,"(51, 50)"
5857,5858,5858,4458.0,1.0,3.547,13.172,87.0,0.2692833282720923,10,"(51, 51)"
5858,5859,5859,4419.0,1.0,3.61,6.946,87.0,0.5197235819176504,10,"(51, 50)"
5859,5860,5860,4461.0,1.0,3.61,8.847,87.0,0.4080479258505708,10,"(51, 51)"
5860,5861,5861,4488.0,1.0,3.595,6.254,87.0,0.5748321074512313,10,"(51, 52)"
5861,5862,5862,4487.0,1.0,3.313,5.877,87.0,0.5637229879190063,10,"(51, 53)"
5862,5863,5863,4448.0,1.0,3.536,3.391,87.0,1.0427602477145386,10,"(51, 52)"
5863,5864,5864,4414.0,1.0,3.415,5.399,87.0,0.6325245415817744,10,"(51, 53)"
5864,5865,5865,4470.0,1.0,3.415,4.794,87.0,0.7123487692949521,10,"(51, 54)"
5865,5866,5866,4410.0,1.0,3.398,5.312,87.0,0.639683734939759,10,"(51, 55)"
5866,5867,5867,4452.0,1.0,3.055,5.834,87.0,0.5236544394926295,10,"(51, 54)"
5867,5868,5868,4416.0,1.0,2.95,8.026,87.0,0.3675554448043858,10,"(51, 55)"
5868,5869,5869,4423.0,1.0,2.908,7.245,87.0,0.4013802622498274,10,"(51, 56)"
5869,5870,5870,4430.0,1.0,2.878,7.435,87.0,0.3870880968392737,10,"(51, 57)"
5870,5871,5871,4437.0,1.0,2.799,5.825,87.0,0.4805150214592274,10,"(51, 56)"
5871,5872,5872,4467.0,1.0,2.799,3.395,87.0,0.8244477172312223,10,"(51, 57)"
5872,5873,5873,4453.0,1.0,2.671,6.824,87.0,0.3914126611957796,10,"(51, 58)"
5873,5874,5874,4428.0,1.0,2.526,9.597,87.0,0.2632072522663332,10,"(51, 59)"
5874,5875,5875,4459.0,1.0,2.567,3.397,87.0,0.7556667647924641,10,"(51, 58)"
5875,5876,5876,4363.0,1.0,2.514,7.57,87.0,0.3321003963011888,10,"(51, 59)"
5876,5877,5877,4469.0,1.0,2.322,3.949,87.0,0.5879969612560142,10,"(51, 60)"
5877,5878,5878,4466.0,1.0,2.341,6.466,87.0,0.362047633776678,10,"(51, 61)"
5878,5879,5879,4436.0,1.0,2.205,9.769,87.0,0.2257139932439349,10,"(51, 60)"
5879,5880,5880,4425.0,1.0,2.205,8.983,87.0,0.2454636535678503,10,"(51, 61)"
5880,5881,5881,4471.0,1.0,2.168,3.845,87.0,0.5638491547464239,9,"(52, 61)"
5881,5882,5882,4427.0,1.0,2.227,3.647,87.0,0.6106388812722786,9,"(52, 60)"
5882,5883,5883,4464.0,1.0,2.133,4.217,87.0,0.5058098174057387,9,"(52, 61)"
5883,5884,5884,4438.0,1.0,2.113,5.491,87.0,0.3848115097432162,9,"(52, 60)"
5884,5885,5885,4352.0,1.0,2.113,4.717,87.0,0.4479542081831673,9,"(52, 59)"
5885,5886,5886,4445.0,1.0,2.117,4.59,87.0,0.4612200435729847,9,"(52, 58)"
5886,5887,5887,4418.0,1.0,2.119,3.493,87.0,0.6066418551388492,9,"(52, 59)"
5887,5888,5888,4472.0,1.0,2.119,5.695,87.0,0.3720807726075505,9,"(52, 58)"
5888,5889,5889,4429.0,1.0,2.119,13.173,87.0,0.160859333485159,9,"(52, 57)"
5889,5890,5890,4412.0,1.0,1.931,6.549,87.0,0.2948541762101084,9,"(52, 56)"
5890,5891,5891,4468.0,1.0,1.963,7.54,87.0,0.2603448275862069,9,"(52, 57)"
5891,5892,5892,4455.0,1.0,1.775,6.705,87.0,0.2647278150633855,9,"(52, 56)"
5892,5893,5893,36446.0,1.0,1.876,5.36,87.0,0.35,9,"(52, 55)"
5893,5894,5894,4358.0,1.0,1.805,5.631,87.0,0.320546972118629,9,"(52, 54)"
5894,5895,5895,4446.0,1.0,1.467,4.237,87.0,0.3462355440169932,9,"(52, 55)"
5895,5896,5896,4486.0,1.0,1.467,6.574,87.0,0.2231518101612412,9,"(52, 54)"
5896,5897,5897,4344.0,1.0,1.467,6.826,87.0,0.214913565777908,9,"(52, 53)"
5897,5898,5898,4473.0,1.0,1.195,3.398,87.0,0.3516774573278399,9,"(52, 52)"
5898,5899,5899,4454.0,1.0,1.084,10.119,87.0,0.1071252100009882,9,"(52, 53)"
5899,5900,5900,,,,,,,9,"(52, 52)"
5900,5901,5901,,,,,,,9,"(52, 51)"
5901,5902,5902,,,,,,,9,"(52, 50)"
5902,5903,5903,10.0,1.0,36.0,1.202,7.0,29.950083194675543,9,"(52, 51)"
5903,5904,5904,6721.0,1.0,5.278,3.4,7.0,1.5523529411764705,9,"(52, 50)"
5904,5905,5905,6731.0,1.0,5.135,3.402,7.0,1.5094062316284538,9,"(52, 49)"
5905,5906,5906,6732.0,1.0,5.05,3.403,7.0,1.4839847193652658,9,"(52, 48)"
5906,5907,5907,6733.0,1.0,4.776,3.406,7.0,1.4022313564298297,9,"(52, 49)"
5907,5908,5908,6716.0,1.0,4.06,3.407,7.0,1.1916642207220427,9,"(52, 48)"
5908,5909,5909,6730.0,1.0,4.18,3.41,7.0,1.225806451612903,9,"(52, 47)"
5909,5910,5910,6730.0,1.0,4.18,3.41,7.0,1.225806451612903,9,"(52, 46)"
5910,5911,5911,6735.0,1.0,3.61,3.42,7.0,1.0555555555555556,9,"(52, 47)"
5911,5912,5912,6734.0,1.0,3.357,3.421,7.0,0.981292019877229,9,"(52, 46)"
5912,5913,5913,6724.0,1.0,3.161,3.43,7.0,0.9215743440233236,9,"(52, 45)"
5913,5914,5914,6710.0,1.0,2.95,3.436,7.0,0.8585564610011642,9,"(52, 44)"
5914,5915,5915,6729.0,1.0,2.86,3.437,7.0,0.8321210357870236,9,"(52, 45)"
5915,5916,5916,6723.0,1.0,2.832,3.438,7.0,0.8237347294938917,9,"(52, 44)"
5916,5917,5917,6726.0,1.0,2.341,3.494,7.0,0.6700057240984545,9,"(52, 43)"
5917,5918,5918,6725.0,1.0,2.045,3.496,7.0,0.584954233409611,9,"(52, 42)"
5918,5919,5919,6717.0,1.0,2.117,3.497,7.0,0.6053760366028024,9,"(52, 43)"
5919,5920,5920,6727.0,1.0,2.052,3.507,7.0,0.5851154833190761,9,"(52, 42)"
5920,5921,5921,6713.0,1.0,1.931,3.51,7.0,0.5501424501424502,9,"(52, 41)"
5921,5922,5922,6722.0,1.0,1.821,3.511,7.0,0.5186556536599259,9,"(52, 40)"
5922,5923,5923,6720.0,1.0,1.775,3.512,7.0,0.5054100227790432,9,"(52, 41)"
5923,5924,5924,6714.0,1.0,1.876,3.515,7.0,0.5337126600284494,9,"(52, 40)"
5924,5925,5925,6711.0,1.0,1.861,3.516,7.0,0.5292946530147895,9,"(52, 39)"
5925,5926,5926,6719.0,1.0,1.764,3.517,7.0,0.5015638328120557,9,"(52, 38)"
5926,5927,5927,6712.0,1.0,1.744,3.518,7.0,0.4957362137578169,9,"(52, 39)"
5927,5928,5928,6736.0,1.0,1.66,3.519,7.0,0.4717249218527991,9,"(52, 38)"
5928,5929,5929,6718.0,1.0,1.575,3.521,7.0,0.4473161033797216,9,"(52, 37)"
5929,5930,5930,6715.0,1.0,1.483,3.522,7.0,0.4210675752413402,9,"(52, 36)"
5930,5931,5931,6728.0,1.0,1.43,3.531,7.0,0.4049844236760124,9,"(52, 37)"
5931,5932,5932,,,,,,,9,"(52, 36)"
5932,5933,5933,,,,,,,9,"(52, 35)"
5933,5934,5934,3055.0,1.0,8.991,19.81,71.0,0.453861686017163,9,"(52, 34)"
5934,5935,5935,3056.0,1.0,6.672,13.174,71.0,0.5064521026263853,9,"(52, 35)"
5935,5936,5936,180721.0,1.0,2.377,8.816,71.0,0.2696234119782214,9,"(52, 34)"
5936,5937,5937,3061.0,1.0,2.377,9.909,71.0,0.2398829347058229,9,"(52, 33)"
5937,5938,5938,3064.0,1.0,2.377,9.909,71.0,0.2398829347058229,9,"(52, 32)"
5938,5939,5939,3060.0,1.0,2.377,9.909,71.0,0.2398829347058229,9,"(52, 33)"
5939,5940,5940,3057.0,1.0,1.659,6.718,71.0,0.246948496576362,9,"(52, 32)"
5940,5941,5941,3059.0,1.0,1.064,13.178,71.0,0.0807406283199271,9,"(52, 31)"
5941,5942,5942,3062.0,1.0,0.461,4.754,71.0,0.0969709718132099,9,"(52, 31)"
5942,5943,5943,3416.0,2.0,4.643,13.293,72.0,0.3492815767697284,9,"(52, 27)"
5943,5944,5944,3419.0,2.0,4.643,13.179,72.0,0.3523029061385537,9,"(52, 26)"
5944,5945,5945,3409.0,2.0,4.417,13.532,72.0,0.3264114691102571,9,"(52, 27)"
5945,5946,5946,3415.0,2.0,4.417,14.108,72.0,0.3130847745959739,9,"(52, 26)"
5946,5947,5947,3406.0,2.0,4.124,13.823,72.0,0.2983433408087969,9,"(52, 25)"
5947,5948,5948,3411.0,2.0,4.174,13.459,72.0,0.3101270525299057,9,"(52, 24)"
5948,5949,5949,3413.0,2.0,4.174,15.61,72.0,0.2673926969891095,9,"(52, 25)"
5949,5950,5950,200709.0,2.0,3.95,13.18,72.0,0.2996965098634294,9,"(52, 24)"
5950,5951,5951,3402.0,2.0,3.313,11.86,72.0,0.2793423271500843,9,"(52, 23)"
5951,5952,5952,3408.0,2.0,2.964,13.809,72.0,0.2146426243754073,9,"(52, 22)"
5952,5953,5953,3404.0,2.0,3.063,14.626,72.0,0.2094215780117599,9,"(52, 23)"
5953,5954,5954,287726.0,2.0,3.001,13.712,72.0,0.2188593932322053,9,"(52, 22)"
5954,5955,5955,3417.0,2.0,3.001,14.09,72.0,0.2129879347054648,9,"(52, 21)"
5955,5956,5956,3399.0,2.0,2.666,3.603,72.0,0.7399389397724118,9,"(52, 20)"
5956,5957,5957,3401.0,2.0,2.168,3.533,72.0,0.613642796490235,9,"(52, 21)"
5957,5958,5958,3420.0,2.0,2.113,3.534,72.0,0.5979060554612338,9,"(52, 20)"
5958,5959,5959,3410.0,2.0,2.119,3.545,72.0,0.5977433004231313,9,"(52, 19)"
5959,5960,5960,114704.0,2.0,1.684,5.082,72.0,0.3313656040928768,9,"(52, 18)"
5960,5961,5961,65172.0,2.0,1.684,5.082,72.0,0.3313656040928768,9,"(52, 19)"
5961,5962,5962,3412.0,2.0,1.684,5.25,72.0,0.3207619047619047,9,"(52, 18)"
5962,5963,5963,3418.0,2.0,1.665,3.748,72.0,0.4442369263607257,9,"(52, 17)"
5963,5964,5964,7026.0,2.0,1.358,0.634,72.0,2.141955835962145,9,"(52, 16)"
5964,5965,5965,3400.0,2.0,1.395,4.145,72.0,0.3365500603136309,9,"(52, 17)"
5965,5966,5966,7036.0,2.0,0.923,0.693,72.0,1.331890331890332,9,"(52, 16)"
5966,5967,5967,4357.0,2.0,13.179,13.182,87.0,0.9997724169321802,9,"(52, 15)"
5967,5968,5968,4353.0,2.0,3.812,3.828,87.0,0.9958202716823408,9,"(52, 14)"
5968,5969,5969,4360.0,2.0,3.466,7.887,87.0,0.4394573348548244,9,"(52, 15)"
5969,5970,5970,4364.0,2.0,3.415,5.572,87.0,0.6128858578607322,9,"(52, 14)"
5970,5971,5971,4350.0,2.0,3.336,5.195,87.0,0.6421559191530317,9,"(52, 13)"
5971,5972,5972,4362.0,2.0,2.964,7.307,87.0,0.4056384289037908,9,"(52, 12)"
5972,5973,5973,4349.0,2.0,2.791,3.768,87.0,0.7407112526539278,9,"(52, 13)"
5973,5974,5974,4431.0,2.0,2.526,3.991,87.0,0.6329240791781507,9,"(52, 12)"
5974,5975,5975,4460.0,2.0,2.477,3.926,87.0,0.6309220580743758,9,"(52, 11)"
5975,5976,5976,4354.0,2.0,2.318,6.324,87.0,0.3665401644528779,9,"(52, 10)"
5976,5977,5977,4456.0,2.0,2.322,3.769,87.0,0.6160785354205359,9,"(52, 11)"
5977,5978,5978,211167.0,2.0,2.227,6.617,87.0,0.3365573522744446,9,"(52, 10)"
5978,5979,5979,4347.0,2.0,2.066,5.823,87.0,0.3547999313068864,9,"(52, 9)"
5979,5980,5980,4489.0,2.0,2.052,6.019,87.0,0.3409204186741983,9,"(52, 8)"
5980,5981,5981,4351.0,2.0,2.052,6.404,87.0,0.3204247345409119,9,"(52, 9)"
5981,5982,5982,274005.0,2.0,1.988,6.67,87.0,0.2980509745127436,9,"(52, 8)"
5982,5983,5983,4345.0,2.0,1.861,3.549,87.0,0.5243730628346013,9,"(52, 7)"
5983,5984,5984,4346.0,2.0,1.684,3.978,87.0,0.4233283056812468,9,"(52, 6)"
5984,5985,5985,4348.0,2.0,1.659,3.55,87.0,0.4673239436619719,9,"(52, 7)"
5985,5986,5986,4361.0,2.0,1.66,4.936,87.0,0.3363047001620745,9,"(52, 6)"
5986,5987,5987,4367.0,2.0,1.66,9.604,87.0,0.1728446480633069,9,"(52, 5)"
5987,5988,5988,4415.0,2.0,1.7,5.336,87.0,0.3185907046476761,9,"(52, 4)"
5988,5989,5989,4356.0,2.0,1.445,5.413,87.0,0.2669499353408461,9,"(52, 5)"
5989,5990,5990,4368.0,2.0,1.359,5.885,87.0,0.2309260832625318,9,"(52, 4)"
5990,5991,5991,4366.0,2.0,1.395,4.591,87.0,0.3038553692006099,9,"(52, 3)"
5991,5992,5992,6685.0,2.0,5.025,3.551,7.0,1.4150943396226416,9,"(52, 2)"
5992,5993,5993,6681.0,2.0,4.138,3.552,7.0,1.1649774774774777,9,"(52, 3)"
5993,5994,5994,6681.0,2.0,4.138,3.552,7.0,1.1649774774774777,9,"(52, 2)"
5994,5995,5995,6684.0,2.0,3.491,3.555,7.0,0.9819971870604782,61,"(53, 2)"
5995,5996,5996,6684.0,2.0,3.491,3.555,7.0,0.9819971870604782,61,"(53, 3)"
5996,5997,5997,6680.0,2.0,3.055,3.556,7.0,0.8591113610798651,61,"(53, 2)"
5997,5998,5998,6678.0,2.0,2.205,3.558,7.0,0.6197301854974705,61,"(53, 3)"
5998,5999,5999,6679.0,2.0,1.43,3.563,7.0,0.40134717934325,61,"(53, 4)"
5999,6000,6000,67580.0,2.0,1.487,3.564,7.0,0.4172278338945006,61,"(53, 5)"
6000,6001,6001,6677.0,2.0,1.359,3.569,7.0,0.3807789296721771,61,"(53, 4)"
6001,6002,6002,3063.0,1.0,0.409,4.597,71.0,0.0889710680878834,61,"(53, 5)"
6002,6003,6003,3395.0,2.0,9.603,13.184,71.0,0.7283828883495146,61,"(53, 6)"
6003,6004,6004,3396.0,2.0,3.238,5.555,71.0,0.582898289828983,61,"(53, 7)"
6004,6005,6005,44997.0,2.0,0.722,7.999,71.0,0.0902612826603325,61,"(53, 6)"
6005,6006,6006,182918.0,2.0,0.405,3.571,71.0,0.1134136096331559,61,"(53, 7)"
6006,6007,6007,,,,,,,61,"(53, 8)"
6007,6008,6008,6575.0,1.0,2.322,7.057,121.0,0.3290350007085164,61,"(53, 9)"
6008,6009,6009,6374.0,1.0,6.166,8.364,117.0,0.7372070779531325,61,"(53, 8)"
6009,6010,6010,6540.0,2.0,2.341,6.744,121.0,0.347123368920522,61,"(53, 9)"
6010,6011,6011,273988.0,2.0,1.44,7.73,121.0,0.186287192755498,61,"(53, 11)"
6011,6012,6012,6557.0,1.0,4.902,13.185,119.0,0.3717861205915813,61,"(53, 10)"
6012,6013,6013,6558.0,1.0,5.061,13.186,119.0,0.3838161686637342,61,"(53, 11)"
6013,6014,6014,6532.0,1.0,4.501,13.188,119.0,0.3412951167728238,61,"(53, 12)"
6014,6015,6015,6553.0,1.0,4.699,13.19,119.0,0.3562547384382107,61,"(53, 13)"
6015,6016,6016,6522.0,1.0,4.59,13.191,119.0,0.3479645212644985,61,"(53, 12)"
6016,6017,6017,6548.0,1.0,3.536,13.193,119.0,0.2680209201849465,61,"(53, 13)"
6017,6018,6018,6527.0,1.0,2.91,7.101,119.0,0.409801436417406,61,"(53, 14)"
6018,6019,6019,6546.0,1.0,2.91,7.259,119.0,0.4008816641410662,61,"(53, 15)"
6019,6020,6020,6524.0,1.0,2.91,6.671,119.0,0.4362164593014541,61,"(53, 14)"
6020,6021,6021,6519.0,1.0,2.964,6.827,119.0,0.4341584883550607,61,"(53, 15)"
6021,6022,6022,6525.0,1.0,2.964,7.405,119.0,0.400270087778528,61,"(53, 16)"
6022,6023,6023,6554.0,1.0,2.964,7.405,119.0,0.400270087778528,61,"(53, 17)"
6023,6024,6024,6533.0,1.0,2.723,13.195,119.0,0.206366047745358,61,"(53, 16)"
6024,6025,6025,6551.0,1.0,2.723,9.61,119.0,0.2833506763787721,61,"(53, 17)"
6025,6026,6026,6547.0,1.0,2.791,13.196,119.0,0.2115034859048196,61,"(53, 18)"
6026,6027,6027,6552.0,1.0,2.791,9.773,119.0,0.2855827279238719,61,"(53, 19)"
6027,6028,6028,6555.0,1.0,2.791,13.197,119.0,0.2114874592710464,61,"(53, 18)"
6028,6029,6029,6549.0,1.0,2.621,8.133,119.0,0.3222673060371327,61,"(53, 19)"
6029,6030,6030,6528.0,1.0,2.542,8.47,119.0,0.3001180637544273,61,"(53, 20)"
6030,6031,6031,6526.0,1.0,2.341,11.426,119.0,0.2048835988097322,61,"(53, 21)"
6031,6032,6032,6518.0,1.0,2.341,7.104,119.0,0.3295326576576576,61,"(53, 20)"
6032,6033,6033,6550.0,1.0,2.205,6.947,119.0,0.3174031956240103,61,"(53, 21)"
6033,6034,6034,6530.0,1.0,2.2,9.111,119.0,0.2414663593458456,61,"(53, 22)"
6034,6035,6035,6534.0,1.0,2.045,8.784,119.0,0.2328096539162112,61,"(53, 23)"
6035,6036,6036,6531.0,1.0,2.117,8.105,119.0,0.2611967921036397,61,"(53, 22)"
6036,6037,6037,6556.0,1.0,2.052,8.606,119.0,0.2384382988612595,61,"(53, 23)"
6037,6038,6038,6529.0,2.0,2.113,9.112,119.0,0.2318920105355575,61,"(53, 24)"
6038,6039,6039,6523.0,2.0,1.972,8.45,119.0,0.2333727810650887,61,"(53, 25)"
6039,6040,6040,,,,,,,61,"(53, 24)"
6040,6041,6041,7.0,1.0,14.835,0.721,5.0,20.575589459084608,61,"(53, 25)"
6041,6042,6042,6436.0,1.0,14.519,0.752,5.0,19.30718085106383,61,"(53, 26)"
6042,6043,6043,6415.0,1.0,10.419,1.114,5.0,9.35278276481149,61,"(53, 27)"
6043,6044,6044,6434.0,1.0,1.684,5.561,5.0,0.3028232332314332,61,"(53, 26)"
6044,6045,6045,6435.0,1.0,1.659,5.284,5.0,0.3139666919000757,61,"(53, 27)"
6045,6046,6046,,,,,,,61,"(53, 31)"
6046,6047,6047,6433.0,1.0,0.931,0.776,5.0,1.199742268041237,61,"(53, 31)"
6047,6048,6048,,,,,,,61,"(53, 33)"
6048,6049,6049,228103.0,1.0,4.268,13.199,108.0,0.3233578301386468,61,"(53, 32)"
6049,6050,6050,5917.0,1.0,4.38,13.2,108.0,0.3318181818181818,61,"(53, 33)"
6050,6051,6051,5919.0,1.0,4.59,13.201,108.0,0.3477009317475948,61,"(53, 34)"
6051,6052,6052,5926.0,1.0,4.451,13.202,108.0,0.3371458869868201,61,"(53, 35)"
6052,6053,6053,5921.0,1.0,4.426,13.203,108.0,0.3352268423843066,61,"(53, 34)"
6053,6054,6054,5924.0,1.0,3.238,3.572,108.0,0.906494960806271,61,"(53, 35)"
6054,6055,6055,5928.0,1.0,3.287,3.715,108.0,0.8847913862718708,61,"(53, 36)"
6055,6056,6056,5915.0,1.0,3.287,4.067,108.0,0.8082124416031472,61,"(53, 37)"
6056,6057,6057,5925.0,1.0,3.287,3.859,108.0,0.8517750712619849,61,"(53, 36)"
6057,6058,6058,109869.0,1.0,3.145,8.841,108.0,0.3557289899332655,61,"(53, 37)"
6058,6059,6059,5918.0,1.0,2.86,7.511,108.0,0.3807748635334842,61,"(53, 38)"
6059,6060,6060,5922.0,1.0,2.698,3.573,108.0,0.7551077525888609,61,"(53, 39)"
6060,6061,6061,5923.0,1.0,2.791,3.576,108.0,0.7804809843400448,61,"(53, 38)"
6061,6062,6062,5920.0,1.0,1.358,9.115,108.0,0.1489851892484915,61,"(53, 39)"
6062,6063,6063,5902.0,1.0,31.0,3.58,108.0,8.659217877094973,61,"(53, 40)"
6063,6064,6064,5914.0,1.0,0.144,0.469,108.0,0.3070362473347548,61,"(53, 41)"
6064,6065,6065,,,,,,,61,"(53, 40)"
6065,6066,6066,4510.0,1.0,5.388,13.204,88.0,0.4080581641926689,61,"(53, 41)"
6066,6067,6067,4475.0,1.0,4.161,3.581,88.0,1.1619659313041049,61,"(53, 42)"
6067,6068,6068,4480.0,1.0,3.879,4.328,88.0,0.896256931608133,61,"(53, 43)"
6068,6069,6069,4593.0,1.0,3.879,9.77,88.0,0.3970317297850563,61,"(53, 42)"
6069,6070,6070,4601.0,1.0,3.782,3.582,88.0,1.0558347292015635,61,"(53, 43)"
6070,6071,6071,4602.0,1.0,3.596,3.585,88.0,1.003068340306834,61,"(53, 44)"
6071,6072,6072,4602.0,1.0,3.596,3.585,88.0,1.003068340306834,61,"(53, 45)"
6072,6073,6073,4481.0,1.0,3.608,9.336,88.0,0.3864610111396744,61,"(53, 44)"
6073,6074,6074,4599.0,1.0,3.313,3.586,88.0,0.9238706079196878,61,"(53, 45)"
6074,6075,6075,4602.0,1.0,3.596,3.585,88.0,1.003068340306834,61,"(53, 46)"
6075,6076,6076,4602.0,1.0,3.596,3.585,88.0,1.003068340306834,61,"(53, 47)"
6076,6077,6077,4590.0,1.0,3.536,4.258,88.0,0.8304368248003757,61,"(53, 46)"
6077,6078,6078,4597.0,1.0,3.063,4.841,88.0,0.632720512290849,61,"(53, 47)"
6078,6079,6079,4600.0,1.0,2.666,3.675,88.0,0.7254421768707483,61,"(53, 48)"
6079,6080,6080,4484.0,1.0,2.647,3.587,88.0,0.7379425703930861,61,"(53, 49)"
6080,6081,6081,4586.0,1.0,2.567,3.588,88.0,0.7154403567447046,61,"(53, 48)"
6081,6082,6082,4598.0,1.0,2.477,3.68,88.0,0.6730978260869565,61,"(53, 49)"
6082,6083,6083,4485.0,1.0,2.318,3.604,88.0,0.6431742508324084,61,"(53, 50)"
6083,6084,6084,126664.0,1.0,2.332,3.605,88.0,0.646879334257975,61,"(53, 51)"
6084,6085,6085,4591.0,1.0,2.37,3.617,88.0,0.6552391484655793,61,"(53, 50)"
6085,6086,6086,4588.0,1.0,2.205,3.619,88.0,0.609284332688588,61,"(53, 51)"
6086,6087,6087,134739.0,1.0,2.113,3.621,88.0,0.5835404584368958,61,"(53, 52)"
6087,6088,6088,4594.0,1.0,2.119,3.624,88.0,0.5847130242825608,61,"(53, 53)"
6088,6089,6089,4479.0,1.0,1.972,3.632,88.0,0.5429515418502202,61,"(53, 52)"
6089,6090,6090,4482.0,1.0,27.0,5.176,88.0,5.216383307573415,61,"(53, 53)"
6090,6091,6091,4596.0,1.0,1.988,3.639,88.0,0.546303929651003,61,"(53, 54)"
6091,6092,6092,4483.0,1.0,1.963,3.64,88.0,0.5392857142857143,61,"(53, 54)"
6092,6093,6093,4603.0,1.0,1.7,3.656,88.0,0.4649890590809628,61,"(53, 55)"
6093,6094,6094,4595.0,1.0,1.575,3.662,88.0,0.4300928454396505,61,"(53, 56)"
6094,6095,6095,4587.0,1.0,1.596,3.681,88.0,0.4335778321108394,61,"(53, 57)"
6095,6096,6096,4589.0,1.0,1.594,3.682,88.0,0.4329168929929387,61,"(53, 56)"
6096,6097,6097,4592.0,1.0,1.594,3.683,88.0,0.4327993483573174,61,"(53, 57)"
6097,6098,6098,,,,,,,61,"(53, 58)"
6098,6099,6099,,,,,,,61,"(53, 59)"
6099,6100,6100,,,,,,,61,"(53, 58)"
6100,6101,6101,2913.0,1.0,6.632,13.206,68.0,0.5021959715280933,61,"(53, 59)"
6101,6102,6102,2938.0,1.0,6.184,13.207,68.0,0.4682365412281365,61,"(53, 60)"
6102,6103,6103,220133.0,1.0,5.616,13.208,68.0,0.4251968503937007,61,"(53, 61)"
6103,6104,6104,2927.0,1.0,4.643,13.816,68.0,0.3360596409959467,61,"(53, 60)"
6104,6105,6105,2916.0,1.0,4.423,16.06,68.0,0.2754047322540473,61,"(53, 61)"
6105,6106,6106,2922.0,1.0,4.34,13.262,68.0,0.3272507917357864,62,"(54, 61)"
6106,6107,6107,140941.0,1.0,4.161,13.879,68.0,0.2998054614885798,62,"(54, 60)"
6107,6108,6108,22264.0,1.0,3.998,13.326,68.0,0.30001500825454,62,"(54, 61)"
6108,6109,6109,2933.0,1.0,3.731,9.611,68.0,0.3882010196649672,62,"(54, 60)"
6109,6110,6110,199297.0,1.0,3.727,3.695,68.0,1.008660351826793,62,"(54, 59)"
6110,6111,6111,2944.0,1.0,3.344,11.545,68.0,0.2896491987873538,62,"(54, 58)"
6111,6112,6112,2943.0,1.0,3.344,13.209,68.0,0.253160723748959,62,"(54, 59)"
6112,6113,6113,59515.0,1.0,3.398,3.696,68.0,0.9193722943722944,62,"(54, 58)"
6113,6114,6114,2915.0,1.0,3.055,3.698,68.0,0.8261222282314765,62,"(54, 57)"
6114,6115,6115,2936.0,1.0,3.055,3.699,68.0,0.8258988915923223,62,"(54, 56)"
6115,6116,6116,24185.0,1.0,18.0,13.211,68.0,1.3625009461812123,62,"(54, 57)"
6116,6117,6117,152176.0,1.0,2.875,11.531,68.0,0.249327898707831,62,"(54, 56)"
6117,6118,6118,2932.0,1.0,2.647,8.787,68.0,0.3012404688744736,62,"(54, 55)"
6118,6119,6119,2924.0,1.0,2.567,8.679,68.0,0.2957714022352806,62,"(54, 54)"
6119,6120,6120,2937.0,1.0,2.477,9.119,68.0,0.2716306612567167,62,"(54, 55)"
6120,6121,6121,2929.0,1.0,2.318,3.7,68.0,0.6264864864864865,62,"(54, 54)"
6121,6122,6122,2917.0,1.0,2.471,3.701,68.0,0.6676573898946231,62,"(54, 53)"
6122,6123,6123,2909.0,1.0,2.367,7.335,68.0,0.3226993865030675,62,"(54, 52)"
6123,6124,6124,2935.0,1.0,2.045,5.867,68.0,0.3485597409238111,62,"(54, 53)"
6124,6125,6125,2918.0,1.0,2.119,6.949,68.0,0.3049359620089222,62,"(54, 52)"
6125,6126,6126,2942.0,1.0,1.972,13.212,68.0,0.1492582500756887,62,"(54, 51)"
6126,6127,6127,2919.0,1.0,1.664,3.706,68.0,0.4490016189962223,62,"(54, 50)"
6127,6128,6128,2923.0,1.0,1.577,7.357,68.0,0.2143536767704227,62,"(54, 51)"
6128,6129,6129,7017.0,1.0,1.384,0.791,68.0,1.7496839443742096,62,"(54, 50)"
6129,6130,6130,2912.0,1.0,1.192,3.707,68.0,0.3215538171027785,62,"(54, 49)"
6130,6131,6131,6982.0,1.0,1.117,0.516,68.0,2.1647286821705425,62,"(54, 48)"
6131,6132,6132,2928.0,1.0,0.957,3.775,68.0,0.2535099337748344,62,"(54, 49)"
6132,6133,6133,7027.0,1.0,0.707,0.554,68.0,1.276173285198556,62,"(54, 48)"
6133,6134,6134,7028.0,1.0,0.569,0.81,68.0,0.7024691358024691,62,"(54, 47)"
6134,6135,6135,2934.0,1.0,0.569,3.777,68.0,0.1506486629600211,62,"(54, 46)"
6135,6136,6136,,,,,,,62,"(54, 47)"
6136,6137,6137,,,,,,,62,"(54, 46)"
6137,6138,6138,,,,,,,62,"(54, 45)"
6138,6139,6139,4584.0,1.0,15.046,3.778,90.0,3.9825304393859184,62,"(54, 44)"
6139,6140,6140,4644.0,1.0,5.796,6.469,90.0,0.8959653733189056,62,"(54, 45)"
6140,6141,6141,4646.0,1.0,5.587,6.162,90.0,0.906686140863356,62,"(54, 44)"
6141,6142,6142,4667.0,1.0,3.812,5.431,90.0,0.7018965199779046,62,"(54, 43)"
6142,6143,6143,73400.0,1.0,3.145,5.706,90.0,0.5511742025937609,62,"(54, 42)"
6143,6144,6144,4654.0,1.0,2.964,5.707,90.0,0.5193621867881549,62,"(54, 43)"
6144,6145,6145,301698.0,1.0,2.621,3.78,90.0,0.6933862433862434,62,"(54, 42)"
6145,6146,6146,4645.0,1.0,2.543,3.786,90.0,0.6716851558372954,62,"(54, 41)"
6146,6147,6147,4642.0,1.0,2.543,3.786,90.0,0.6716851558372954,62,"(54, 40)"
6147,6148,6148,4637.0,1.0,2.428,5.791,90.0,0.4192712830253842,62,"(54, 41)"
6148,6149,6149,4648.0,1.0,2.527,4.842,90.0,0.5218917802560926,62,"(54, 40)"
6149,6150,6150,4643.0,1.0,2.205,3.789,90.0,0.5819477434679335,62,"(54, 39)"
6150,6151,6151,4680.0,1.0,1.487,3.79,90.0,0.3923482849604222,62,"(54, 38)"
6151,6152,6152,4671.0,1.0,1.445,3.793,90.0,0.3809649354073293,62,"(54, 39)"
6152,6153,6153,4658.0,1.0,1.125,3.794,90.0,0.2965208223510806,62,"(54, 38)"
6153,6154,6154,4660.0,1.0,1.117,3.795,90.0,0.29433465085639,62,"(54, 37)"
6154,6155,6155,4668.0,1.0,1.117,3.802,90.0,0.293792740662809,62,"(54, 36)"
6155,6156,6156,4684.0,1.0,1.117,3.815,90.0,0.2927916120576671,62,"(54, 37)"
6156,6157,6157,4639.0,1.0,1.117,3.816,90.0,0.2927148846960168,62,"(54, 36)"
6157,6158,6158,4663.0,1.0,1.085,3.817,90.0,0.2842546502488865,62,"(54, 35)"
6158,6159,6159,4652.0,1.0,1.085,3.829,90.0,0.2833638025594149,62,"(54, 34)"
6159,6160,6160,4681.0,1.0,0.931,3.836,90.0,0.2427007299270073,62,"(54, 35)"
6160,6161,6161,4653.0,1.0,0.913,3.837,90.0,0.2379463122230909,62,"(54, 34)"
6161,6162,6162,4679.0,1.0,0.836,3.839,90.0,0.2177650429799426,62,"(54, 33)"
6162,6163,6163,4636.0,1.0,0.722,3.86,90.0,0.1870466321243523,62,"(54, 32)"
6163,6164,6164,,,,,,,62,"(54, 33)"
6164,6165,6165,,,,,,,62,"(54, 32)"
6165,6166,6166,,,,,,,62,"(54, 31)"
6166,6167,6167,4392.0,1.0,9.064,1.109,85.0,8.173128944995492,62,"(54, 31)"
6167,6168,6168,6457.0,2.0,4.138,9.385,5.0,0.4409163558870538,62,"(54, 27)"
6168,6169,6169,6456.0,2.0,3.855,13.213,5.0,0.291758117005979,62,"(54, 26)"
6169,6170,6170,6452.0,2.0,1.684,4.982,5.0,0.3380168606985146,62,"(54, 27)"
6170,6171,6171,6462.0,2.0,1.358,9.606,5.0,0.1413699770976473,62,"(54, 26)"
6171,6172,6172,6460.0,2.0,1.208,8.279,5.0,0.1459113419495108,62,"(54, 25)"
6172,6173,6173,6455.0,2.0,1.064,6.679,5.0,0.1593052852223386,62,"(54, 24)"
6173,6174,6174,6454.0,2.0,0.917,3.882,5.0,0.2362184441009789,62,"(54, 25)"
6174,6175,6175,6458.0,2.0,0.931,0.341,5.0,2.730205278592375,62,"(54, 24)"
6175,6176,6176,6461.0,2.0,0.534,0.461,5.0,1.158351409978308,62,"(54, 23)"
6176,6177,6177,6453.0,2.0,0.409,3.883,5.0,0.1053309296935359,62,"(54, 22)"
6177,6178,6178,54496.0,2.0,0.29,3.886,5.0,0.0746268656716417,62,"(54, 23)"
6178,6179,6179,6459.0,2.0,0.281,0.202,5.0,1.3910891089108912,62,"(54, 22)"
6179,6180,6180,6463.0,2.0,0.281,3.888,5.0,0.0722736625514403,62,"(54, 21)"
6180,6181,6181,6464.0,2.0,0.258,0.187,5.0,1.3796791443850267,62,"(54, 20)"
6181,6182,6182,6467.0,2.0,0.059,0.046,5.0,1.2826086956521738,62,"(54, 21)"
6182,6183,6183,5904.0,2.0,1.467,0.851,108.0,1.7238542890716806,62,"(54, 20)"
6183,6184,6184,5927.0,2.0,0.913,1.221,108.0,0.7477477477477478,62,"(54, 19)"
6184,6185,6185,5905.0,2.0,0.632,3.889,108.0,0.1625096425816405,62,"(54, 18)"
6185,6186,6186,4502.0,2.0,6.427,12.042,88.0,0.5337153296794552,62,"(54, 19)"
6186,6187,6187,4524.0,2.0,6.167,5.034,88.0,1.2250695272149383,62,"(54, 18)"
6187,6188,6188,4504.0,2.0,6.042,7.176,88.0,0.8419732441471571,62,"(54, 17)"
6188,6189,6189,4525.0,2.0,5.27,11.557,88.0,0.4560006922211646,62,"(54, 16)"
6189,6190,6190,4517.0,2.0,5.135,13.214,88.0,0.3886029968215528,62,"(54, 17)"
6190,6191,6191,4518.0,2.0,3.914,4.319,88.0,0.9062282935864784,62,"(54, 16)"
6191,6192,6192,4476.0,2.0,3.944,6.41,88.0,0.6152886115444618,62,"(54, 15)"
6192,6193,6193,4523.0,2.0,3.719,9.191,88.0,0.4046349689914046,62,"(54, 14)"
6193,6194,6194,4514.0,2.0,3.491,3.89,88.0,0.8974293059125964,62,"(54, 15)"
6194,6195,6195,114421.0,2.0,18.0,3.893,88.0,4.623683534549191,62,"(54, 14)"
6195,6196,6196,4495.0,2.0,2.719,4.598,88.0,0.5913440626359286,62,"(54, 13)"
6196,6197,6197,4505.0,2.0,2.428,3.906,88.0,0.6216077828981055,62,"(54, 12)"
6197,6198,6198,4496.0,2.0,2.449,3.91,88.0,0.6263427109974424,62,"(54, 13)"
6198,6199,6199,274115.0,2.0,2.449,3.91,88.0,0.6263427109974424,62,"(54, 12)"
6199,6200,6200,142248.0,2.0,2.527,3.913,88.0,0.6457960644007156,62,"(54, 11)"
6200,6201,6201,4519.0,2.0,2.567,3.916,88.0,0.6555158324821246,62,"(54, 10)"
6201,6202,6202,4509.0,2.0,2.37,3.917,88.0,0.6050548889456216,62,"(54, 11)"
6202,6203,6203,4507.0,2.0,2.2,3.918,88.0,0.5615109749872385,62,"(54, 10)"
6203,6204,6204,4515.0,2.0,2.045,3.919,88.0,0.5218167899974483,62,"(54, 9)"
6204,6205,6205,4493.0,2.0,1.972,3.921,88.0,0.5029329252741648,62,"(54, 8)"
6205,6206,6206,4512.0,2.0,1.972,3.922,88.0,0.5028046914839367,62,"(54, 9)"
6206,6207,6207,4492.0,2.0,1.972,3.162,88.0,0.6236559139784946,62,"(54, 8)"
6207,6208,6208,4501.0,2.0,27.0,3.197,88.0,8.445417578980294,62,"(54, 7)"
6208,6209,6209,4522.0,2.0,27.0,3.224,88.0,8.37468982630273,62,"(54, 6)"
6209,6210,6210,4490.0,2.0,27.0,3.117,88.0,8.662175168431183,62,"(54, 7)"
6210,6211,6211,4497.0,2.0,1.821,3.923,88.0,0.4641855722661228,62,"(54, 6)"
6211,6212,6212,4516.0,2.0,27.0,5.176,88.0,5.216383307573415,62,"(54, 5)"
6212,6213,6213,4516.0,2.0,27.0,5.176,88.0,5.216383307573415,62,"(54, 4)"
6213,6214,6214,4506.0,2.0,1.963,3.925,88.0,0.5001273885350319,62,"(54, 5)"
6214,6215,6215,296440.0,2.0,1.963,3.933,88.0,0.4991100940757692,62,"(54, 4)"
6215,6216,6216,4513.0,2.0,1.805,3.943,88.0,0.4577732690844534,62,"(54, 3)"
6216,6217,6217,4491.0,2.0,1.66,3.95,88.0,0.420253164556962,62,"(54, 2)"
6217,6218,6218,4494.0,2.0,1.66,3.951,88.0,0.4201467982789167,62,"(54, 3)"
6218,6219,6219,4521.0,2.0,1.664,3.952,88.0,0.4210526315789473,62,"(54, 2)"
6219,6220,6220,4474.0,2.0,1.596,3.953,88.0,0.4037439919048824,63,"(55, 2)"
6220,6221,6221,4499.0,2.0,1.596,4.72,88.0,0.338135593220339,63,"(55, 3)"
6221,6222,6222,4604.0,2.0,1.483,4.661,88.0,0.3181720660802403,63,"(55, 2)"
6222,6223,6223,4520.0,2.0,1.304,5.103,88.0,0.255535959239663,63,"(55, 3)"
6223,6224,6224,3269.0,2.0,5.681,13.215,68.0,0.4298902762012864,63,"(55, 4)"
6224,6225,6225,3247.0,2.0,5.518,13.219,68.0,0.4174294575989106,63,"(55, 5)"
6225,6226,6226,3258.0,2.0,5.775,13.22,68.0,0.4368381240544629,63,"(55, 4)"
6226,6227,6227,3273.0,2.0,4.451,15.931,68.0,0.2793923796371853,63,"(55, 5)"
6227,6228,6228,3250.0,2.0,4.174,14.851,68.0,0.2810585145781429,63,"(55, 6)"
6228,6229,6229,299700.0,2.0,4.161,13.879,68.0,0.2998054614885798,63,"(55, 7)"
6229,6230,6230,3266.0,2.0,3.914,13.221,68.0,0.2960441721503668,63,"(55, 6)"
6230,6231,6231,3259.0,2.0,3.608,9.337,68.0,0.3864196208632323,63,"(55, 7)"
6231,6232,6232,3257.0,2.0,3.727,13.222,68.0,0.2818786870367569,63,"(55, 8)"
6232,6233,6233,3265.0,2.0,3.377,11.552,68.0,0.2923303324099723,63,"(55, 9)"
6233,6234,6234,3263.0,2.0,2.542,13.223,68.0,0.1922407925584209,63,"(55, 8)"
6234,6235,6235,3271.0,2.0,2.37,3.964,68.0,0.5978809283551968,63,"(55, 9)"
6235,6236,6236,3261.0,2.0,2.168,6.979,68.0,0.3106462243874481,63,"(55, 10)"
6236,6237,6237,3246.0,2.0,2.227,6.955,68.0,0.3202012940330697,63,"(55, 11)"
6237,6238,6238,3245.0,2.0,2.133,6.218,68.0,0.343036346091991,63,"(55, 10)"
6238,6239,6239,98869.0,2.0,2.133,8.678,68.0,0.2457939617423369,63,"(55, 11)"
6239,6240,6240,3253.0,2.0,2.2,6.011,68.0,0.3659956745965729,63,"(55, 12)"
6240,6241,6241,3254.0,2.0,2.2,5.792,68.0,0.3798342541436464,63,"(55, 13)"
6241,6242,6242,2910.0,2.0,2.045,13.224,68.0,0.1546430732002419,63,"(55, 12)"
6242,6243,6243,3251.0,2.0,2.045,5.623,68.0,0.3636848657300373,63,"(55, 13)"
6243,6244,6244,3244.0,2.0,2.045,6.233,68.0,0.3280924113588962,63,"(55, 14)"
6244,6245,6245,3241.0,2.0,2.141,13.225,68.0,0.1618903591682419,63,"(55, 15)"
6245,6246,6246,3274.0,2.0,27.0,13.228,68.0,2.041124886604173,63,"(55, 14)"
6246,6247,6247,3248.0,2.0,1.931,13.319,68.0,0.1449808544184999,63,"(55, 15)"
6247,6248,6248,3242.0,2.0,1.931,13.491,68.0,0.1431324586761544,63,"(55, 16)"
6248,6249,6249,3260.0,2.0,1.775,3.965,68.0,0.4476670870113493,63,"(55, 17)"
6249,6250,6250,3270.0,2.0,1.7,3.967,68.0,0.4285354171918326,63,"(55, 16)"
6250,6251,6251,3240.0,2.0,1.577,8.076,68.0,0.1952699356116889,63,"(55, 17)"
6251,6252,6252,3255.0,2.0,1.577,7.917,68.0,0.1991916129847164,63,"(55, 18)"
6252,6253,6253,3256.0,2.0,1.467,7.193,68.0,0.2039482830529682,63,"(55, 19)"
6253,6254,6254,3252.0,2.0,1.222,3.968,68.0,0.3079637096774194,63,"(55, 18)"
6254,6255,6255,3267.0,2.0,1.192,3.969,68.0,0.3003275384227765,63,"(55, 19)"
6255,6256,6256,3238.0,2.0,1.192,3.97,68.0,0.3002518891687657,63,"(55, 20)"
6256,6257,6257,3268.0,2.0,1.004,4.211,68.0,0.2384231773925433,63,"(55, 21)"
6257,6258,6258,7033.0,2.0,1.125,0.528,68.0,2.130681818181818,63,"(55, 20)"
6258,6259,6259,7033.0,2.0,1.125,0.528,68.0,2.130681818181818,63,"(55, 21)"
6259,6260,6260,3262.0,2.0,0.913,3.976,68.0,0.2296277665995976,63,"(55, 22)"
6260,6261,6261,4657.0,2.0,5.388,6.487,90.0,0.8305842454139047,63,"(55, 23)"
6261,6262,6262,4655.0,2.0,3.914,5.756,90.0,0.6799861014593468,63,"(55, 22)"
6262,6263,6263,4662.0,2.0,3.782,5.835,90.0,0.6481576692373607,63,"(55, 23)"
6263,6264,6264,4666.0,2.0,3.88,5.696,90.0,0.6811797752808989,63,"(55, 24)"
6264,6265,6265,4682.0,2.0,3.558,6.752,90.0,0.5269549763033176,63,"(55, 25)"
6265,6266,6266,4670.0,2.0,3.287,4.408,90.0,0.7456896551724137,63,"(55, 24)"
6266,6267,6267,4678.0,2.0,3.415,4.09,90.0,0.8349633251833741,63,"(55, 25)"
6267,6268,6268,4647.0,2.0,3.415,4.358,90.0,0.7836163377696191,63,"(55, 26)"
6268,6269,6269,4649.0,2.0,2.91,4.361,90.0,0.6672781472139419,63,"(55, 27)"
6269,6270,6270,4650.0,2.0,2.91,4.6,90.0,0.632608695652174,63,"(55, 26)"
6270,6271,6271,4672.0,2.0,2.964,4.297,90.0,0.6897835699325111,63,"(55, 27)"
6271,6272,6272,4219.0,1.0,5.349,7.55,85.0,0.708476821192053,63,"(55, 31)"
6272,6273,6273,4229.0,1.0,5.277,6.587,85.0,0.8011234249278884,63,"(55, 31)"
6273,6274,6274,4143.0,1.0,5.284,6.672,85.0,0.7919664268585132,63,"(55, 32)"
6274,6275,6275,4189.0,1.0,5.364,7.053,85.0,0.7605274351339856,63,"(55, 33)"
6275,6276,6276,4198.0,1.0,5.278,5.517,85.0,0.9566793547217688,63,"(55, 32)"
6276,6277,6277,4220.0,1.0,5.388,6.773,85.0,0.7955115901373099,63,"(55, 33)"
6277,6278,6278,4273.0,1.0,5.239,7.061,85.0,0.7419628947741113,63,"(55, 34)"
6278,6279,6279,4270.0,1.0,5.179,6.956,85.0,0.7445370902817712,63,"(55, 35)"
6279,6280,6280,4167.0,1.0,4.874,6.68,85.0,0.7296407185628743,63,"(55, 34)"
6280,6281,6281,4173.0,1.0,4.884,8.834,85.0,0.5528639347973738,63,"(55, 35)"
6281,6282,6282,4207.0,1.0,4.554,5.09,85.0,0.8946954813359529,63,"(55, 36)"
6282,6283,6283,4131.0,1.0,4.268,4.584,85.0,0.931064572425829,63,"(55, 37)"
6283,6284,6284,4179.0,1.0,4.268,4.844,85.0,0.8810900082576382,63,"(55, 36)"
6284,6285,6285,4223.0,1.0,3.547,8.837,85.0,0.4013805590132398,63,"(55, 37)"
6285,6286,6286,4231.0,1.0,3.491,6.329,85.0,0.5515879285827145,63,"(55, 38)"
6286,6287,6287,4121.0,1.0,3.377,8.793,85.0,0.3840554986921415,63,"(55, 39)"
6287,6288,6288,4180.0,1.0,3.398,3.992,85.0,0.8512024048096193,63,"(55, 38)"
6288,6289,6289,4224.0,1.0,3.398,9.251,85.0,0.3673116419846503,63,"(55, 39)"
6289,6290,6290,4165.0,1.0,3.336,3.993,85.0,0.8354620586025545,63,"(55, 40)"
6290,6291,6291,4168.0,1.0,3.055,8.714,85.0,0.3505852650906587,63,"(55, 41)"
6291,6292,6292,4124.0,1.0,3.162,5.546,85.0,0.570140641904075,63,"(55, 40)"
6292,6293,6293,4232.0,1.0,3.162,4.298,85.0,0.7356910190786412,63,"(55, 41)"
6293,6294,6294,4269.0,1.0,18.0,5.285,85.0,3.4058656575212867,63,"(55, 42)"
6294,6295,6295,4239.0,1.0,18.0,6.057,85.0,2.9717682020802374,63,"(55, 43)"
6295,6296,6296,4235.0,1.0,3.001,4.758,85.0,0.6307271963009667,63,"(55, 42)"
6296,6297,6297,4184.0,1.0,2.799,4.377,85.0,0.6394790952707334,63,"(55, 43)"
6297,6298,6298,4186.0,1.0,2.666,6.131,85.0,0.4348393410536617,63,"(55, 44)"
6298,6299,6299,4176.0,1.0,2.584,4.246,85.0,0.6085727743758831,63,"(55, 45)"
6299,6300,6300,4205.0,1.0,2.621,4.304,85.0,0.6089684014869888,63,"(55, 44)"
6300,6301,6301,4276.0,1.0,2.718,6.414,85.0,0.4237605238540692,63,"(55, 45)"
6301,6302,6302,4204.0,1.0,2.428,3.994,85.0,0.6079118678017025,63,"(55, 46)"
6302,6303,6303,4202.0,1.0,2.526,3.996,85.0,0.632132132132132,63,"(55, 47)"
6303,6304,6304,4277.0,1.0,2.526,4.442,85.0,0.5686627645204863,63,"(55, 46)"
6304,6305,6305,4177.0,1.0,2.477,5.934,85.0,0.4174250084260195,63,"(55, 47)"
6305,6306,6306,4181.0,1.0,2.318,4.305,85.0,0.5384436701509873,63,"(55, 48)"
6306,6307,6307,4191.0,1.0,2.514,4.002,85.0,0.6281859070464767,63,"(55, 49)"
6307,6308,6308,113061.0,1.0,2.332,4.722,85.0,0.4938585345192714,63,"(55, 48)"
6308,6309,6309,4209.0,1.0,2.2,4.845,85.0,0.4540763673890609,63,"(55, 49)"
6309,6310,6310,4211.0,1.0,2.117,4.869,85.0,0.4347915383035531,63,"(55, 50)"
6310,6311,6311,4178.0,1.0,2.119,4.004,85.0,0.5292207792207794,63,"(55, 51)"
6311,6312,6312,4236.0,1.0,2.066,4.133,85.0,0.4998790225018146,63,"(55, 50)"
6312,6313,6313,4208.0,1.0,1.861,4.904,85.0,0.3794861337683524,63,"(55, 51)"
6313,6314,6314,4215.0,1.0,1.861,4.642,85.0,0.40090478242137,63,"(55, 52)"
6314,6315,6315,4203.0,1.0,1.861,4.731,85.0,0.3933629253857535,63,"(55, 53)"
6315,6316,6316,4267.0,1.0,1.764,4.796,85.0,0.3678065054211843,63,"(55, 52)"
6316,6317,6317,31593.0,1.0,1.764,4.009,85.0,0.4400099775505113,63,"(55, 53)"
6317,6318,6318,4135.0,1.0,1.7,4.011,85.0,0.4238344552480678,63,"(55, 54)"
6318,6319,6319,4241.0,1.0,1.7,4.247,85.0,0.4002825523899223,63,"(55, 55)"
6319,6320,6320,164151.0,1.0,1.7,4.32,85.0,0.3935185185185185,63,"(55, 54)"
6320,6321,6321,4174.0,1.0,1.575,4.046,85.0,0.389273356401384,63,"(55, 55)"
6321,6322,6322,4171.0,1.0,1.665,4.017,85.0,0.414488424197162,63,"(55, 56)"
6322,6323,6323,4218.0,1.0,1.665,4.018,85.0,0.4143852663016426,63,"(55, 57)"
6323,6324,6324,4182.0,1.0,1.665,4.019,85.0,0.4142821597412292,63,"(55, 56)"
6324,6325,6325,4172.0,1.0,1.664,4.146,85.0,0.4013506994693681,63,"(55, 57)"
6325,6326,6326,4166.0,1.0,1.664,4.02,85.0,0.4139303482587065,63,"(55, 58)"
6326,6327,6327,4237.0,1.0,1.596,4.021,85.0,0.3969161900024869,63,"(55, 59)"
6327,6328,6328,4240.0,1.0,1.577,4.395,85.0,0.3588168373151308,63,"(55, 58)"
6328,6329,6329,4190.0,1.0,1.43,4.023,85.0,0.3554561272682078,63,"(55, 59)"
6329,6330,6330,4185.0,1.0,1.487,4.024,85.0,0.3695328031809145,63,"(55, 60)"
6330,6331,6331,4222.0,1.0,1.467,4.025,85.0,0.3644720496894409,63,"(55, 61)"
6331,6332,6332,4192.0,1.0,1.467,4.034,85.0,0.3636588993554784,63,"(55, 60)"
6332,6333,6333,4227.0,1.0,1.359,4.04,85.0,0.3363861386138614,63,"(55, 61)"
6333,6334,6334,4183.0,1.0,1.358,3.491,85.0,0.3890002864508737,12,"(56, 61)"
6334,6335,6335,4268.0,1.0,1.395,4.041,85.0,0.3452115812917594,12,"(56, 60)"
6335,6336,6336,4175.0,1.0,1.395,4.043,85.0,0.3450408112787534,12,"(56, 61)"
6336,6337,6337,4169.0,1.0,1.331,4.047,85.0,0.3288855942673585,12,"(56, 60)"
6337,6338,6338,4126.0,1.0,1.331,4.048,85.0,0.3288043478260869,12,"(56, 59)"
6338,6339,6339,4221.0,1.0,1.326,4.05,85.0,0.3274074074074074,12,"(56, 58)"
6339,6340,6340,4274.0,1.0,1.326,4.147,85.0,0.3197492163009404,12,"(56, 59)"
6340,6341,6341,4170.0,1.0,1.195,4.051,85.0,0.2949888916316959,12,"(56, 58)"
6341,6342,6342,4213.0,1.0,1.195,4.052,85.0,0.2949160908193485,12,"(56, 57)"
6342,6343,6343,4161.0,1.0,1.208,4.334,85.0,0.2787263497923397,12,"(56, 56)"
6343,6344,6344,4162.0,1.0,1.202,4.199,85.0,0.286258633007859,12,"(56, 57)"
6344,6345,6345,4238.0,1.0,1.084,4.054,85.0,0.2673902318697582,12,"(56, 56)"
6345,6346,6346,4271.0,1.0,1.084,4.055,85.0,0.267324290998767,12,"(56, 55)"
6346,6347,6347,4228.0,1.0,1.084,4.751,85.0,0.2281624921069248,12,"(56, 54)"
6347,6348,6348,4217.0,1.0,1.084,4.059,85.0,0.2670608524267061,12,"(56, 54)"
6348,6349,6349,4164.0,1.0,1.125,4.061,85.0,0.2770253632110317,12,"(56, 53)"
6349,6350,6350,4163.0,1.0,1.125,4.062,85.0,0.276957163958641,12,"(56, 52)"
6350,6351,6351,4230.0,1.0,1.085,1.351,85.0,0.8031088082901554,12,"(56, 53)"
6351,6352,6352,4206.0,1.0,1.004,4.063,85.0,0.2471080482402166,12,"(56, 52)"
6352,6353,6353,4200.0,1.0,1.004,1.352,85.0,0.7426035502958579,12,"(56, 51)"
6353,6354,6354,4199.0,1.0,1.064,4.064,85.0,0.2618110236220473,12,"(56, 50)"
6354,6355,6355,4226.0,1.0,0.917,4.065,85.0,0.2255842558425584,12,"(56, 51)"
6355,6356,6356,4210.0,1.0,0.591,4.075,85.0,0.1450306748466257,12,"(56, 50)"
6356,6357,6357,4201.0,1.0,0.509,4.077,85.0,0.1248467010056414,12,"(56, 49)"
6357,6358,6358,,,,,,,12,"(56, 48)"
6358,6359,6359,,,,,,,12,"(56, 49)"
6359,6360,6360,,,,,,,12,"(56, 48)"
6360,6361,6361,600.0,1.0,5.587,5.986,24.0,0.9333444704310055,12,"(56, 47)"
6361,6362,6362,598.0,1.0,5.737,5.863,24.0,0.9785092955824662,12,"(56, 46)"
6362,6363,6363,610.0,1.0,4.997,5.404,24.0,0.9246854182087344,12,"(56, 47)"
6363,6364,6364,611.0,1.0,4.997,5.508,24.0,0.9072258533042846,12,"(56, 46)"
6364,6365,6365,623.0,1.0,4.009,8.612,24.0,0.465513237343242,12,"(56, 45)"
6365,6366,6366,629.0,1.0,3.998,8.0,24.0,0.49975,12,"(56, 44)"
6366,6367,6367,606.0,1.0,3.998,8.471,24.0,0.4719631684570889,12,"(56, 45)"
6367,6368,6368,154955.0,1.0,2.332,6.247,24.0,0.3732991836081319,12,"(56, 44)"
6368,6369,6369,602.0,1.0,2.045,4.848,24.0,0.4218234323432343,12,"(56, 43)"
6369,6370,6370,613.0,1.0,2.045,4.797,24.0,0.4263081092349385,12,"(56, 42)"
6370,6371,6371,625.0,1.0,2.045,4.732,24.0,0.4321639898562975,12,"(56, 43)"
6371,6372,6372,616.0,1.0,2.119,5.361,24.0,0.3952620779705279,12,"(56, 42)"
6372,6373,6373,612.0,1.0,2.119,5.149,24.0,0.4115362206253642,12,"(56, 41)"
6373,6374,6374,617.0,1.0,2.066,4.079,24.0,0.5064966903652856,12,"(56, 40)"
6374,6375,6375,597.0,1.0,1.43,5.468,24.0,0.261521580102414,12,"(56, 41)"
6375,6376,6376,626.0,1.0,1.487,3.8,24.0,0.3913157894736842,12,"(56, 40)"
6376,6377,6377,264417.0,1.0,1.487,5.456,24.0,0.2725439882697947,12,"(56, 39)"
6377,6378,6378,628.0,1.0,1.125,6.117,24.0,0.1839136831780284,12,"(56, 38)"
6378,6379,6379,624.0,1.0,1.117,5.196,24.0,0.2149730561970746,12,"(56, 39)"
6379,6380,6380,603.0,1.0,0.917,5.441,24.0,0.1685351957360779,12,"(56, 38)"
6380,6381,6381,608.0,1.0,0.917,5.441,24.0,0.1685351957360779,12,"(56, 37)"
6381,6382,6382,601.0,1.0,0.69,4.08,24.0,0.1691176470588235,12,"(56, 36)"
6382,6383,6383,618.0,1.0,0.347,1.101,24.0,0.3151680290644868,12,"(56, 37)"
6383,6384,6384,614.0,1.0,0.347,1.065,24.0,0.3258215962441314,12,"(56, 36)"
6384,6385,6385,605.0,1.0,0.347,1.101,24.0,0.3151680290644868,12,"(56, 35)"
6385,6386,6386,,,,,,,12,"(56, 34)"
6386,6387,6387,,,,,,,12,"(56, 35)"
6387,6388,6388,3108.0,1.0,5.364,5.568,73.0,0.9633620689655172,12,"(56, 34)"
6388,6389,6389,3115.0,1.0,4.199,6.256,73.0,0.671195652173913,12,"(56, 33)"
6389,6390,6390,3090.0,1.0,3.861,5.959,73.0,0.6479275046148684,12,"(56, 32)"
6390,6391,6391,3103.0,1.0,3.465,5.637,73.0,0.6146886641830761,12,"(56, 33)"
6391,6392,6392,3092.0,1.0,3.336,13.23,73.0,0.2521541950113378,12,"(56, 31)"
6392,6393,6393,3101.0,1.0,3.18,13.231,73.0,0.240344645151538,12,"(56, 31)"
6393,6394,6394,4651.0,2.0,18.0,5.609,90.0,3.2091281868425745,12,"(56, 27)"
6394,6395,6395,4673.0,2.0,18.0,5.432,90.0,3.3136966126656846,12,"(56, 26)"
6395,6396,6396,4659.0,2.0,2.698,4.112,90.0,0.6561284046692607,12,"(56, 27)"
6396,6397,6397,4661.0,2.0,2.666,4.084,90.0,0.6527913809990206,12,"(56, 26)"
6397,6398,6398,4656.0,2.0,2.719,4.85,90.0,0.5606185567010309,12,"(56, 25)"
6398,6399,6399,4674.0,2.0,2.718,4.081,90.0,0.6660132320509679,12,"(56, 24)"
6399,6400,6400,4683.0,2.0,1.972,4.085,90.0,0.4827417380660955,12,"(56, 25)"
6400,6401,6401,4677.0,2.0,1.972,4.087,90.0,0.4825055052605823,12,"(56, 24)"
6401,6402,6402,4664.0,2.0,27.0,4.092,90.0,6.598240469208212,12,"(56, 23)"
6402,6403,6403,15824.0,2.0,1.331,0.994,90.0,1.3390342052313884,12,"(56, 22)"
6403,6404,6404,4665.0,2.0,1.125,4.093,90.0,0.2748595162472514,12,"(56, 23)"
6404,6405,6405,4676.0,2.0,0.913,4.094,90.0,0.2230092818759159,12,"(56, 22)"
6405,6406,6406,4675.0,2.0,0.923,4.095,90.0,0.2253968253968254,12,"(56, 21)"
6406,6407,6407,4693.0,2.0,0.722,4.096,90.0,0.17626953125,12,"(56, 20)"
6407,6408,6408,4692.0,2.0,0.722,4.1,90.0,0.1760975609756097,12,"(56, 21)"
6408,6409,6409,7034.0,2.0,0.642,1.031,90.0,0.6226964112512124,12,"(56, 20)"
6409,6410,6410,4266.0,2.0,6.604,7.617,85.0,0.8670080084022581,12,"(56, 19)"
6410,6411,6411,4138.0,2.0,5.432,7.064,85.0,0.7689694224235561,12,"(56, 18)"
6411,6412,6412,4140.0,2.0,5.135,6.352,85.0,0.8084068010075566,12,"(56, 19)"
6412,6413,6413,4233.0,2.0,4.18,6.465,85.0,0.6465583913379737,12,"(56, 18)"
6413,6414,6414,4119.0,2.0,4.18,6.067,85.0,0.6889731333443216,12,"(56, 17)"
6414,6415,6415,4214.0,2.0,4.34,5.836,85.0,0.7436600411240575,12,"(56, 16)"
6415,6416,6416,4188.0,2.0,3.547,8.527,85.0,0.4159727923067902,12,"(56, 17)"
6416,6417,6417,4197.0,2.0,3.491,8.864,85.0,0.3938402527075812,12,"(56, 16)"
6417,6418,6418,4116.0,2.0,3.61,8.94,85.0,0.4038031319910514,12,"(56, 15)"
6418,6419,6419,4117.0,2.0,3.595,8.976,85.0,0.40051247771836,12,"(56, 14)"
6419,6420,6420,4142.0,2.0,2.91,5.624,85.0,0.517425320056899,12,"(56, 15)"
6420,6421,6421,4142.0,2.0,2.91,5.624,85.0,0.517425320056899,12,"(56, 14)"
6421,6422,6422,4112.0,2.0,2.832,4.103,85.0,0.690226663417012,12,"(56, 13)"
6422,6423,6423,4225.0,2.0,2.698,4.104,85.0,0.6574074074074073,12,"(56, 12)"
6423,6424,6424,4139.0,2.0,2.666,6.264,85.0,0.4256066411238824,12,"(56, 13)"
6424,6425,6425,4139.0,2.0,2.666,6.264,85.0,0.4256066411238824,12,"(56, 12)"
6425,6426,6426,4133.0,2.0,2.621,4.306,85.0,0.6086855550394797,12,"(56, 11)"
6426,6427,6427,4132.0,2.0,2.542,4.308,85.0,0.5900649953574745,12,"(56, 10)"
6427,6428,6428,4123.0,2.0,2.477,5.291,85.0,0.4681534681534681,12,"(56, 11)"
6428,6429,6429,4128.0,2.0,2.514,4.985,85.0,0.5043129388164492,12,"(56, 9)"
6429,6430,6430,4275.0,2.0,2.332,4.914,85.0,0.4745624745624746,12,"(56, 8)"
6430,6431,6431,4141.0,2.0,2.066,4.219,85.0,0.4896894998814884,12,"(56, 9)"
6431,6432,6432,4511.0,2.0,1.876,5.151,85.0,0.3642011259949524,12,"(56, 8)"
6432,6433,6433,296328.0,2.0,1.861,4.105,85.0,0.4533495736906211,12,"(56, 7)"
6433,6434,6434,4144.0,2.0,1.764,4.106,85.0,0.4296151972722845,12,"(56, 6)"
6434,6435,6435,4129.0,2.0,1.764,4.107,85.0,0.4295105916727538,12,"(56, 7)"
6435,6436,6436,4115.0,2.0,1.764,4.108,85.0,0.4294060370009737,12,"(56, 6)"
6436,6437,6437,4113.0,2.0,1.659,4.441,85.0,0.3735645124971853,12,"(56, 5)"
6437,6438,6438,4272.0,2.0,1.805,4.322,85.0,0.417630726515502,12,"(56, 4)"
6438,6439,6439,4136.0,2.0,1.575,4.309,85.0,0.3655140403805987,12,"(56, 5)"
6439,6440,6440,4194.0,2.0,1.577,4.492,85.0,0.3510685663401602,12,"(56, 4)"
6440,6441,6441,4122.0,2.0,1.487,4.109,85.0,0.3618885373570212,12,"(56, 3)"
6441,6442,6442,4120.0,2.0,1.359,4.116,85.0,0.3301749271137026,12,"(56, 2)"
6442,6443,6443,4114.0,2.0,1.384,4.118,85.0,0.3360854783875667,12,"(56, 3)"
6443,6444,6444,4127.0,2.0,1.084,4.055,85.0,0.267324290998767,12,"(56, 2)"
6444,6445,6445,4130.0,2.0,1.121,4.119,85.0,0.27215343529983,5,"(57, 2)"
6445,6446,6446,4130.0,2.0,1.121,4.119,85.0,0.27215343529983,5,"(57, 3)"
6446,6447,6447,4125.0,2.0,1.084,4.751,85.0,0.2281624921069248,5,"(57, 2)"
6447,6448,6448,4118.0,2.0,1.085,4.12,85.0,0.2633495145631068,5,"(57, 3)"
6448,6449,6449,4137.0,2.0,0.931,4.135,85.0,0.2251511487303507,5,"(57, 4)"
6449,6450,6450,599.0,2.0,5.587,5.924,24.0,0.9431127616475352,5,"(57, 5)"
6450,6451,6451,622.0,2.0,5.518,5.89,24.0,0.936842105263158,5,"(57, 4)"
6451,6452,6452,627.0,2.0,3.998,8.471,24.0,0.4719631684570889,5,"(57, 5)"
6452,6453,6453,619.0,2.0,2.367,13.232,24.0,0.1788845223700121,5,"(57, 6)"
6453,6454,6454,615.0,2.0,2.2,4.762,24.0,0.4619907601847964,5,"(57, 7)"
6454,6455,6455,191861.0,2.0,1.445,4.136,24.0,0.3493713733075435,5,"(57, 6)"
6455,6456,6456,620.0,2.0,0.917,5.441,24.0,0.1685351957360779,5,"(57, 7)"
6456,6457,6457,604.0,2.0,0.722,4.137,24.0,0.17452260091854,5,"(57, 8)"
6457,6458,6458,3093.0,1.0,3.055,13.233,73.0,0.2308622383435351,5,"(57, 9)"
6458,6459,6459,3100.0,1.0,3.165,5.449,73.0,0.5808405211965498,5,"(57, 8)"
6459,6460,6460,3119.0,1.0,2.964,5.592,73.0,0.5300429184549357,5,"(57, 9)"
6460,6461,6461,3094.0,1.0,2.964,5.526,73.0,0.5363735070575462,5,"(57, 10)"
6461,6462,6462,3112.0,1.0,3.063,13.234,73.0,0.2314492972646214,5,"(57, 11)"
6462,6463,6463,3095.0,1.0,3.001,5.304,73.0,0.5657993966817496,5,"(57, 10)"
6463,6464,6464,3091.0,1.0,2.95,6.957,73.0,0.4240333477073451,5,"(57, 11)"
6464,6465,6465,3107.0,1.0,2.95,7.133,73.0,0.4135707276040937,5,"(57, 12)"
6465,6466,6466,3102.0,1.0,2.875,6.261,73.0,0.459191822392589,5,"(57, 13)"
6466,6467,6467,3110.0,1.0,2.875,5.86,73.0,0.4906143344709897,5,"(57, 12)"
6467,6468,6468,3127.0,1.0,2.832,6.118,73.0,0.4628963713631905,5,"(57, 13)"
6468,6469,6469,3124.0,1.0,2.832,6.059,73.0,0.4674038620234362,5,"(57, 14)"
6469,6470,6470,3125.0,1.0,2.698,5.751,73.0,0.4691358024691358,5,"(57, 15)"
6470,6471,6471,3104.0,1.0,2.723,13.235,73.0,0.2057423498299962,5,"(57, 14)"
6471,6472,6472,3114.0,1.0,2.719,5.452,73.0,0.4987160674981657,5,"(57, 15)"
6472,6473,6473,3120.0,1.0,2.718,5.483,73.0,0.4957140251687033,5,"(57, 16)"
6473,6474,6474,3128.0,1.0,2.718,13.475,73.0,0.2017068645640074,5,"(57, 17)"
6474,6475,6475,3096.0,1.0,2.367,6.673,73.0,0.3547130226285029,5,"(57, 16)"
6475,6476,6476,3097.0,1.0,2.367,6.4,73.0,0.3698437499999999,5,"(57, 17)"
6476,6477,6477,3111.0,1.0,2.322,7.338,73.0,0.3164349959116925,5,"(57, 18)"
6477,6478,6478,3113.0,1.0,2.119,6.109,73.0,0.3468652807333443,5,"(57, 19)"
6478,6479,6479,3118.0,1.0,1.972,13.236,73.0,0.1489876095497129,5,"(57, 18)"
6479,6480,6480,294336.0,1.0,1.44,5.458,73.0,0.2638329058263099,5,"(57, 19)"
6480,6481,6481,3116.0,1.0,1.384,5.464,73.0,0.2532942898975109,5,"(57, 20)"
6481,6482,6482,3109.0,1.0,1.304,5.148,73.0,0.2533022533022533,5,"(57, 21)"
6482,6483,6483,58512.0,1.0,1.125,5.894,73.0,0.1908720732948761,5,"(57, 20)"
6483,6484,6484,217370.0,1.0,1.125,5.961,73.0,0.1887267237040764,5,"(57, 21)"
6484,6485,6485,3126.0,1.0,1.117,6.366,73.0,0.1754633993088281,5,"(57, 22)"
6485,6486,6486,3105.0,1.0,1.117,6.184,73.0,0.180627425614489,5,"(57, 23)"
6486,6487,6487,3122.0,1.0,1.117,6.084,73.0,0.1835963182117028,5,"(57, 22)"
6487,6488,6488,3106.0,1.0,1.117,6.045,73.0,0.1847808105872622,5,"(57, 23)"
6488,6489,6489,40524.0,1.0,1.117,5.927,73.0,0.1884595916990045,5,"(57, 24)"
6489,6490,6490,56308.0,1.0,1.085,6.11,73.0,0.1775777414075286,5,"(57, 25)"
6490,6491,6491,3431.0,2.0,5.229,15.049,73.0,0.3474649478370656,5,"(57, 24)"
6491,6492,6492,3423.0,2.0,3.18,13.237,73.0,0.2402357029538415,5,"(57, 25)"
6492,6493,6493,3428.0,2.0,2.999,5.862,73.0,0.5116001364721938,5,"(57, 26)"
6493,6494,6494,3427.0,2.0,2.698,5.751,73.0,0.4691358024691358,5,"(57, 27)"
6494,6495,6495,9694.0,2.0,2.719,5.108,73.0,0.5323022709475332,5,"(57, 26)"
6495,6496,6496,3429.0,2.0,2.718,5.097,73.0,0.533254855797528,5,"(57, 27)"
6496,6497,6497,,,,,,,5,"(57, 31)"
6497,6498,6498,,,,,,,5,"(57, 31)"
6498,6499,6499,,,,,,,5,"(57, 32)"
6499,6500,6500,3722.0,1.0,3.415,13.239,80.0,0.2579499962232797,5,"(57, 33)"
6500,6501,6501,3820.0,1.0,3.415,13.242,80.0,0.2578915571665911,5,"(57, 32)"
6501,6502,6502,2651.0,1.0,10.369,13.243,60.0,0.7829796873820131,5,"(57, 33)"
6502,6503,6503,5534.0,1.0,5.364,7.843,101.0,0.6839219686344511,5,"(57, 34)"
6503,6504,6504,6622.0,1.0,5.179,4.201,124.0,1.2328017138776484,5,"(57, 35)"
6504,6505,6505,6617.0,1.0,4.415,4.202,124.0,1.0506901475487862,5,"(57, 34)"
6505,6506,6506,6577.0,1.0,3.702,1.222,124.0,3.0294599018003274,5,"(57, 35)"
6506,6507,6507,5910.0,1.0,2.332,4.203,107.0,0.55484177968118,5,"(57, 36)"
6507,6508,6508,5898.0,1.0,2.332,2.209,107.0,1.0556813037573562,5,"(57, 37)"
6508,6509,6509,5900.0,1.0,1.577,4.204,107.0,0.3751189343482398,5,"(57, 36)"
6509,6510,6510,5899.0,1.0,1.44,5.74,107.0,0.2508710801393728,5,"(57, 37)"
6510,6511,6511,5897.0,1.0,1.44,5.919,107.0,0.2432843385707045,5,"(57, 38)"
6511,6512,6512,5908.0,1.0,1.195,4.207,107.0,0.2840503922034704,5,"(57, 39)"
6512,6513,6513,5907.0,1.0,1.177,5.698,107.0,0.2065637065637065,5,"(57, 38)"
6513,6514,6514,5903.0,1.0,0.601,4.726,107.0,0.1271688531527719,5,"(57, 39)"
6514,6515,6515,5911.0,1.0,0.601,4.208,107.0,0.1428231939163498,5,"(57, 40)"
6515,6516,6516,5909.0,1.0,0.601,4.31,107.0,0.1394431554524362,5,"(57, 41)"
6516,6517,6517,5912.0,1.0,0.409,2.973,107.0,0.1375714766229397,5,"(57, 40)"
6517,6518,6518,5901.0,1.0,0.409,2.973,107.0,0.1375714766229397,5,"(57, 41)"
6518,6519,6519,5906.0,1.0,0.405,4.213,107.0,0.0961310230239734,5,"(57, 42)"
6519,6520,6520,5957.0,1.0,3.855,13.247,110.0,0.2910092851211595,5,"(57, 43)"
6520,6521,6521,5958.0,1.0,3.491,6.539,110.0,0.5338736809909772,5,"(57, 42)"
6521,6522,6522,5956.0,1.0,1.208,4.312,110.0,0.2801484230055658,5,"(57, 43)"
6522,6523,6523,5955.0,1.0,0.917,5.066,110.0,0.1810106592972759,5,"(57, 44)"
6523,6524,6524,4728.0,1.0,0.322,0.244,96.0,1.319672131147541,5,"(57, 45)"
6524,6525,6525,,,,,,,5,"(57, 44)"
6525,6526,6526,15.0,1.0,23.089,4.216,10.0,5.476518026565464,5,"(57, 45)"
6526,6527,6527,4622.0,1.0,4.643,13.248,10.0,0.3504679951690821,5,"(57, 46)"
6527,6528,6528,4617.0,1.0,4.755,13.251,10.0,0.3588408422005886,5,"(57, 47)"
6528,6529,6529,4611.0,1.0,4.043,13.253,10.0,0.3050630046027314,5,"(57, 46)"
6529,6530,6530,4606.0,1.0,3.944,13.254,10.0,0.2975705447412102,5,"(57, 47)"
6530,6531,6531,4627.0,1.0,3.944,13.254,10.0,0.2975705447412102,5,"(57, 48)"
6531,6532,6532,4623.0,1.0,3.944,13.255,10.0,0.2975480950584684,5,"(57, 49)"
6532,6533,6533,4629.0,1.0,3.491,13.256,10.0,0.2633524441762221,5,"(57, 48)"
6533,6534,6534,4614.0,1.0,3.61,13.257,10.0,0.272308968846647,5,"(57, 49)"
6534,6535,6535,4633.0,1.0,3.161,13.263,10.0,0.2383322023674885,5,"(57, 50)"
6535,6536,6536,4632.0,1.0,3.161,13.265,10.0,0.238296268375424,5,"(57, 51)"
6536,6537,6537,4616.0,1.0,3.18,13.266,10.0,0.2397105382180009,5,"(57, 50)"
6537,6538,6538,4631.0,1.0,3.18,13.267,10.0,0.2396924700384412,5,"(57, 51)"
6538,6539,6539,4533.0,1.0,2.91,9.601,10.0,0.3030934277679408,5,"(57, 52)"
6539,6540,6540,4605.0,1.0,3.017,13.268,10.0,0.2273892071148628,5,"(57, 53)"
6540,6541,6541,4630.0,1.0,2.341,9.247,10.0,0.2531631880609928,5,"(57, 52)"
6541,6542,6542,4613.0,1.0,2.341,4.221,10.0,0.554607912816868,5,"(57, 53)"
6542,6543,6543,4576.0,1.0,2.2,8.977,10.0,0.2450707363261668,5,"(57, 54)"
6543,6544,6544,4621.0,1.0,2.066,4.222,10.0,0.4893415442918047,5,"(57, 55)"
6544,6545,6545,4529.0,1.0,1.684,4.223,10.0,0.3987686478806536,5,"(57, 54)"
6545,6546,6546,4626.0,1.0,1.684,4.224,10.0,0.3986742424242424,5,"(57, 55)"
6546,6547,6547,4580.0,1.0,1.664,4.226,10.0,0.3937529578797917,5,"(57, 56)"
6547,6548,6548,4531.0,1.0,1.596,8.209,10.0,0.1944207577049579,5,"(57, 57)"
6548,6549,6549,4607.0,1.0,1.483,4.227,10.0,0.3508398391294062,5,"(57, 56)"
6549,6550,6550,4612.0,1.0,1.577,4.232,10.0,0.3726370510396975,5,"(57, 57)"
6550,6551,6551,4628.0,1.0,1.359,4.234,10.0,0.3209730751062825,5,"(57, 58)"
6551,6552,6552,4609.0,1.0,1.304,2.918,10.0,0.4468814256339958,5,"(57, 59)"
6552,6553,6553,4572.0,1.0,1.177,4.235,10.0,0.2779220779220779,5,"(57, 58)"
6553,6554,6554,4610.0,1.0,1.177,4.238,10.0,0.27772534214252,5,"(57, 59)"
6554,6555,6555,4625.0,1.0,1.202,4.239,10.0,0.2835574427931115,5,"(57, 60)"
6555,6556,6556,62799.0,1.0,1.064,3.02,10.0,0.352317880794702,5,"(57, 61)"
6556,6557,6557,4685.0,1.0,31.0,4.24,10.0,7.311320754716981,5,"(57, 60)"
6557,6558,6558,4620.0,1.0,0.783,4.323,10.0,0.1811242192921582,5,"(57, 61)"
6558,6559,6559,4686.0,1.0,0.771,4.324,10.0,0.1783071230342275,64,"(58, 61)"
6559,6560,6560,,,,,,,64,"(58, 60)"
6560,6561,6561,,,,,,,64,"(58, 61)"
6561,6562,6562,,,,,,,64,"(58, 60)"
6562,6563,6563,138433.0,1.0,5.27,9.2,86.0,0.5728260869565217,64,"(58, 59)"
6563,6564,6564,4260.0,1.0,4.305,5.987,86.0,0.7190579589109737,64,"(58, 58)"
6564,6565,6565,4397.0,1.0,4.426,5.733,86.0,0.7720216291644864,64,"(58, 59)"
6565,6566,6566,4375.0,1.0,4.124,7.189,86.0,0.5736541939073584,64,"(58, 58)"
6566,6567,6567,4377.0,1.0,4.272,7.274,86.0,0.5872972229859775,64,"(58, 57)"
6567,6568,6568,4405.0,1.0,4.401,7.597,86.0,0.5793076214295116,64,"(58, 56)"
6568,6569,6569,4387.0,1.0,4.401,7.12,86.0,0.6181179775280898,64,"(58, 57)"
6569,6570,6570,4379.0,1.0,4.401,7.12,86.0,0.6181179775280898,64,"(58, 56)"
6570,6571,6571,4389.0,1.0,3.855,6.958,86.0,0.5540385168151768,64,"(58, 55)"
6571,6572,6572,4248.0,1.0,3.377,5.699,86.0,0.5925600982628532,64,"(58, 54)"
6572,6573,6573,4246.0,1.0,3.377,6.236,86.0,0.5415330339961514,64,"(58, 55)"
6573,6574,6574,4396.0,1.0,3.238,8.179,86.0,0.3958919183274239,64,"(58, 54)"
6574,6575,6575,4385.0,1.0,3.142,5.886,86.0,0.5338090383961943,64,"(58, 53)"
6575,6576,6576,4406.0,1.0,3.165,5.405,86.0,0.5855689176688251,64,"(58, 52)"
6576,6577,6577,4258.0,1.0,3.165,5.313,86.0,0.5957086391869001,64,"(58, 53)"
6577,6578,6578,59411.0,1.0,2.91,5.172,86.0,0.5626450116009282,64,"(58, 52)"
6578,6579,6579,4242.0,1.0,2.91,6.353,86.0,0.4580513143396821,64,"(58, 51)"
6579,6580,6580,125586.0,1.0,2.964,5.597,86.0,0.5295694121850991,64,"(58, 50)"
6580,6581,6581,4407.0,1.0,18.0,6.308,86.0,2.853519340519975,64,"(58, 51)"
6581,6582,6582,4400.0,1.0,18.0,6.489,86.0,2.7739251040221915,64,"(58, 50)"
6582,6583,6583,4256.0,1.0,18.0,6.28,86.0,2.8662420382165603,64,"(58, 49)"
6583,6584,6584,4265.0,1.0,18.0,6.257,86.0,2.876778008630334,64,"(58, 48)"
6584,6585,6585,4370.0,1.0,18.0,6.316,86.0,2.8499050031665614,64,"(58, 49)"
6585,6586,6586,4384.0,1.0,3.001,9.7,86.0,0.3093814432989691,64,"(58, 48)"
6586,6587,6587,4250.0,1.0,2.878,4.853,86.0,0.5930352359365342,64,"(58, 47)"
6587,6588,6588,4255.0,1.0,2.799,4.986,86.0,0.5613718411552346,64,"(58, 46)"
6588,6589,6589,4398.0,1.0,2.698,4.601,86.0,0.5863942621169311,64,"(58, 47)"
6589,6590,6590,4245.0,1.0,2.377,4.325,86.0,0.5495953757225432,64,"(58, 46)"
6590,6591,6591,4383.0,1.0,2.377,5.282,86.0,0.4500189322226429,64,"(58, 45)"
6591,6592,6592,4320.0,1.0,2.37,4.329,86.0,0.5474705474705476,64,"(58, 44)"
6592,6593,6593,4264.0,1.0,2.367,5.152,86.0,0.4594332298136646,64,"(58, 45)"
6593,6594,6594,4403.0,1.0,2.367,5.198,86.0,0.4553674490188533,64,"(58, 44)"
6594,6595,6595,4402.0,1.0,2.367,5.292,86.0,0.4472789115646258,64,"(58, 43)"
6595,6596,6596,4388.0,1.0,2.322,4.339,86.0,0.5351463470845816,64,"(58, 42)"
6596,6597,6597,4394.0,1.0,2.322,4.378,86.0,0.5303791685701233,64,"(58, 43)"
6597,6598,6598,4372.0,1.0,2.322,4.379,86.0,0.5302580497830556,64,"(58, 42)"
6598,6599,6599,4263.0,1.0,2.168,5.459,86.0,0.3971423337607621,64,"(58, 41)"
6599,6600,6600,4374.0,1.0,2.168,5.459,86.0,0.3971423337607621,64,"(58, 40)"
6600,6601,6601,4376.0,1.0,2.28,4.383,86.0,0.5201916495550992,64,"(58, 41)"
6601,6602,6602,4382.0,1.0,2.133,4.602,86.0,0.4634941329856584,64,"(58, 40)"
6602,6603,6603,4252.0,1.0,2.2,5.339,86.0,0.4120621839295748,64,"(58, 39)"
6603,6604,6604,4365.0,1.0,2.113,4.653,86.0,0.4541156243283903,64,"(58, 38)"
6604,6605,6605,4253.0,1.0,2.113,4.851,86.0,0.4355802927231498,64,"(58, 39)"
6605,6606,6606,4330.0,1.0,2.113,4.643,86.0,0.4550936894249408,64,"(58, 38)"
6606,6607,6607,4243.0,1.0,2.117,4.798,86.0,0.4412255106294289,64,"(58, 37)"
6607,6608,6608,4243.0,1.0,2.117,4.798,86.0,0.4412255106294289,64,"(58, 36)"
6608,6609,6609,4391.0,1.0,27.0,4.385,86.0,6.157354618015964,64,"(58, 37)"
6609,6610,6610,4262.0,1.0,1.876,4.396,86.0,0.4267515923566878,64,"(58, 36)"
6610,6611,6611,4341.0,1.0,1.876,4.799,86.0,0.3909147739112315,64,"(58, 35)"
6611,6612,6612,4381.0,1.0,1.876,4.989,86.0,0.3760272599719382,64,"(58, 34)"
6612,6613,6613,4369.0,1.0,1.861,4.852,86.0,0.383553173948887,64,"(58, 35)"
6613,6614,6614,4254.0,1.0,1.861,4.703,86.0,0.3957048692324048,64,"(58, 34)"
6614,6615,6615,4404.0,1.0,1.764,4.633,86.0,0.3807468163177207,64,"(58, 33)"
6615,6616,6616,4249.0,1.0,1.805,4.397,86.0,0.4105071639754377,64,"(58, 32)"
6616,6617,6617,110148.0,1.0,1.744,4.398,86.0,0.396543883583447,64,"(58, 33)"
6617,6618,6618,4401.0,1.0,1.664,4.399,86.0,0.3782677881336667,64,"(58, 32)"
6618,6619,6619,4390.0,1.0,1.483,4.603,86.0,0.3221811861829242,64,"(58, 31)"
6619,6620,6620,4280.0,1.0,1.577,4.4,86.0,0.3584090909090908,64,"(58, 31)"
6620,6621,6621,3426.0,2.0,1.594,5.26,73.0,0.303041825095057,64,"(58, 27)"
6621,6622,6622,3421.0,2.0,1.304,5.509,73.0,0.2367035759666001,64,"(58, 26)"
6622,6623,6623,72750.0,2.0,1.304,4.401,73.0,0.2962962962962963,64,"(58, 27)"
6623,6624,6624,3424.0,2.0,1.125,6.106,73.0,0.1842450049132001,64,"(58, 26)"
6624,6625,6625,3430.0,2.0,1.125,6.166,73.0,0.1824521569899448,64,"(58, 25)"
6625,6626,6626,3422.0,2.0,1.125,5.948,73.0,0.1891392064559515,64,"(58, 24)"
6626,6627,6627,4544.0,2.0,4.589,13.27,10.0,0.3458176337603618,64,"(58, 25)"
6627,6628,6628,4546.0,2.0,3.9,9.41,10.0,0.414452709883103,64,"(58, 24)"
6628,6629,6629,4534.0,2.0,3.238,11.34,10.0,0.2855379188712522,64,"(58, 23)"
6629,6630,6630,4554.0,2.0,3.142,10.996,10.0,0.2857402691887959,64,"(58, 22)"
6630,6631,6631,4578.0,2.0,3.142,13.272,10.0,0.2367389993972272,64,"(58, 23)"
6631,6632,6632,4561.0,2.0,3.18,5.547,10.0,0.5732828555976204,64,"(58, 22)"
6632,6633,6633,4575.0,2.0,2.999,13.273,10.0,0.2259474120394786,64,"(58, 21)"
6633,6634,6634,4550.0,2.0,2.964,13.275,10.0,0.223276836158192,64,"(58, 20)"
6634,6635,6635,4615.0,2.0,2.95,5.094,10.0,0.5791126815861798,64,"(58, 21)"
6635,6636,6636,4539.0,2.0,2.908,9.201,10.0,0.3160526029779371,64,"(58, 20)"
6636,6637,6637,4527.0,2.0,2.878,13.276,10.0,0.2167821633021994,64,"(58, 19)"
6637,6638,6638,4567.0,2.0,2.723,4.74,10.0,0.5744725738396624,64,"(58, 18)"
6638,6639,6639,4541.0,2.0,2.584,8.978,10.0,0.2878146580530185,64,"(58, 19)"
6639,6640,6640,4563.0,2.0,2.719,13.277,10.0,0.2047902387587557,64,"(58, 18)"
6640,6641,6641,4555.0,2.0,2.671,4.433,10.0,0.6025265057523121,64,"(58, 17)"
6641,6642,6642,4552.0,2.0,2.477,13.279,10.0,0.186535130657429,64,"(58, 16)"
6642,6643,6643,4530.0,2.0,2.367,13.281,10.0,0.1782245312852947,64,"(58, 17)"
6643,6644,6644,4582.0,2.0,2.367,13.282,10.0,0.1782111127842192,64,"(58, 16)"
6644,6645,6645,4558.0,2.0,2.367,10.868,10.0,0.2177953625322046,64,"(58, 15)"
6645,6646,6646,4570.0,2.0,2.322,13.283,10.0,0.1748099074004366,64,"(58, 14)"
6646,6647,6647,4574.0,2.0,2.227,9.822,10.0,0.2267358990022398,64,"(58, 15)"
6647,6648,6648,4538.0,2.0,2.2,9.011,10.0,0.2441460437243369,64,"(58, 14)"
6648,6649,6649,4549.0,2.0,2.045,4.402,10.0,0.4645615629259427,64,"(58, 13)"
6649,6650,6650,4577.0,2.0,2.141,9.362,10.0,0.2286904507583849,64,"(58, 12)"
6650,6651,6651,4624.0,2.0,2.119,6.981,10.0,0.3035381750465549,64,"(58, 13)"
6651,6652,6652,4526.0,2.0,2.052,13.284,10.0,0.1544715447154471,64,"(58, 12)"
6652,6653,6653,4537.0,2.0,2.052,10.652,10.0,0.1926398798347728,64,"(58, 11)"
6653,6654,6654,4560.0,2.0,1.775,4.405,10.0,0.4029511918274687,64,"(58, 10)"
6654,6655,6655,4556.0,2.0,1.876,4.41,10.0,0.4253968253968254,64,"(58, 11)"
6655,6656,6656,4535.0,2.0,1.764,4.412,10.0,0.399818676337262,64,"(58, 10)"
6656,6657,6657,4547.0,2.0,1.762,4.415,10.0,0.3990939977349943,64,"(58, 9)"
6657,6658,6658,4548.0,2.0,1.684,4.421,10.0,0.3809092965392445,64,"(58, 8)"
6658,6659,6659,4545.0,2.0,1.744,4.422,10.0,0.3943916779737675,64,"(58, 9)"
6659,6660,6660,4551.0,2.0,1.664,8.463,10.0,0.1966205837173579,64,"(58, 8)"
6660,6661,6661,4562.0,2.0,1.664,8.667,10.0,0.1919926156686281,64,"(58, 7)"
6661,6662,6662,4564.0,2.0,1.596,8.21,10.0,0.1943970767356881,64,"(58, 6)"
6662,6663,6663,4608.0,2.0,1.577,3.995,10.0,0.3947434292866082,64,"(58, 7)"
6663,6664,6664,4571.0,2.0,1.43,5.095,10.0,0.2806673209028459,64,"(58, 6)"
6664,6665,6665,4568.0,2.0,1.359,4.425,10.0,0.3071186440677966,64,"(58, 5)"
6665,6666,6666,4579.0,2.0,1.358,4.435,10.0,0.3062006764374296,64,"(58, 4)"
6666,6667,6667,282646.0,2.0,1.208,4.44,10.0,0.272072072072072,64,"(58, 5)"
6667,6668,6668,4528.0,2.0,1.208,4.443,10.0,0.2718883637182084,64,"(58, 4)"
6668,6669,6669,4566.0,2.0,1.177,4.445,10.0,0.2647919010123734,64,"(58, 3)"
6669,6670,6670,4559.0,2.0,1.177,4.449,10.0,0.2645538323218701,64,"(58, 2)"
6670,6671,6671,4542.0,2.0,1.177,4.451,10.0,0.2644349584363065,64,"(58, 3)"
6671,6672,6672,4540.0,2.0,1.177,4.445,10.0,0.2647919010123734,64,"(58, 2)"
6672,6673,6673,4618.0,2.0,1.202,2.812,10.0,0.4274537695590327,65,"(59, 2)"
6673,6674,6674,4557.0,2.0,1.202,2.812,10.0,0.4274537695590327,65,"(59, 3)"
6674,6675,6675,4532.0,2.0,1.121,4.452,10.0,0.2517969451931716,65,"(59, 2)"
6675,6676,6676,4619.0,2.0,1.121,2.64,10.0,0.4246212121212121,65,"(59, 3)"
6676,6677,6677,4543.0,2.0,1.084,4.453,10.0,0.2434313945654614,65,"(59, 4)"
6677,6678,6678,4565.0,2.0,1.085,4.454,10.0,0.2436012572968118,65,"(59, 5)"
6678,6679,6679,4581.0,2.0,1.085,4.455,10.0,0.2435465768799102,65,"(59, 4)"
6679,6680,6680,4569.0,2.0,0.99,4.604,10.0,0.2150304083405734,65,"(59, 5)"
6680,6681,6681,160253.0,2.0,0.923,4.605,10.0,0.2004343105320304,65,"(59, 6)"
6681,6682,6682,4536.0,2.0,0.836,7.246,10.0,0.1153739994479712,65,"(59, 7)"
6682,6683,6683,4399.0,1.0,1.44,4.606,86.0,0.3126356925749023,65,"(59, 6)"
6683,6684,6684,4339.0,1.0,1.467,4.608,86.0,0.318359375,65,"(59, 7)"
6684,6685,6685,4326.0,1.0,1.46,4.622,86.0,0.3158805711813068,65,"(59, 8)"
6685,6686,6686,4244.0,1.0,1.359,4.625,86.0,0.2938378378378378,65,"(59, 9)"
6686,6687,6687,87088.0,1.0,1.359,4.628,86.0,0.2936473638720829,65,"(59, 8)"
6687,6688,6688,4315.0,1.0,1.359,4.629,86.0,0.2935839274141283,65,"(59, 9)"
6688,6689,6689,4306.0,1.0,1.358,4.63,86.0,0.293304535637149,65,"(59, 11)"
6689,6690,6690,4291.0,1.0,1.395,4.634,86.0,0.3010358221838584,65,"(59, 10)"
6690,6691,6691,4380.0,1.0,1.331,4.646,86.0,0.2864829961256995,65,"(59, 11)"
6691,6692,6692,4395.0,1.0,1.384,4.647,86.0,0.297826554766516,65,"(59, 12)"
6692,6693,6693,4294.0,1.0,1.3,4.648,86.0,0.2796901893287435,65,"(59, 13)"
6693,6694,6694,4247.0,1.0,1.326,4.65,86.0,0.2851612903225806,65,"(59, 12)"
6694,6695,6695,4290.0,1.0,1.195,4.655,86.0,0.2567132116004296,65,"(59, 13)"
6695,6696,6696,4261.0,1.0,0.99,13.285,86.0,0.0745201354911554,65,"(59, 14)"
6696,6697,6697,4386.0,1.0,0.591,4.658,86.0,0.126878488621726,65,"(59, 15)"
6697,6698,6698,4302.0,2.0,5.356,6.593,86.0,0.8123767632337328,65,"(59, 14)"
6698,6699,6699,4308.0,2.0,5.278,6.975,86.0,0.7567025089605735,65,"(59, 15)"
6699,6700,6700,4334.0,2.0,5.108,8.731,86.0,0.5850418050624212,65,"(59, 16)"
6700,6701,6701,4286.0,2.0,4.268,5.739,86.0,0.7436835685659522,65,"(59, 17)"
6701,6702,6702,4305.0,2.0,4.442,5.612,86.0,0.7915181753385603,65,"(59, 16)"
6702,6703,6703,4336.0,2.0,4.401,4.663,86.0,0.9438129959253698,65,"(59, 17)"
6703,6704,6704,4288.0,2.0,4.401,7.636,86.0,0.576348873755893,65,"(59, 18)"
6704,6705,6705,4311.0,2.0,4.401,4.664,86.0,0.9436106346483704,65,"(59, 19)"
6705,6706,6706,4287.0,2.0,3.558,6.575,86.0,0.5411406844106463,65,"(59, 18)"
6706,6707,6707,4331.0,2.0,3.61,6.119,86.0,0.5899656806667756,65,"(59, 19)"
6707,6708,6708,4297.0,2.0,3.466,6.012,86.0,0.5765136393878909,65,"(59, 20)"
6708,6709,6709,4338.0,2.0,3.029,5.319,86.0,0.5694679451024629,65,"(59, 21)"
6709,6710,6710,134510.0,2.0,2.91,7.438,86.0,0.3912342027426728,65,"(59, 20)"
6710,6711,6711,4310.0,2.0,18.0,5.261,86.0,3.4214027751378064,65,"(59, 21)"
6711,6712,6712,4327.0,2.0,3.017,4.801,86.0,0.6284107477608831,65,"(59, 22)"
6712,6713,6713,4301.0,2.0,2.95,6.695,86.0,0.4406273338312173,65,"(59, 23)"
6713,6714,6714,4313.0,2.0,2.86,4.733,86.0,0.6042679061905768,65,"(59, 22)"
6714,6715,6715,4318.0,2.0,2.86,4.665,86.0,0.6130760986066452,65,"(59, 23)"
6715,6716,6716,4316.0,2.0,2.875,4.854,86.0,0.592295014421096,65,"(59, 24)"
6716,6717,6717,4319.0,2.0,2.584,4.727,86.0,0.5466469219378041,65,"(59, 25)"
6717,6718,6718,4309.0,2.0,2.543,6.194,86.0,0.4105586051017114,65,"(59, 24)"
6718,6719,6719,4323.0,2.0,2.671,4.666,86.0,0.5724389198456922,65,"(59, 25)"
6719,6720,6720,4329.0,2.0,2.647,4.734,86.0,0.5591465990705534,65,"(59, 26)"
6720,6721,6721,4337.0,2.0,2.567,4.738,86.0,0.5417897847192908,65,"(59, 27)"
6721,6722,6722,4295.0,2.0,2.377,4.742,86.0,0.5012652889076339,65,"(59, 26)"
6722,6723,6723,4299.0,2.0,2.322,4.99,86.0,0.4653306613226453,65,"(59, 27)"
6723,6724,6724,,,,,,,65,"(59, 31)"
6724,6725,6725,,,,,,,65,"(59, 31)"
6725,6726,6726,,,,,,,65,"(59, 33)"
6726,6727,6727,,,,,,,65,"(59, 32)"
6727,6728,6728,3556.0,1.0,4.501,6.715,75.0,0.6702903946388683,65,"(59, 33)"
6728,6729,6729,3557.0,1.0,4.699,7.105,75.0,0.6613652357494721,65,"(59, 34)"
6729,6730,6730,3555.0,1.0,2.621,4.744,75.0,0.552487352445194,65,"(59, 35)"
6730,6731,6731,,,,,,,65,"(59, 34)"
6731,6732,6732,6766.0,1.0,2.2,4.748,129.0,0.4633529907329402,65,"(59, 35)"
6732,6733,6733,6764.0,1.0,2.2,4.752,129.0,0.462962962962963,65,"(59, 36)"
6733,6734,6734,6765.0,1.0,2.045,4.753,129.0,0.430254576057227,65,"(59, 37)"
6734,6735,6735,6768.0,1.0,1.395,0.698,129.0,1.998567335243553,65,"(59, 36)"
6735,6736,6736,6762.0,1.0,1.331,0.588,129.0,2.2636054421768708,65,"(59, 37)"
6736,6737,6737,6770.0,1.0,1.331,0.574,129.0,2.318815331010453,65,"(59, 38)"
6737,6738,6738,6767.0,1.0,1.222,0.616,129.0,1.9837662337662336,65,"(59, 39)"
6738,6739,6739,,,,,,,65,"(59, 38)"
6739,6740,6740,6165.0,1.0,6.652,7.551,113.0,0.8809429214673553,65,"(59, 39)"
6740,6741,6741,6178.0,1.0,6.29,7.412,113.0,0.8486238532110092,65,"(59, 40)"
6741,6742,6742,6282.0,1.0,4.415,9.771,113.0,0.4518473032442943,65,"(59, 41)"
6742,6743,6743,6168.0,1.0,4.699,9.776,113.0,0.4806669394435351,65,"(59, 40)"
6743,6744,6744,6152.0,1.0,3.377,8.336,113.0,0.4051103646833013,65,"(59, 41)"
6744,6745,6745,6172.0,1.0,3.377,8.059,113.0,0.419034619679861,65,"(59, 42)"
6745,6746,6746,6187.0,1.0,3.377,7.573,113.0,0.4459263171794532,65,"(59, 43)"
6746,6747,6747,6181.0,1.0,3.377,7.775,113.0,0.4343408360128616,65,"(59, 42)"
6747,6748,6748,6174.0,1.0,3.466,7.647,113.0,0.4532496403818491,65,"(59, 43)"
6748,6749,6749,6191.0,1.0,3.466,8.222,113.0,0.4215519338360496,65,"(59, 44)"
6749,6750,6750,6197.0,1.0,3.466,7.905,113.0,0.4384566729917774,65,"(59, 45)"
6750,6751,6751,6192.0,1.0,3.466,7.381,113.0,0.4695840671995664,65,"(59, 44)"
6751,6752,6752,6167.0,1.0,3.344,7.125,113.0,0.4693333333333333,65,"(59, 45)"
6752,6753,6753,6171.0,1.0,3.238,7.984,113.0,0.405561122244489,65,"(59, 46)"
6753,6754,6754,6175.0,1.0,3.238,7.784,113.0,0.4159815005138746,65,"(59, 47)"
6754,6755,6755,6284.0,1.0,3.536,7.248,113.0,0.4878587196467991,65,"(59, 46)"
6755,6756,6756,6162.0,1.0,3.536,7.414,113.0,0.4769355273806313,65,"(59, 47)"
6756,6757,6757,6183.0,1.0,2.526,7.685,113.0,0.3286922576447625,65,"(59, 48)"
6757,6758,6758,6194.0,1.0,2.318,7.415,113.0,0.3126095751854349,65,"(59, 49)"
6758,6759,6759,6198.0,1.0,2.318,7.918,113.0,0.2927506946198535,65,"(59, 48)"
6759,6760,6760,6177.0,1.0,2.341,7.571,113.0,0.3092061814819707,65,"(59, 49)"
6760,6761,6761,6153.0,1.0,2.2,4.755,113.0,0.46267087276551,65,"(59, 50)"
6761,6762,6762,6163.0,1.0,2.045,9.338,113.0,0.2189976440351253,65,"(59, 51)"
6762,6763,6763,6151.0,1.0,1.876,7.025,113.0,0.2670462633451957,65,"(59, 50)"
6763,6764,6764,6189.0,1.0,1.684,7.027,113.0,0.2396470755656752,65,"(59, 51)"
6764,6765,6765,6179.0,1.0,1.684,7.416,113.0,0.227076591154261,65,"(59, 52)"
6765,6766,6766,6283.0,1.0,1.483,6.002,113.0,0.2470843052315895,65,"(59, 53)"
6766,6767,6767,6157.0,1.0,1.483,5.804,113.0,0.255513439007581,65,"(59, 52)"
6767,6768,6768,6159.0,1.0,1.43,6.129,113.0,0.2333170174579866,65,"(59, 53)"
6768,6769,6769,6186.0,1.0,1.43,6.129,113.0,0.2333170174579866,65,"(59, 54)"
6769,6770,6770,256983.0,1.0,1.487,5.652,113.0,0.2630927105449399,65,"(59, 54)"
6770,6771,6771,6184.0,1.0,1.487,5.824,113.0,0.2553228021978022,65,"(59, 55)"
6771,6772,6772,6156.0,1.0,1.487,5.965,113.0,0.2492875104777871,65,"(59, 56)"
6772,6773,6773,6289.0,1.0,1.487,5.652,113.0,0.2630927105449399,65,"(59, 57)"
6773,6774,6774,6298.0,1.0,1.487,5.7,113.0,0.2608771929824561,65,"(59, 56)"
6774,6775,6775,6285.0,1.0,1.487,5.461,113.0,0.2722944515656473,65,"(59, 57)"
6775,6776,6776,186355.0,1.0,1.445,5.77,113.0,0.2504332755632583,65,"(59, 58)"
6776,6777,6777,179667.0,1.0,1.445,5.77,113.0,0.2504332755632583,65,"(59, 59)"
6777,6778,6778,6196.0,1.0,1.445,5.712,113.0,0.2529761904761905,65,"(59, 58)"
6778,6779,6779,6158.0,1.0,1.445,5.484,113.0,0.2634938001458789,65,"(59, 59)"
6779,6780,6780,6193.0,1.0,1.44,5.563,113.0,0.2588531367966924,65,"(59, 60)"
6780,6781,6781,6190.0,1.0,1.44,6.54,113.0,0.2201834862385321,65,"(59, 61)"
6781,6782,6782,6164.0,1.0,1.467,5.332,113.0,0.2751312828207052,65,"(59, 60)"
6782,6783,6783,6182.0,1.0,1.467,5.332,113.0,0.2751312828207052,65,"(59, 61)"
6783,6784,6784,6195.0,1.0,1.208,6.742,113.0,0.1791753188964699,66,"(60, 61)"
6784,6785,6785,6170.0,1.0,1.121,7.028,113.0,0.1595048377916904,66,"(60, 60)"
6785,6786,6786,6155.0,1.0,1.084,6.675,113.0,0.1623970037453183,66,"(60, 61)"
6786,6787,6787,6173.0,1.0,0.783,4.756,113.0,0.1646341463414634,66,"(60, 60)"
6787,6788,6788,6185.0,1.0,0.642,4.763,113.0,0.134788998530338,66,"(60, 59)"
6788,6789,6789,149520.0,1.0,0.347,4.765,113.0,0.072822665267576,66,"(60, 58)"
6789,6790,6790,,,,,,,66,"(60, 59)"
6790,6791,6791,,,,,,,66,"(60, 58)"
6791,6792,6792,,,,,,,66,"(60, 57)"
6792,6793,6793,4085.0,1.0,13.235,1.018,84.0,13.000982318271118,66,"(60, 56)"
6793,6794,6794,4151.0,1.0,8.213,4.858,84.0,1.6906134211609716,66,"(60, 57)"
6794,6795,6795,4151.0,1.0,8.213,4.858,84.0,1.6906134211609716,66,"(60, 56)"
6795,6796,6796,4039.0,1.0,4.874,4.859,84.0,1.003087054949578,66,"(60, 55)"
6796,6797,6797,209812.0,1.0,4.505,4.862,84.0,0.9265734265734266,66,"(60, 54)"
6797,6798,6798,4040.0,1.0,28.0,4.864,84.0,5.756578947368421,66,"(60, 55)"
6798,6799,6799,4007.0,1.0,3.608,4.867,84.0,0.7413190877337169,66,"(60, 54)"
6799,6800,6800,4019.0,1.0,3.785,4.873,84.0,0.7767289144264313,66,"(60, 53)"
6800,6801,6801,4027.0,1.0,3.595,4.874,84.0,0.7375871973738204,66,"(60, 52)"
6801,6802,6802,4013.0,1.0,3.357,4.876,84.0,0.6884741591468416,66,"(60, 53)"
6802,6803,6803,4028.0,1.0,3.336,6.304,84.0,0.5291878172588832,66,"(60, 52)"
6803,6804,6804,4012.0,1.0,2.723,3.172,84.0,0.8584489281210592,66,"(60, 51)"
6804,6805,6805,4001.0,1.0,2.621,4.905,84.0,0.5343527013251783,66,"(60, 50)"
6805,6806,6806,299617.0,1.0,2.428,4.907,84.0,0.4948033421642551,66,"(60, 51)"
6806,6807,6807,4159.0,1.0,2.428,4.909,84.0,0.4946017518842941,66,"(60, 50)"
6807,6808,6808,4041.0,1.0,2.514,2.909,84.0,0.8642145067033344,66,"(60, 49)"
6808,6809,6809,4021.0,1.0,2.377,4.912,84.0,0.4839169381107491,66,"(60, 48)"
6809,6810,6810,302324.0,1.0,2.377,4.913,84.0,0.4838184408711581,66,"(60, 49)"
6810,6811,6811,4030.0,1.0,2.168,4.916,84.0,0.4410089503661513,66,"(60, 48)"
6811,6812,6812,4017.0,1.0,2.227,4.917,84.0,0.4529184462070368,66,"(60, 47)"
6812,6813,6813,4022.0,1.0,2.133,4.918,84.0,0.4337128914192761,66,"(60, 46)"
6813,6814,6814,4152.0,1.0,2.2,4.922,84.0,0.4469727752945958,66,"(60, 47)"
6814,6815,6815,4025.0,1.0,2.117,4.923,84.0,0.4300223440991265,66,"(60, 46)"
6815,6816,6816,4046.0,1.0,2.141,4.924,84.0,0.4348090982940698,66,"(60, 45)"
6816,6817,6817,4014.0,1.0,2.141,4.925,84.0,0.4347208121827411,66,"(60, 44)"
6817,6818,6818,4004.0,1.0,1.972,4.926,84.0,0.4003248071457572,66,"(60, 45)"
6818,6819,6819,4043.0,1.0,1.972,4.928,84.0,0.4001623376623376,66,"(60, 44)"
6819,6820,6820,4049.0,1.0,27.0,4.937,84.0,5.4689082438727965,66,"(60, 43)"
6820,6821,6821,4050.0,1.0,2.066,4.939,84.0,0.4183033002632111,66,"(60, 42)"
6821,6822,6822,4006.0,1.0,2.066,5.0,84.0,0.4131999999999999,66,"(60, 43)"
6822,6823,6823,4006.0,1.0,2.066,5.0,84.0,0.4131999999999999,66,"(60, 42)"
6823,6824,6824,4038.0,1.0,1.988,5.004,84.0,0.3972821742605915,66,"(60, 41)"
6824,6825,6825,4037.0,1.0,1.931,5.006,84.0,0.3857371154614462,66,"(60, 40)"
6825,6826,6826,4029.0,1.0,1.931,5.012,84.0,0.3852753391859537,66,"(60, 41)"
6826,6827,6827,117022.0,1.0,1.931,5.013,84.0,0.3851984839417515,66,"(60, 40)"
6827,6828,6828,4024.0,1.0,1.821,5.019,84.0,0.3628212791392707,66,"(60, 39)"
6828,6829,6829,4044.0,1.0,1.821,5.02,84.0,0.3627490039840638,66,"(60, 38)"
6829,6830,6830,4032.0,1.0,1.963,5.022,84.0,0.3908801274392672,66,"(60, 39)"
6830,6831,6831,4148.0,1.0,1.963,5.023,84.0,0.3908023093768664,66,"(60, 38)"
6831,6832,6832,4154.0,1.0,1.775,3.17,84.0,0.5599369085173501,66,"(60, 37)"
6832,6833,6833,285508.0,1.0,1.775,2.928,84.0,0.6062158469945355,66,"(60, 36)"
6833,6834,6834,4009.0,1.0,1.876,3.315,84.0,0.5659125188536953,66,"(60, 37)"
6834,6835,6835,4149.0,1.0,1.876,5.045,84.0,0.3718533201189296,66,"(60, 36)"
6835,6836,6836,4015.0,1.0,1.762,5.049,84.0,0.3489799960388195,66,"(60, 35)"
6836,6837,6837,4005.0,1.0,1.762,5.053,84.0,0.348703740352266,66,"(60, 34)"
6837,6838,6838,4150.0,1.0,1.684,5.054,84.0,0.3332014246141669,66,"(60, 35)"
6838,6839,6839,4023.0,1.0,1.805,5.058,84.0,0.3568604191379992,66,"(60, 34)"
6839,6840,6840,4018.0,1.0,1.744,5.06,84.0,0.3446640316205533,66,"(60, 33)"
6840,6841,6841,4052.0,1.0,1.66,5.061,84.0,0.3279984192847263,66,"(60, 32)"
6841,6842,6842,4048.0,1.0,1.575,5.062,84.0,0.3111418411694982,66,"(60, 33)"
6842,6843,6843,4100.0,1.0,1.665,5.063,84.0,0.3288564092435315,66,"(60, 32)"
6843,6844,6844,4047.0,1.0,1.664,5.065,84.0,0.3285291214215202,66,"(60, 31)"
6844,6845,6845,4045.0,1.0,1.577,5.067,84.0,0.3112295243733964,66,"(60, 31)"
6845,6846,6846,4289.0,2.0,1.972,5.077,86.0,0.3884183572976167,66,"(60, 27)"
6846,6847,6847,4371.0,2.0,1.972,5.078,86.0,0.3883418668767231,66,"(60, 26)"
6847,6848,6848,4333.0,2.0,27.0,5.096,86.0,5.2982731554160125,66,"(60, 27)"
6848,6849,6849,4282.0,2.0,27.0,5.098,86.0,5.296194586112201,66,"(60, 26)"
6849,6850,6850,4328.0,2.0,2.066,5.104,86.0,0.4047805642633228,66,"(60, 25)"
6850,6851,6851,4317.0,2.0,1.775,8.547,86.0,0.2076752076752076,66,"(60, 24)"
6851,6852,6852,4314.0,2.0,1.876,5.109,86.0,0.3671951458211,66,"(60, 25)"
6852,6853,6853,4304.0,2.0,1.861,5.111,86.0,0.3641166112306789,66,"(60, 24)"
6853,6854,6854,4300.0,2.0,1.575,4.456,86.0,0.353456014362657,66,"(60, 23)"
6854,6855,6855,4279.0,2.0,1.575,5.112,86.0,0.3080985915492957,66,"(60, 22)"
6855,6856,6856,4281.0,2.0,1.575,5.113,86.0,0.3080383336592998,66,"(60, 23)"
6856,6857,6857,273328.0,2.0,1.483,5.118,86.0,0.2897616256350137,66,"(60, 22)"
6857,6858,6858,4303.0,2.0,1.483,5.12,86.0,0.2896484375,66,"(60, 21)"
6858,6859,6859,4312.0,2.0,1.43,3.846,86.0,0.3718148725949037,66,"(60, 20)"
6859,6860,6860,4335.0,2.0,1.445,5.122,86.0,0.2821163607965639,66,"(60, 21)"
6860,6861,6861,4298.0,2.0,1.44,5.123,86.0,0.2810853015811048,66,"(60, 20)"
6861,6862,6862,4332.0,2.0,1.359,5.124,86.0,0.2652224824355972,66,"(60, 19)"
6862,6863,6863,4343.0,2.0,1.331,5.127,86.0,0.2596060074117418,66,"(60, 18)"
6863,6864,6864,4292.0,2.0,1.326,3.307,86.0,0.4009676443906864,66,"(60, 19)"
6864,6865,6865,4257.0,2.0,1.326,5.128,86.0,0.2585803432137286,66,"(60, 18)"
6865,6866,6866,4285.0,2.0,1.326,5.132,86.0,0.2583787996882307,66,"(60, 17)"
6866,6867,6867,4283.0,2.0,1.195,5.134,86.0,0.2327619789637709,66,"(60, 16)"
6867,6868,6868,4322.0,2.0,0.698,0.699,86.0,0.9985693848354792,66,"(60, 17)"
6868,6869,6869,4296.0,2.0,0.707,5.136,86.0,0.1376557632398753,66,"(60, 16)"
6869,6870,6870,4340.0,2.0,0.632,0.462,86.0,1.3679653679653678,66,"(60, 15)"
6870,6871,6871,4293.0,2.0,0.534,0.213,86.0,2.507042253521127,66,"(60, 14)"
6871,6872,6872,4321.0,2.0,0.534,5.486,86.0,0.0973386802770689,66,"(60, 15)"
6872,6873,6873,4284.0,2.0,0.534,0.207,86.0,2.5797101449275366,66,"(60, 14)"
6873,6874,6874,4342.0,2.0,0.534,0.221,86.0,2.4162895927601813,66,"(60, 13)"
6874,6875,6875,4278.0,2.0,0.534,0.219,86.0,2.4383561643835616,66,"(60, 12)"
6875,6876,6876,4307.0,2.0,0.534,0.214,86.0,2.4953271028037385,66,"(60, 13)"
6876,6877,6877,3554.0,2.0,5.518,5.138,75.0,1.073958738808875,66,"(60, 12)"
6877,6878,6878,3692.0,2.0,2.791,5.139,75.0,0.5431017707725238,66,"(60, 11)"
6878,6879,6879,3130.0,2.0,1.202,5.14,75.0,0.233852140077821,66,"(60, 10)"
6879,6880,6880,3166.0,2.0,1.121,5.153,75.0,0.2175431787308364,66,"(60, 11)"
6880,6881,6881,3558.0,2.0,0.923,0.661,75.0,1.3963691376701968,66,"(60, 10)"
6881,6882,6882,3694.0,2.0,0.923,5.154,75.0,0.1790842064415987,66,"(60, 9)"
6882,6883,6883,3693.0,2.0,0.923,0.315,75.0,2.9301587301587304,66,"(60, 8)"
6883,6884,6884,3695.0,2.0,0.69,5.156,75.0,0.1338246702870442,66,"(60, 9)"
6884,6885,6885,6706.0,2.0,7.532,5.157,129.0,1.460539073104518,66,"(60, 8)"
6885,6886,6886,6703.0,2.0,4.06,5.158,129.0,0.7871267933307482,66,"(60, 7)"
6886,6887,6887,173344.0,2.0,2.542,5.873,129.0,0.4328281968329643,66,"(60, 6)"
6887,6888,6888,6705.0,2.0,2.719,5.492,129.0,0.4950837581937363,66,"(60, 7)"
6888,6889,6889,6702.0,2.0,2.543,7.106,129.0,0.3578665916127216,66,"(60, 6)"
6889,6890,6890,6704.0,2.0,2.2,5.16,129.0,0.4263565891472868,66,"(60, 5)"
6890,6891,6891,6701.0,2.0,2.2,5.16,129.0,0.4263565891472868,66,"(60, 4)"
6891,6892,6892,6700.0,2.0,2.045,5.161,129.0,0.3962410385584189,66,"(60, 5)"
6892,6893,6893,6698.0,2.0,2.066,5.166,129.0,0.3999225706542779,66,"(60, 4)"
6893,6894,6894,6763.0,2.0,2.052,0.564,129.0,3.638297872340426,66,"(60, 3)"
6894,6895,6895,6769.0,2.0,1.467,0.753,129.0,1.948207171314741,66,"(60, 2)"
6895,6896,6896,6849.0,2.0,1.222,0.662,129.0,1.8459214501510568,66,"(60, 3)"
6896,6897,6897,6288.0,2.0,6.859,7.659,113.0,0.8955477216346782,66,"(60, 2)"
6897,6898,6898,6286.0,2.0,3.238,7.445,113.0,0.4349227669576897,67,"(61, 2)"
6898,6899,6899,6176.0,2.0,2.318,7.394,113.0,0.3134974303489315,67,"(61, 3)"
6899,6900,6900,6297.0,2.0,2.377,7.297,113.0,0.3257503083458956,67,"(61, 2)"
6900,6901,6901,6295.0,2.0,2.322,7.257,113.0,0.3199669284828442,67,"(61, 3)"
6901,6902,6902,6293.0,2.0,2.227,8.711,113.0,0.255653771094019,67,"(61, 4)"
6902,6903,6903,6287.0,2.0,1.861,7.177,113.0,0.2593005434025359,67,"(61, 5)"
6903,6904,6904,6292.0,2.0,1.665,6.47,113.0,0.2573415765069552,67,"(61, 4)"
6904,6905,6905,18749.0,2.0,1.487,5.548,113.0,0.2680245133381398,67,"(61, 5)"
6905,6906,6906,6169.0,2.0,1.467,5.332,113.0,0.2751312828207052,67,"(61, 6)"
6906,6907,6907,6290.0,2.0,1.467,7.929,113.0,0.1850170261066969,67,"(61, 7)"
6907,6908,6908,6166.0,2.0,1.359,5.868,113.0,0.2315950920245398,67,"(61, 6)"
6908,6909,6909,63761.0,2.0,1.358,7.215,113.0,0.1882189882189882,67,"(61, 7)"
6909,6910,6910,6296.0,2.0,0.409,5.173,113.0,0.0790643727044268,67,"(61, 8)"
6910,6911,6911,6294.0,2.0,0.322,5.174,113.0,0.0622342481638964,67,"(61, 9)"
6911,6912,6912,4145.0,1.0,1.594,5.175,84.0,0.3080193236714976,67,"(61, 8)"
6912,6913,6913,4157.0,1.0,1.487,5.177,84.0,0.287231987637628,67,"(61, 9)"
6913,6914,6914,4003.0,1.0,1.487,5.178,84.0,0.287176516029355,67,"(61, 10)"
6914,6915,6915,4134.0,1.0,1.445,5.179,84.0,0.2790113921606488,67,"(61, 11)"
6915,6916,6916,4010.0,1.0,1.445,5.18,84.0,0.278957528957529,67,"(61, 10)"
6916,6917,6917,183663.0,1.0,1.445,5.181,84.0,0.2789036865469986,67,"(61, 11)"
6917,6918,6918,4042.0,1.0,1.44,5.199,84.0,0.2769763416041546,67,"(61, 12)"
6918,6919,6919,4031.0,1.0,1.358,5.201,84.0,0.2611036339165545,67,"(61, 13)"
6919,6920,6920,4103.0,1.0,1.331,5.203,84.0,0.255813953488372,67,"(61, 12)"
6920,6921,6921,4016.0,1.0,1.331,5.204,84.0,0.2557647963105303,67,"(61, 13)"
6921,6922,6922,4026.0,1.0,1.117,2.899,84.0,0.3853052776819592,67,"(61, 14)"
6922,6923,6923,4002.0,1.0,1.085,5.205,84.0,0.2084534101825168,67,"(61, 15)"
6923,6924,6924,4110.0,1.0,1.085,5.207,84.0,0.2083733435759554,67,"(61, 14)"
6924,6925,6925,104097.0,1.0,1.085,5.208,84.0,0.2083333333333333,67,"(61, 15)"
6925,6926,6926,4034.0,1.0,1.004,5.212,84.0,0.192632386799693,67,"(61, 16)"
6926,6927,6927,4097.0,1.0,0.957,5.213,84.0,0.1835795127565701,67,"(61, 17)"
6927,6928,6928,4092.0,1.0,0.913,5.214,84.0,0.1751054852320675,67,"(61, 16)"
6928,6929,6929,4096.0,1.0,0.923,5.215,84.0,0.1769894534995206,67,"(61, 17)"
6929,6930,6930,4153.0,1.0,0.856,5.216,84.0,0.1641104294478527,67,"(61, 18)"
6930,6931,6931,4020.0,1.0,0.742,5.217,84.0,0.1422273337166954,67,"(61, 19)"
6931,6932,6932,166512.0,2.0,7.646,5.221,84.0,1.464470407967822,67,"(61, 18)"
6932,6933,6933,166512.0,2.0,7.646,5.221,84.0,1.464470407967822,67,"(61, 19)"
6933,6934,6934,4104.0,2.0,3.377,5.223,84.0,0.6465632778096879,67,"(61, 20)"
6934,6935,6935,4160.0,2.0,2.428,5.225,84.0,0.464688995215311,67,"(61, 21)"
6935,6936,6936,166512.0,2.0,7.646,5.221,84.0,1.464470407967822,67,"(61, 20)"
6936,6937,6937,166512.0,2.0,7.646,5.221,84.0,1.464470407967822,67,"(61, 21)"
6937,6938,6938,4089.0,2.0,2.477,5.226,84.0,0.4739762724837351,67,"(61, 22)"
6938,6939,6939,4090.0,2.0,2.141,5.237,84.0,0.4088218445675005,67,"(61, 23)"
6939,6940,6940,4099.0,2.0,1.988,5.262,84.0,0.3778031166856709,67,"(61, 22)"
6940,6941,6941,4158.0,2.0,1.988,5.264,84.0,0.377659574468085,67,"(61, 23)"
6941,6942,6942,4108.0,2.0,1.775,5.265,84.0,0.3371320037986705,67,"(61, 24)"
6942,6943,6943,4146.0,2.0,1.775,5.267,84.0,0.3370039870894247,67,"(61, 25)"
6943,6944,6944,4105.0,2.0,1.762,5.293,84.0,0.3328924995276781,67,"(61, 24)"
6944,6945,6945,4101.0,2.0,1.762,5.294,84.0,0.3328296184359652,67,"(61, 25)"
6945,6946,6946,4051.0,2.0,1.762,5.296,84.0,0.3327039274924471,67,"(61, 26)"
6946,6947,6947,4156.0,2.0,1.762,5.302,84.0,0.3323274236137307,67,"(61, 27)"
6947,6948,6948,4106.0,2.0,1.762,5.303,84.0,0.3322647557986046,67,"(61, 26)"
6948,6949,6949,170072.0,2.0,1.659,5.305,84.0,0.3127238454288407,67,"(61, 27)"
6949,6950,6950,,,,,,,67,"(61, 31)"
6950,6951,6951,,,,,,,67,"(61, 31)"
6951,6952,6952,,,,,,,67,"(61, 32)"
6952,6953,6953,3714.0,1.0,6.672,7.276,76.0,0.9169873556899396,67,"(61, 33)"
6953,6954,6954,3727.0,1.0,6.165,5.306,76.0,1.1618921975122505,67,"(61, 32)"
6954,6955,6955,3561.0,1.0,6.713,5.307,76.0,1.2649331072168832,67,"(61, 33)"
6955,6956,6956,3604.0,1.0,6.46,5.308,76.0,1.2170308967596082,67,"(61, 34)"
6956,6957,6957,3721.0,1.0,6.166,5.314,76.0,1.1603312006021829,67,"(61, 35)"
6957,6958,6958,3725.0,1.0,5.681,7.683,76.0,0.739424703891709,67,"(61, 34)"
6958,6959,6959,3765.0,1.0,5.737,7.108,76.0,0.8071187394485088,67,"(61, 35)"
6959,6960,6960,3607.0,1.0,5.432,8.106,76.0,0.6701208981001727,67,"(61, 36)"
6960,6961,6961,3576.0,1.0,5.239,5.341,76.0,0.9809024527242088,67,"(61, 37)"
6961,6962,6962,3715.0,1.0,4.874,5.316,76.0,0.9168547780285928,67,"(61, 36)"
6962,6963,6963,3567.0,1.0,4.174,7.363,76.0,0.5668884965367378,67,"(61, 37)"
6963,6964,6964,200178.0,1.0,4.272,7.109,76.0,0.6009284006189338,67,"(61, 38)"
6964,6965,6965,3434.0,1.0,4.161,7.627,76.0,0.545561819850531,67,"(61, 39)"
6965,6966,6966,3742.0,1.0,28.0,6.676,76.0,4.194128220491312,67,"(61, 38)"
6966,6967,6967,3574.0,1.0,4.06,7.496,76.0,0.5416221985058697,67,"(61, 39)"
6967,6968,6968,3730.0,1.0,3.752,7.545,76.0,0.4972829688535454,67,"(61, 40)"
6968,6969,6969,3597.0,1.0,3.879,8.108,76.0,0.4784163788850518,67,"(61, 41)"
6969,6970,6970,3753.0,1.0,3.914,7.486,76.0,0.5228426395939086,67,"(61, 40)"
6970,6971,6971,3570.0,1.0,3.9,7.178,76.0,0.5433268319866258,67,"(61, 41)"
6971,6972,6972,3599.0,1.0,3.702,7.407,76.0,0.4997974888618874,67,"(61, 42)"
6972,6973,6973,3601.0,1.0,3.727,6.729,76.0,0.5538713033140139,67,"(61, 43)"
6973,6974,6974,257884.0,1.0,3.727,6.476,76.0,0.5755095738109944,67,"(61, 42)"
6974,6975,6975,3755.0,1.0,3.785,9.511,76.0,0.3979602565450531,67,"(61, 43)"
6975,6976,6976,3580.0,1.0,3.536,7.677,76.0,0.460596587208545,67,"(61, 44)"
6976,6977,6977,3720.0,1.0,3.465,13.286,76.0,0.2608008429926238,67,"(61, 45)"
6977,6978,6978,3761.0,1.0,3.336,7.451,76.0,0.4477251375654275,67,"(61, 44)"
6978,6979,6979,3579.0,1.0,3.336,7.451,76.0,0.4477251375654275,67,"(61, 45)"
6979,6980,6980,3767.0,1.0,3.142,5.318,76.0,0.5908236179014668,67,"(61, 46)"
6980,6981,6981,3746.0,1.0,2.964,5.718,76.0,0.5183630640083945,67,"(61, 47)"
6981,6982,6982,3748.0,1.0,2.723,6.132,76.0,0.4440639269406393,67,"(61, 46)"
6982,6983,6983,3724.0,1.0,2.542,5.32,76.0,0.4778195488721803,67,"(61, 47)"
6983,6984,6984,3743.0,1.0,2.449,5.322,76.0,0.4601653513716647,67,"(61, 48)"
6984,6985,6985,3584.0,1.0,2.527,5.323,76.0,0.4747322938192748,67,"(61, 49)"
6985,6986,6986,3610.0,1.0,2.567,5.331,76.0,0.4815231663852936,67,"(61, 48)"
6986,6987,6987,3593.0,1.0,2.477,5.333,76.0,0.4644665291580723,67,"(61, 49)"
6987,6988,6988,3758.0,1.0,2.205,7.417,76.0,0.2972900094377781,67,"(61, 50)"
6988,6989,6989,3736.0,1.0,2.168,7.963,76.0,0.2722591987944242,67,"(61, 51)"
6989,6990,6990,3752.0,1.0,2.227,5.335,76.0,0.4174320524835989,67,"(61, 50)"
6990,6991,6991,3717.0,1.0,2.133,5.363,76.0,0.3977251538318105,67,"(61, 51)"
6991,6992,6992,3737.0,1.0,2.045,5.365,76.0,0.3811742777260018,67,"(61, 52)"
6992,6993,6993,3738.0,1.0,2.117,3.262,76.0,0.6489883507050889,67,"(61, 53)"
6993,6994,6994,3575.0,1.0,2.141,5.369,76.0,0.3987707208046191,67,"(61, 52)"
6994,6995,6995,3837.0,1.0,2.141,8.004,76.0,0.2674912543728136,67,"(61, 53)"
6995,6996,6996,3573.0,1.0,2.052,5.37,76.0,0.3821229050279329,67,"(61, 54)"
6996,6997,6997,3741.0,1.0,1.988,5.372,76.0,0.3700670141474311,67,"(61, 55)"
6997,6998,6998,3602.0,1.0,1.963,5.373,76.0,0.3653452447422297,67,"(61, 54)"
6998,6999,6999,3975.0,1.0,1.762,5.374,76.0,0.3278749534797172,67,"(61, 55)"
6999,7000,7000,3719.0,1.0,1.744,5.375,76.0,0.3244651162790697,67,"(61, 56)"
7000,7001,7001,3766.0,1.0,1.744,5.376,76.0,0.3244047619047618,67,"(61, 57)"
7001,7002,7002,3587.0,1.0,1.744,3.821,76.0,0.4564250196283695,67,"(61, 56)"
7002,7003,7003,3763.0,1.0,1.744,5.377,76.0,0.3243444299795425,67,"(61, 57)"
7003,7004,7004,3757.0,1.0,1.744,5.378,76.0,0.3242841204908888,67,"(61, 58)"
7004,7005,7005,3582.0,1.0,1.66,5.414,76.0,0.3066124861470262,67,"(61, 59)"
7005,7006,7006,3747.0,1.0,1.66,2.95,76.0,0.5627118644067796,67,"(61, 58)"
7006,7007,7007,3559.0,1.0,1.596,5.489,76.0,0.2907633448715613,67,"(61, 59)"
7007,7008,7008,3760.0,1.0,1.43,3.459,76.0,0.4134142815842729,67,"(61, 60)"
7008,7009,7009,3598.0,1.0,1.43,5.501,76.0,0.2599527358662061,67,"(61, 61)"
7009,7010,7010,3566.0,1.0,1.43,5.502,76.0,0.2599054889131225,67,"(61, 60)"
7010,7011,7011,3754.0,1.0,1.43,5.549,76.0,0.257704090827176,67,"(61, 61)"
7011,7012,7012,3733.0,1.0,1.43,3.371,76.0,0.4242064669237614,1,"(62, 61)"
7012,7013,7013,3569.0,1.0,1.44,5.55,76.0,0.2594594594594595,1,"(62, 60)"
7013,7014,7014,3603.0,1.0,1.44,5.551,76.0,0.2594127184291118,1,"(62, 61)"
7014,7015,7015,3560.0,1.0,1.467,5.552,76.0,0.2642291066282421,1,"(62, 60)"
7015,7016,7016,3673.0,1.0,1.395,5.565,76.0,0.2506738544474393,1,"(62, 59)"
7016,7017,7017,3732.0,1.0,1.331,2.781,76.0,0.4786048184106436,1,"(62, 58)"
7017,7018,7018,3723.0,1.0,1.384,5.566,76.0,0.2486525332375134,1,"(62, 59)"
7018,7019,7019,3565.0,1.0,1.326,5.59,76.0,0.2372093023255814,1,"(62, 58)"
7019,7020,7020,3591.0,1.0,1.326,5.594,76.0,0.2370396853771898,1,"(62, 57)"
7020,7021,7021,3611.0,1.0,1.222,5.595,76.0,0.2184092940125111,1,"(62, 56)"
7021,7022,7022,3739.0,1.0,1.222,5.596,76.0,0.2183702644746247,1,"(62, 57)"
7022,7023,7023,3581.0,1.0,1.304,5.598,76.0,0.2329403358342265,1,"(62, 56)"
7023,7024,7024,3976.0,1.0,1.304,5.599,76.0,0.2328987319164136,1,"(62, 55)"
7024,7025,7025,3595.0,1.0,1.192,5.6,76.0,0.2128571428571428,1,"(62, 54)"
7025,7026,7026,3285.0,1.0,1.208,5.601,76.0,0.2156757721835386,1,"(62, 54)"
7026,7027,7027,3568.0,1.0,1.177,5.603,76.0,0.2100660360521149,1,"(62, 53)"
7027,7028,7028,84984.0,1.0,1.121,5.614,76.0,0.1996793729960812,1,"(62, 52)"
7028,7029,7029,3751.0,1.0,1.117,3.028,76.0,0.36889035667107,1,"(62, 53)"
7029,7030,7030,3572.0,1.0,1.085,5.625,76.0,0.1928888888888889,1,"(62, 52)"
7030,7031,7031,3745.0,1.0,1.085,5.626,76.0,0.192854603626022,1,"(62, 51)"
7031,7032,7032,3586.0,1.0,0.99,3.465,76.0,0.2857142857142857,1,"(62, 50)"
7032,7033,7033,3734.0,1.0,0.99,5.627,76.0,0.1759374444641905,1,"(62, 51)"
7033,7034,7034,3583.0,1.0,0.99,5.628,76.0,0.1759061833688699,1,"(62, 50)"
7034,7035,7035,3578.0,1.0,0.99,5.719,76.0,0.1731071865710788,1,"(62, 49)"
7035,7036,7036,24572.0,1.0,0.99,3.444,76.0,0.2874564459930314,1,"(62, 48)"
7036,7037,7037,3728.0,1.0,0.99,5.72,76.0,0.173076923076923,1,"(62, 49)"
7037,7038,7038,3632.0,1.0,0.99,5.721,76.0,0.1730466701625589,1,"(62, 48)"
7038,7039,7039,3600.0,1.0,0.917,3.629,76.0,0.2526866905483604,1,"(62, 47)"
7039,7040,7040,3759.0,1.0,0.917,5.722,76.0,0.1602586508213911,1,"(62, 46)"
7040,7041,7041,3588.0,1.0,0.957,5.725,76.0,0.1671615720524017,1,"(62, 47)"
7041,7042,7042,3735.0,1.0,0.957,5.726,76.0,0.1671323786238211,1,"(62, 46)"
7042,7043,7043,3718.0,1.0,0.957,5.742,76.0,0.1666666666666666,1,"(62, 45)"
7043,7044,7044,3716.0,1.0,0.957,5.743,76.0,0.1666376458297057,1,"(62, 44)"
7044,7045,7045,3729.0,1.0,0.913,5.744,76.0,0.1589484679665738,1,"(62, 45)"
7045,7046,7046,3764.0,1.0,0.913,5.746,76.0,0.1588931430560389,1,"(62, 44)"
7046,7047,7047,3749.0,1.0,0.923,5.748,76.0,0.1605775922059847,1,"(62, 43)"
7047,7048,7048,3605.0,1.0,0.923,5.749,76.0,0.1605496608105757,1,"(62, 42)"
7048,7049,7049,3577.0,1.0,0.836,5.752,76.0,0.1453407510431154,1,"(62, 43)"
7049,7050,7050,3592.0,1.0,0.856,5.753,76.0,0.148791934642795,1,"(62, 42)"
7050,7051,7051,3609.0,1.0,0.771,5.771,76.0,0.1335990296309132,1,"(62, 41)"
7051,7052,7052,3571.0,1.0,0.771,2.085,76.0,0.3697841726618705,1,"(62, 40)"
7052,7053,7053,3870.0,1.0,0.742,5.772,76.0,0.1285516285516285,1,"(62, 41)"
7053,7054,7054,3612.0,1.0,0.794,5.773,76.0,0.1375368092846007,1,"(62, 40)"
7054,7055,7055,3562.0,1.0,0.794,5.774,76.0,0.1375129892622099,1,"(62, 39)"
7055,7056,7056,3726.0,1.0,0.722,5.775,76.0,0.125021645021645,1,"(62, 38)"
7056,7057,7057,3594.0,1.0,0.698,5.781,76.0,0.1207403563397336,1,"(62, 39)"
7057,7058,7058,3608.0,1.0,0.707,5.782,76.0,0.12227602905569,1,"(62, 38)"
7058,7059,7059,163623.0,1.0,0.624,5.784,76.0,0.1078838174273859,1,"(62, 37)"
7059,7060,7060,3564.0,1.0,0.624,5.785,76.0,0.1078651685393258,1,"(62, 36)"
7060,7061,7061,3596.0,1.0,0.569,5.797,76.0,0.0981542176988097,1,"(62, 37)"
7061,7062,7062,3590.0,1.0,0.409,5.799,76.0,0.0705294016209691,1,"(62, 36)"
7062,7063,7063,3731.0,1.0,0.409,5.802,76.0,0.0704929334712168,1,"(62, 35)"
7063,7064,7064,,,,,,,1,"(62, 34)"
7064,7065,7065,,,,,,,1,"(62, 35)"
7065,7066,7066,,,,,,,1,"(62, 34)"
7066,7067,7067,2931.0,1.0,1.177,5.803,67.0,0.2028261244184042,1,"(62, 33)"
7067,7068,7068,2914.0,1.0,1.121,5.826,67.0,0.1924133196017851,1,"(62, 32)"
7068,7069,7069,2930.0,1.0,1.121,5.827,67.0,0.1923802986099193,1,"(62, 33)"
7069,7070,7070,2908.0,1.0,0.722,5.828,67.0,0.1238846945778997,1,"(62, 31)"
7070,7071,7071,6431.0,1.0,6.166,8.011,116.0,0.7696916739483212,1,"(62, 31)"
7071,7072,7072,4036.0,2.0,1.665,5.829,84.0,0.2856407617086979,1,"(62, 27)"
7072,7073,7073,4094.0,2.0,1.665,5.838,84.0,0.2852004110996917,1,"(62, 26)"
7073,7074,7074,4109.0,2.0,1.664,5.839,84.0,0.2849803048467203,1,"(62, 27)"
7074,7075,7075,4102.0,2.0,1.664,5.842,84.0,0.2848339609722697,1,"(62, 26)"
7075,7076,7076,4091.0,2.0,1.594,5.874,84.0,0.2713653387810691,1,"(62, 25)"
7076,7077,7077,4095.0,2.0,1.359,5.878,84.0,0.2312010888057162,1,"(62, 24)"
7077,7078,7078,4107.0,2.0,1.004,5.879,84.0,0.1707773430855587,1,"(62, 25)"
7078,7079,7079,3239.0,2.0,2.367,1.066,69.0,2.220450281425891,1,"(62, 24)"
7079,7080,7080,2945.0,2.0,1.972,0.663,69.0,2.974358974358974,1,"(62, 23)"
7080,7081,7081,3845.0,2.0,6.29,7.475,76.0,0.8414715719063546,1,"(62, 22)"
7081,7082,7082,3867.0,2.0,4.38,7.964,76.0,0.5499748869914616,1,"(62, 23)"
7082,7083,7083,3878.0,2.0,4.59,7.26,76.0,0.6322314049586777,1,"(62, 22)"
7083,7084,7084,3869.0,2.0,4.426,6.589,76.0,0.6717256032781909,1,"(62, 21)"
7084,7085,7085,164051.0,2.0,4.272,7.109,76.0,0.6009284006189338,1,"(62, 20)"
7085,7086,7086,3859.0,2.0,3.861,7.29,76.0,0.5296296296296297,1,"(62, 21)"
7086,7087,7087,3711.0,2.0,4.06,7.624,76.0,0.5325288562434417,1,"(62, 20)"
7087,7088,7088,3874.0,2.0,3.855,7.452,76.0,0.5173107890499195,1,"(62, 19)"
7088,7089,7089,3836.0,2.0,3.855,7.11,76.0,0.5421940928270041,1,"(62, 18)"
7089,7090,7090,3858.0,2.0,3.944,7.749,76.0,0.5089688992128016,1,"(62, 19)"
7090,7091,7091,3839.0,2.0,3.785,9.203,76.0,0.4112789307834402,1,"(62, 18)"
7091,7092,7092,3740.0,2.0,3.344,6.502,76.0,0.5143032912949862,1,"(62, 17)"
7092,7093,7093,3862.0,2.0,3.313,6.722,76.0,0.4928592680749776,1,"(62, 16)"
7093,7094,7094,3844.0,2.0,3.313,5.881,76.0,0.5633395681006632,1,"(62, 17)"
7094,7095,7095,3852.0,2.0,3.465,13.287,76.0,0.260781214721156,1,"(62, 16)"
7095,7096,7096,3840.0,2.0,3.336,7.123,76.0,0.4683419907342411,1,"(62, 15)"
7096,7097,7097,3713.0,2.0,3.162,7.281,76.0,0.434281005356407,1,"(62, 14)"
7097,7098,7098,3847.0,2.0,2.377,5.882,76.0,0.4041142468548113,1,"(62, 15)"
7098,7099,7099,3865.0,2.0,2.227,5.887,76.0,0.3782911499915067,1,"(62, 14)"
7099,7100,7100,3857.0,2.0,2.227,7.35,76.0,0.3029931972789115,1,"(62, 13)"
7100,7101,7101,3762.0,2.0,2.133,5.891,76.0,0.3620777457138007,1,"(62, 12)"
7101,7102,7102,4111.0,2.0,2.113,7.261,76.0,0.2910067483817656,1,"(62, 13)"
7102,7103,7103,3841.0,2.0,2.113,7.79,76.0,0.2712451861360719,1,"(62, 12)"
7103,7104,7104,3708.0,2.0,2.141,5.901,76.0,0.3628198610405016,1,"(62, 11)"
7104,7105,7105,3700.0,2.0,1.963,5.902,76.0,0.3325991189427313,1,"(62, 10)"
7105,7106,7106,3696.0,2.0,1.805,5.905,76.0,0.3056731583403895,1,"(62, 11)"
7106,7107,7107,3750.0,2.0,1.805,5.906,76.0,0.3056214019641043,1,"(62, 9)"
7107,7108,7108,3871.0,2.0,1.7,5.91,76.0,0.2876480541455161,1,"(62, 8)"
7108,7109,7109,3853.0,2.0,1.7,5.911,76.0,0.2875993909659956,1,"(62, 9)"
7109,7110,7110,3843.0,2.0,1.43,5.914,76.0,0.24179912073047,1,"(62, 8)"
7110,7111,7111,3854.0,2.0,1.43,3.459,76.0,0.4134142815842729,1,"(62, 7)"
7111,7112,7112,3863.0,2.0,1.445,2.801,76.0,0.5158871831488754,1,"(62, 6)"
7112,7113,7113,178008.0,2.0,1.445,5.915,76.0,0.2442941673710904,1,"(62, 7)"
7113,7114,7114,3864.0,2.0,1.358,5.916,76.0,0.2295469912102772,1,"(62, 6)"
7114,7115,7115,3704.0,2.0,1.395,5.92,76.0,0.2356418918918918,1,"(62, 5)"
7115,7116,7116,3842.0,2.0,1.331,5.921,76.0,0.2247931092720824,1,"(62, 4)"
7116,7117,7117,3866.0,2.0,1.331,5.929,76.0,0.2244897959183673,1,"(62, 5)"
7117,7118,7118,3879.0,2.0,1.331,5.935,76.0,0.224262847514743,1,"(62, 4)"
7118,7119,7119,3707.0,2.0,1.331,5.936,76.0,0.2242250673854447,1,"(62, 3)"
7119,7120,7120,3698.0,2.0,1.331,5.939,76.0,0.2241118033338945,1,"(62, 2)"
7120,7121,7121,3838.0,2.0,1.177,5.952,76.0,0.1977486559139785,1,"(62, 3)"
7121,7122,7122,3709.0,2.0,1.202,5.953,76.0,0.2019150008399126,1,"(62, 2)"
7122,7123,7123,3856.0,2.0,1.121,5.962,76.0,0.1880241529688024,4,"(63, 2)"
7123,7124,7124,3697.0,2.0,1.117,5.966,76.0,0.1872276231981227,4,"(63, 3)"
7124,7125,7125,3849.0,2.0,1.085,5.967,76.0,0.1818334171275347,4,"(63, 2)"
7125,7126,7126,3877.0,2.0,31.0,5.968,76.0,5.194369973190349,4,"(63, 3)"
7126,7127,7127,92995.0,2.0,0.99,5.969,76.0,0.1658569274585357,4,"(63, 4)"
7127,7128,7128,3880.0,2.0,0.917,5.97,76.0,0.1536013400335008,4,"(63, 5)"
7128,7129,7129,3705.0,2.0,0.917,5.975,76.0,0.1534728033472803,4,"(63, 4)"
7129,7130,7130,3848.0,2.0,0.931,5.976,76.0,0.1557898259705488,4,"(63, 5)"
7130,7131,7131,3872.0,2.0,0.957,5.996,76.0,0.159606404269513,4,"(63, 6)"
7131,7132,7132,3872.0,2.0,0.957,5.996,76.0,0.159606404269513,4,"(63, 7)"
7132,7133,7133,3851.0,2.0,0.957,5.725,76.0,0.1671615720524017,4,"(63, 6)"
7133,7134,7134,3710.0,2.0,0.957,5.997,76.0,0.1595797898949474,4,"(63, 7)"
7134,7135,7135,3860.0,2.0,0.923,5.998,76.0,0.1538846282094031,4,"(63, 8)"
7135,7136,7136,3873.0,2.0,0.923,5.999,76.0,0.1538589764960826,4,"(63, 9)"
7136,7137,7137,3850.0,2.0,0.923,6.0,76.0,0.1538333333333333,4,"(63, 8)"
7137,7138,7138,3876.0,2.0,0.923,6.003,76.0,0.1537564551057804,4,"(63, 9)"
7138,7139,7139,3706.0,2.0,0.923,2.377,76.0,0.3883045856121161,4,"(63, 10)"
7139,7140,7140,3703.0,2.0,0.923,2.377,76.0,0.3883045856121161,4,"(63, 11)"
7140,7141,7141,3712.0,2.0,0.923,6.004,76.0,0.1537308461025983,4,"(63, 10)"
7141,7142,7142,3699.0,2.0,0.836,6.007,76.0,0.1391709672049275,4,"(63, 11)"
7142,7143,7143,3846.0,2.0,0.856,6.009,76.0,0.1424529871858878,4,"(63, 12)"
7143,7144,7144,3855.0,2.0,0.771,6.013,76.0,0.1282221852652586,4,"(63, 13)"
7144,7145,7145,3701.0,2.0,0.698,5.781,76.0,0.1207403563397336,4,"(63, 12)"
7145,7146,7146,3875.0,2.0,0.632,6.014,76.0,0.1050881277020285,4,"(63, 13)"
7146,7147,7147,2911.0,2.0,6.168,6.016,67.0,1.0252659574468086,4,"(63, 14)"
7147,7148,7148,3249.0,2.0,2.799,6.017,67.0,0.4651819843775968,4,"(63, 15)"
7148,7149,7149,3264.0,2.0,1.125,6.021,67.0,0.186846038863976,4,"(63, 14)"
7149,7150,7150,6429.0,1.0,4.697,9.206,116.0,0.5102107321312188,4,"(63, 15)"
7150,7151,7151,6418.0,1.0,3.536,13.288,116.0,0.2661047561709813,4,"(63, 16)"
7151,7152,7152,6432.0,1.0,3.536,12.033,116.0,0.2938585556386603,4,"(63, 17)"
7152,7153,7153,6416.0,1.0,3.536,2.442,116.0,1.447993447993448,4,"(63, 16)"
7153,7154,7154,6422.0,1.0,3.536,6.022,116.0,0.5871803387578878,4,"(63, 17)"
7154,7155,7155,6430.0,1.0,3.536,6.023,116.0,0.5870828490785324,4,"(63, 18)"
7155,7156,7156,6419.0,1.0,2.95,8.267,116.0,0.3568404499818556,4,"(63, 19)"
7156,7157,7157,6425.0,1.0,2.95,8.405,116.0,0.3509815585960738,4,"(63, 18)"
7157,7158,7158,6428.0,1.0,2.723,6.024,116.0,0.4520252324037184,4,"(63, 19)"
7158,7159,7159,6339.0,1.0,1.744,8.181,116.0,0.2131768732428798,4,"(63, 20)"
7159,7160,7160,6423.0,1.0,1.487,6.359,116.0,0.2338417990250039,4,"(63, 21)"
7160,7161,7161,6420.0,1.0,1.445,6.795,116.0,0.2126563649742457,4,"(63, 20)"
7161,7162,7162,6346.0,1.0,1.202,6.025,116.0,0.1995020746887966,4,"(63, 21)"
7162,7163,7163,6427.0,1.0,1.121,6.026,116.0,0.1860272153999336,4,"(63, 22)"
7163,7164,7164,6424.0,1.0,0.931,5.557,116.0,0.1675364405254633,4,"(63, 23)"
7164,7165,7165,6426.0,1.0,0.957,6.028,116.0,0.1587591240875912,4,"(63, 22)"
7165,7166,7166,6421.0,1.0,0.346,6.029,116.0,0.0573892851219107,4,"(63, 23)"
7166,7167,7167,6343.0,1.0,0.226,6.03,116.0,0.0374792703150912,4,"(63, 24)"
7167,7168,7168,6345.0,2.0,3.313,6.032,116.0,0.549237400530504,4,"(63, 25)"
7168,7169,7169,6341.0,2.0,2.832,6.033,116.0,0.4694181999005469,4,"(63, 24)"
7169,7170,7170,206620.0,2.0,1.483,2.301,116.0,0.6445023902651021,4,"(63, 25)"
7170,7171,7171,6342.0,2.0,1.487,6.504,116.0,0.2286285362853629,4,"(63, 26)"
7171,7172,7172,6451.0,2.0,1.195,6.034,116.0,0.19804441498177,4,"(63, 27)"
7172,7173,7173,6349.0,2.0,1.195,6.267,116.0,0.1906813467368757,4,"(63, 26)"
7173,7174,7174,6350.0,2.0,0.931,5.557,116.0,0.1675364405254633,4,"(63, 27)"
7174,7175,7175,,,,,,,4,"(63, 31)"
7175,7176,7176,,,,,,,4,"(63, 31)"
7176,7177,7177,252003.0,1.0,5.278,9.249,61.0,0.57065628716618,4,"(63, 32)"
7177,7178,7178,2671.0,1.0,5.388,6.829,61.0,0.7889881388197394,4,"(63, 33)"
7178,7179,7179,2661.0,1.0,4.174,7.367,61.0,0.5665806977059862,4,"(63, 32)"
7179,7180,7180,2683.0,1.0,3.161,6.49,61.0,0.4870570107858243,4,"(63, 33)"
7180,7181,7181,2686.0,1.0,3.138,6.036,61.0,0.5198807157057654,4,"(63, 34)"
7181,7182,7182,2659.0,1.0,3.063,6.038,61.0,0.5072871811858232,4,"(63, 35)"
7182,7183,7183,2689.0,1.0,2.584,6.039,61.0,0.4278854114919689,4,"(63, 34)"
7183,7184,7184,2662.0,1.0,2.543,6.04,61.0,0.4210264900662251,4,"(63, 35)"
7184,7185,7185,2708.0,1.0,2.205,6.636,61.0,0.3322784810126582,4,"(63, 36)"
7185,7186,7186,2669.0,1.0,2.205,6.738,61.0,0.3272484416740872,4,"(63, 37)"
7186,7187,7187,2694.0,1.0,2.28,6.043,61.0,0.3772960450107562,4,"(63, 36)"
7187,7188,7188,2710.0,1.0,2.28,6.047,61.0,0.3770464693236315,4,"(63, 37)"
7188,7189,7189,2665.0,1.0,2.227,6.05,61.0,0.368099173553719,4,"(63, 38)"
7189,7190,7190,2666.0,1.0,2.133,6.051,61.0,0.3525037183936539,4,"(63, 39)"
7190,7191,7191,2681.0,1.0,2.2,2.627,61.0,0.8374571754853446,4,"(63, 38)"
7191,7192,7192,2692.0,1.0,2.113,6.457,61.0,0.3272417531361313,4,"(63, 39)"
7192,7193,7193,2690.0,1.0,2.066,6.052,61.0,0.3413747521480502,4,"(63, 40)"
7193,7194,7194,2699.0,1.0,1.931,6.054,61.0,0.3189626693095474,4,"(63, 41)"
7194,7195,7195,2685.0,1.0,1.861,6.055,61.0,0.3073492981007432,4,"(63, 40)"
7195,7196,7196,2700.0,1.0,1.762,6.056,61.0,0.2909511228533685,4,"(63, 41)"
7196,7197,7197,2680.0,1.0,1.684,6.061,61.0,0.2778419402738822,4,"(63, 42)"
7197,7198,7198,2663.0,1.0,1.664,6.062,61.0,0.2744968657208841,4,"(63, 43)"
7198,7199,7199,2673.0,1.0,1.596,6.063,61.0,0.2632360217714003,4,"(63, 42)"
7199,7200,7200,2667.0,1.0,1.596,6.064,61.0,0.2631926121372032,4,"(63, 43)"
7200,7201,7201,296539.0,1.0,1.467,6.066,61.0,0.241839762611276,4,"(63, 44)"
7201,7202,7202,2697.0,1.0,1.359,6.068,61.0,0.2239617666446935,4,"(63, 45)"
7202,7203,7203,2674.0,1.0,1.358,6.072,61.0,0.2236495388669301,4,"(63, 44)"
7203,7204,7204,110255.0,1.0,1.395,6.073,61.0,0.2297052527581096,4,"(63, 45)"
7204,7205,7205,2684.0,1.0,1.331,6.074,61.0,0.2191307211063549,4,"(63, 46)"
7205,7206,7206,2704.0,1.0,1.384,6.077,61.0,0.2277439526081948,4,"(63, 47)"
7206,7207,7207,2678.0,1.0,1.326,3.562,61.0,0.3722627737226278,4,"(63, 46)"
7207,7208,7208,2709.0,1.0,1.326,3.562,61.0,0.3722627737226278,4,"(63, 47)"
7208,7209,7209,2693.0,1.0,1.304,6.078,61.0,0.2145442579795985,4,"(63, 48)"
7209,7210,7210,2702.0,1.0,1.304,6.08,61.0,0.2144736842105263,4,"(63, 49)"
7210,7211,7211,2668.0,1.0,1.195,6.086,61.0,0.1963522839303319,4,"(63, 48)"
7211,7212,7212,2706.0,1.0,0.923,6.094,61.0,0.1514604529044962,4,"(63, 49)"
7212,7213,7213,2687.0,1.0,0.923,6.095,61.0,0.1514356029532403,4,"(63, 50)"
7213,7214,7214,2707.0,1.0,0.836,6.096,61.0,0.1371391076115485,4,"(63, 51)"
7214,7215,7215,2696.0,1.0,0.836,6.097,61.0,0.137116614728555,4,"(63, 50)"
7215,7216,7216,2695.0,1.0,0.707,6.133,61.0,0.1152780042393608,4,"(63, 51)"
7216,7217,7217,2676.0,1.0,0.707,6.134,61.0,0.1152592109553309,4,"(63, 52)"
7217,7218,7218,,,,,,,4,"(63, 53)"
7218,7219,7219,,,,,,,4,"(63, 52)"
7219,7220,7220,,,,,,,4,"(63, 53)"
7220,7221,7221,3791.0,1.0,9.146,6.135,81.0,1.49079054604727,4,"(63, 54)"
7221,7222,7222,3776.0,1.0,8.197,6.142,81.0,1.3345815695213283,4,"(63, 55)"
7222,7223,7223,3790.0,1.0,7.532,6.153,81.0,1.224118316268487,4,"(63, 54)"
7223,7224,7224,3795.0,1.0,5.136,6.154,81.0,0.834579135521612,4,"(63, 55)"
7224,7225,7225,3785.0,1.0,4.38,6.155,81.0,0.7116165718927701,4,"(63, 56)"
7225,7226,7226,3770.0,1.0,3.731,6.163,81.0,0.6053869868570501,4,"(63, 57)"
7226,7227,7227,3803.0,1.0,3.727,6.167,81.0,0.6043457110426463,4,"(63, 56)"
7227,7228,7228,3778.0,1.0,3.785,6.168,81.0,0.6136511024643321,4,"(63, 57)"
7228,7229,7229,3793.0,1.0,3.466,6.169,81.0,0.5618414653914736,4,"(63, 58)"
7229,7230,7230,3771.0,1.0,3.017,6.173,81.0,0.4887412927263891,4,"(63, 59)"
7230,7231,7231,3788.0,1.0,1.931,6.174,81.0,0.3127632005183025,4,"(63, 58)"
7231,7232,7232,3779.0,1.0,1.775,6.176,81.0,0.2874028497409326,4,"(63, 59)"
7232,7233,7233,3796.0,1.0,1.805,6.18,81.0,0.2920711974110032,4,"(63, 60)"
7233,7234,7234,3802.0,1.0,1.7,6.181,81.0,0.2750364018767189,4,"(63, 61)"
7234,7235,7235,3780.0,1.0,1.575,6.186,81.0,0.2546071774975751,4,"(63, 60)"
7235,7236,7236,3798.0,1.0,1.664,6.188,81.0,0.2689075630252101,4,"(63, 61)"
7236,7237,7237,3800.0,1.0,1.664,6.189,81.0,0.2688641137502019,3,"(64, 61)"
7237,7238,7238,3806.0,1.0,1.594,6.19,81.0,0.2575121163166397,3,"(64, 60)"
7238,7239,7239,3786.0,1.0,1.395,3.128,81.0,0.4459718670076726,3,"(64, 61)"
7239,7240,7240,3789.0,1.0,1.192,6.191,81.0,0.192537554514618,3,"(64, 60)"
7240,7241,7241,3773.0,1.0,1.195,3.179,81.0,0.3759043724441648,3,"(64, 59)"
7241,7242,7242,3794.0,1.0,1.121,6.192,81.0,0.1810400516795865,3,"(64, 58)"
7242,7243,7243,3805.0,1.0,1.121,6.192,81.0,0.1810400516795865,3,"(64, 59)"
7243,7244,7244,3781.0,1.0,1.084,6.197,81.0,0.1749233500080684,3,"(64, 58)"
7244,7245,7245,3768.0,1.0,1.125,2.851,81.0,0.3945983865310417,3,"(64, 57)"
7245,7246,7246,3797.0,1.0,1.064,6.198,81.0,0.1716682800903517,3,"(64, 56)"
7246,7247,7247,3777.0,1.0,0.99,2.844,81.0,0.3481012658227848,3,"(64, 57)"
7247,7248,7248,3772.0,1.0,0.923,6.216,81.0,0.1484877734877734,3,"(64, 56)"
7248,7249,7249,3784.0,1.0,0.836,6.235,81.0,0.1340817963111467,3,"(64, 55)"
7249,7250,7250,3769.0,1.0,0.836,6.238,81.0,0.1340173132414235,3,"(64, 54)"
7250,7251,7251,3783.0,1.0,0.783,6.239,81.0,0.1255008815515307,3,"(64, 55)"
7251,7252,7252,3801.0,1.0,0.771,6.243,81.0,0.1234983181162902,3,"(64, 54)"
7252,7253,7253,3799.0,1.0,0.707,6.245,81.0,0.1132105684547638,3,"(64, 53)"
7253,7254,7254,3792.0,1.0,0.632,6.246,81.0,0.1011847582452769,3,"(64, 52)"
7254,7255,7255,3756.0,1.0,0.465,6.249,81.0,0.0744119059049448,3,"(64, 53)"
7255,7256,7256,3787.0,1.0,0.379,6.258,81.0,0.0605624800255672,3,"(64, 52)"
7256,7257,7257,,,,,,,3,"(64, 51)"
7257,7258,7258,,,,,,,3,"(64, 50)"
7258,7259,7259,,,,,,,3,"(64, 51)"
7259,7260,7260,6967.0,1.0,10.453,0.953,132.0,10.968520461699894,3,"(64, 50)"
7260,7261,7261,6968.0,1.0,0.794,0.592,132.0,1.3412162162162165,3,"(64, 49)"
7261,7262,7262,,,,,,,3,"(64, 48)"
7262,7263,7263,4697.0,1.0,2.052,9.398,92.0,0.218344328580549,3,"(64, 49)"
7263,7264,7264,4735.0,1.0,1.963,8.702,92.0,0.2255803263617559,3,"(64, 48)"
7264,7265,7265,4738.0,1.0,1.659,7.263,92.0,0.228418009087154,3,"(64, 47)"
7265,7266,7266,,,,,,,3,"(64, 46)"
7266,7267,7267,,,,,,,3,"(64, 47)"
7267,7268,7268,4635.0,1.0,4.643,6.259,89.0,0.7418117910209298,3,"(64, 46)"
7268,7269,7269,4641.0,1.0,0.632,6.265,89.0,0.100877893056664,3,"(64, 45)"
7269,7270,7270,6411.0,1.0,3.415,8.848,115.0,0.3859629294755877,3,"(64, 44)"
7270,7271,7271,6408.0,1.0,2.227,6.27,115.0,0.3551834130781499,3,"(64, 45)"
7271,7272,7272,6413.0,1.0,1.358,6.272,115.0,0.2165178571428571,3,"(64, 44)"
7272,7273,7273,6412.0,1.0,1.195,6.273,115.0,0.1904989638131675,3,"(64, 43)"
7273,7274,7274,6414.0,1.0,0.913,6.274,115.0,0.145521198597386,3,"(64, 42)"
7274,7275,7275,125176.0,1.0,0.69,6.275,115.0,0.1099601593625497,3,"(64, 43)"
7275,7276,7276,,,,,,,3,"(64, 42)"
7276,7277,7277,215242.0,1.0,4.426,6.277,118.0,0.7051139079177952,3,"(64, 41)"
7277,7278,7278,6469.0,1.0,3.752,6.279,118.0,0.5975473801560758,3,"(64, 40)"
7278,7279,7279,6517.0,1.0,3.9,6.282,118.0,0.6208213944603629,3,"(64, 41)"
7279,7280,7280,6503.0,1.0,3.727,6.285,118.0,0.5929992044550517,3,"(64, 40)"
7280,7281,7281,6490.0,1.0,3.055,6.293,118.0,0.4854600349594788,3,"(64, 39)"
7281,7282,7282,6495.0,1.0,2.799,6.309,118.0,0.4436519258202567,3,"(64, 38)"
7282,7283,7283,6504.0,1.0,2.666,6.31,118.0,0.4225039619651347,3,"(64, 39)"
7283,7284,7284,6515.0,1.0,2.367,6.311,118.0,0.3750594200602123,3,"(64, 38)"
7284,7285,7285,6482.0,1.0,2.227,6.312,118.0,0.3528200253485424,3,"(64, 37)"
7285,7286,7286,6446.0,1.0,2.141,6.313,118.0,0.3391414541422461,3,"(64, 36)"
7286,7287,7287,6494.0,1.0,2.119,6.315,118.0,0.3355502771179731,3,"(64, 37)"
7287,7288,7288,6497.0,1.0,1.972,6.317,118.0,0.3121735000791515,3,"(64, 36)"
7288,7289,7289,6474.0,1.0,1.988,6.318,118.0,0.3146565368787591,3,"(64, 35)"
7289,7290,7290,6477.0,1.0,1.931,6.319,118.0,0.3055863269504668,3,"(64, 34)"
7290,7291,7291,6498.0,1.0,1.963,1.361,118.0,1.4423218221895666,3,"(64, 35)"
7291,7292,7292,6487.0,1.0,1.805,6.32,118.0,0.2856012658227848,3,"(64, 34)"
7292,7293,7293,6440.0,1.0,1.744,6.321,118.0,0.2759057111216579,3,"(64, 33)"
7293,7294,7294,6491.0,1.0,1.577,6.322,118.0,0.2494463777285669,3,"(64, 32)"
7294,7295,7295,6483.0,1.0,1.594,6.328,118.0,0.2518963337547408,3,"(64, 33)"
7295,7296,7296,6447.0,1.0,1.43,6.33,118.0,0.2259083728278041,3,"(64, 32)"
7296,7297,7297,288310.0,1.0,1.359,6.331,118.0,0.2146580319064918,3,"(64, 31)"
7297,7298,7298,6484.0,1.0,1.359,6.332,118.0,0.2146241313960833,3,"(64, 31)"
7298,7299,7299,6417.0,2.0,0.957,6.333,116.0,0.1511132164850781,3,"(64, 27)"
7299,7300,7300,6344.0,2.0,0.957,6.338,116.0,0.1509940044177974,3,"(64, 26)"
7300,7301,7301,6340.0,2.0,0.771,6.339,116.0,0.1216280170373876,3,"(64, 27)"
7301,7302,7302,6347.0,2.0,0.509,6.34,116.0,0.0802839116719243,3,"(64, 26)"
7302,7303,7303,3035.0,2.0,4.174,6.341,61.0,0.6582557956158335,3,"(64, 25)"
7303,7304,7304,3034.0,2.0,4.34,6.41,61.0,0.6770670826833073,3,"(64, 24)"
7304,7305,7305,3043.0,2.0,3.336,7.304,61.0,0.456736035049288,3,"(64, 25)"
7305,7306,7306,3033.0,2.0,3.161,6.342,61.0,0.4984232103437401,3,"(64, 24)"
7306,7307,7307,3036.0,2.0,3.138,6.392,61.0,0.4909261576971213,3,"(64, 23)"
7307,7308,7308,3045.0,2.0,2.543,6.677,61.0,0.3808596675153513,3,"(64, 22)"
7308,7309,7309,3041.0,2.0,2.28,6.345,61.0,0.359338061465721,3,"(64, 23)"
7309,7310,7310,3048.0,2.0,2.227,6.348,61.0,0.3508191556395715,3,"(64, 22)"
7310,7311,7311,3037.0,2.0,2.227,6.36,61.0,0.3501572327044024,3,"(64, 21)"
7311,7312,7312,3039.0,2.0,1.805,6.364,61.0,0.2836266499057197,3,"(64, 20)"
7312,7313,7313,3046.0,2.0,1.744,6.394,61.0,0.2727557084766969,3,"(64, 21)"
7313,7314,7314,291385.0,2.0,1.44,1.889,61.0,0.7623080995235574,3,"(64, 20)"
7314,7315,7315,78707.0,2.0,1.467,6.395,61.0,0.2293979671618452,3,"(64, 19)"
7315,7316,7316,3030.0,2.0,1.304,6.396,61.0,0.2038774233896185,3,"(64, 18)"
7316,7317,7317,3028.0,2.0,1.208,6.397,61.0,0.1888385180553384,3,"(64, 19)"
7317,7318,7318,3029.0,2.0,1.085,6.398,61.0,0.1695842450765864,3,"(64, 18)"
7318,7319,7319,102793.0,2.0,0.913,6.399,61.0,0.1426785435224253,3,"(64, 17)"
7319,7320,7320,3884.0,2.0,4.417,6.406,81.0,0.689509834530128,3,"(64, 16)"
7320,7321,7321,115741.0,2.0,4.755,6.409,81.0,0.7419254173818068,3,"(64, 17)"
7321,7322,7322,115741.0,2.0,4.755,6.409,81.0,0.7419254173818068,3,"(64, 16)"
7322,7323,7323,3913.0,2.0,3.785,6.412,81.0,0.5902994385527137,3,"(64, 15)"
7323,7324,7324,3904.0,2.0,3.491,6.415,81.0,0.5441932969602494,3,"(64, 14)"
7324,7325,7325,3897.0,2.0,3.344,6.417,81.0,0.5211157861929251,3,"(64, 15)"
7325,7326,7326,3916.0,2.0,3.287,6.418,81.0,0.5121533187909005,3,"(64, 14)"
7326,7327,7327,3895.0,2.0,3.017,6.441,81.0,0.4684055270920664,3,"(64, 13)"
7327,7328,7328,3895.0,2.0,3.017,6.441,81.0,0.4684055270920664,3,"(64, 12)"
7328,7329,7329,3888.0,2.0,2.95,6.443,81.0,0.457861244761757,3,"(64, 13)"
7329,7330,7330,3888.0,2.0,2.95,6.443,81.0,0.457861244761757,3,"(64, 12)"
7330,7331,7331,3918.0,2.0,2.584,6.444,81.0,0.4009931719428926,3,"(64, 11)"
7331,7332,7332,3912.0,2.0,2.542,6.445,81.0,0.3944142746314972,3,"(64, 10)"
7332,7333,7333,3883.0,2.0,1.876,6.449,81.0,0.2908978136145139,3,"(64, 11)"
7333,7334,7334,3893.0,2.0,1.861,6.45,81.0,0.2885271317829457,3,"(64, 10)"
7334,7335,7335,3901.0,2.0,1.684,6.451,81.0,0.2610447992559293,3,"(64, 9)"
7335,7336,7336,3915.0,2.0,1.483,6.452,81.0,0.2298512089274643,3,"(64, 8)"
7336,7337,7337,3896.0,2.0,1.577,6.455,81.0,0.2443067389620449,3,"(64, 9)"
7337,7338,7338,3917.0,2.0,1.43,6.458,81.0,0.2214307835243109,3,"(64, 8)"
7338,7339,7339,3902.0,2.0,1.202,6.46,81.0,0.1860681114551083,3,"(64, 7)"
7339,7340,7340,3906.0,2.0,1.125,6.498,81.0,0.1731301939058171,3,"(64, 6)"
7340,7341,7341,3892.0,2.0,1.004,6.499,81.0,0.1544853054316048,3,"(64, 7)"
7341,7342,7342,3890.0,2.0,1.064,6.503,81.0,0.1636167922497308,3,"(64, 6)"
7342,7343,7343,299077.0,2.0,0.99,6.507,81.0,0.1521438450899032,3,"(64, 5)"
7343,7344,7344,3881.0,2.0,0.99,6.514,81.0,0.1519803500153515,3,"(64, 4)"
7344,7345,7345,203802.0,2.0,0.931,6.515,81.0,0.1429009976976208,3,"(64, 5)"
7345,7346,7346,3914.0,2.0,0.707,2.3,81.0,0.3073913043478261,3,"(64, 4)"
7346,7347,7347,3910.0,2.0,0.591,6.518,81.0,0.0906719852715556,3,"(64, 3)"
7347,7348,7348,3905.0,2.0,0.591,6.541,81.0,0.0903531570096315,3,"(64, 2)"
7348,7349,7349,3908.0,2.0,0.601,2.007,81.0,0.299451918285999,3,"(64, 3)"
7349,7350,7350,3899.0,2.0,0.569,6.542,81.0,0.0869764597982268,3,"(64, 2)"
7350,7351,7351,3909.0,2.0,0.569,2.077,81.0,0.2739528165623495,68,"(65, 2)"
7351,7352,7352,3891.0,2.0,0.564,6.55,81.0,0.0861068702290076,68,"(65, 3)"
7352,7353,7353,3889.0,2.0,0.564,2.555,81.0,0.220743639921722,68,"(65, 2)"
7353,7354,7354,3886.0,2.0,0.564,2.555,81.0,0.220743639921722,68,"(65, 3)"
7354,7355,7355,4196.0,2.0,0.488,6.551,81.0,0.0744924439016943,68,"(65, 4)"
7355,7356,7356,3775.0,2.0,0.379,6.552,81.0,0.0578449328449328,68,"(65, 5)"
7356,7357,7357,3885.0,2.0,0.347,1.723,81.0,0.2013929193267556,68,"(65, 4)"
7357,7358,7358,3804.0,2.0,0.346,6.594,81.0,0.0524719441916894,68,"(65, 5)"
7358,7359,7359,3882.0,2.0,0.346,6.595,81.0,0.0524639878695981,68,"(65, 6)"
7359,7360,7360,71353.0,2.0,0.258,6.596,81.0,0.0391146149181322,68,"(65, 7)"
7360,7361,7361,291384.0,2.0,0.226,6.597,81.0,0.0342579960588146,68,"(65, 6)"
7361,7362,7362,158300.0,2.0,0.226,6.598,81.0,0.0342528038799636,68,"(65, 7)"
7362,7363,7363,84875.0,2.0,0.226,6.598,81.0,0.0342528038799636,68,"(65, 8)"
7363,7364,7364,6989.0,2.0,2.119,6.599,132.0,0.3211092589786331,68,"(65, 9)"
7364,7365,7365,7014.0,2.0,2.119,6.6,132.0,0.3210606060606061,68,"(65, 8)"
7365,7366,7366,7006.0,2.0,1.972,1.117,132.0,1.76544315129812,68,"(65, 9)"
7366,7367,7367,7012.0,2.0,1.972,6.603,132.0,0.2986521278206875,68,"(65, 11)"
7367,7368,7368,7004.0,2.0,27.0,6.605,132.0,4.08781226343679,68,"(65, 10)"
7368,7369,7369,7008.0,2.0,2.052,1.083,132.0,1.8947368421052635,68,"(65, 11)"
7369,7370,7370,7000.0,2.0,2.052,1.058,132.0,1.939508506616257,68,"(65, 12)"
7370,7371,7371,6992.0,2.0,2.052,1.052,132.0,1.950570342205323,68,"(65, 13)"
7371,7372,7372,6995.0,2.0,2.052,1.086,132.0,1.889502762430939,68,"(65, 12)"
7372,7373,7373,6999.0,2.0,1.988,1.103,132.0,1.8023572076155936,68,"(65, 13)"
7373,7374,7374,6990.0,2.0,1.665,6.607,132.0,0.2520054487664598,68,"(65, 14)"
7374,7375,7375,7005.0,2.0,1.596,6.61,132.0,0.2414523449319213,68,"(65, 15)"
7375,7376,7376,7003.0,2.0,1.395,0.541,132.0,2.578558225508318,68,"(65, 14)"
7376,7377,7377,7011.0,2.0,1.395,0.591,132.0,2.3604060913705585,68,"(65, 15)"
7377,7378,7378,6991.0,2.0,1.222,0.754,132.0,1.6206896551724137,68,"(65, 16)"
7378,7379,7379,7013.0,2.0,1.004,0.665,132.0,1.5097744360902254,68,"(65, 17)"
7379,7380,7380,6996.0,2.0,1.064,0.904,132.0,1.176991150442478,68,"(65, 16)"
7380,7381,7381,7010.0,2.0,1.064,0.917,132.0,1.1603053435114503,68,"(65, 17)"
7381,7382,7382,7001.0,2.0,31.0,0.918,132.0,33.769063180827885,68,"(65, 18)"
7382,7383,7383,7007.0,2.0,0.836,0.739,132.0,1.1312584573748308,68,"(65, 19)"
7383,7384,7384,6993.0,2.0,0.856,6.611,132.0,0.1294811677507185,68,"(65, 18)"
7384,7385,7385,7009.0,2.0,0.856,6.613,132.0,0.1294420081657341,68,"(65, 19)"
7385,7386,7386,6998.0,2.0,0.783,0.54,132.0,1.45,68,"(65, 20)"
7386,7387,7387,42779.0,2.0,0.642,0.755,132.0,0.8503311258278146,68,"(65, 21)"
7387,7388,7388,184239.0,2.0,2.671,6.614,92.0,0.4038403386755367,68,"(65, 20)"
7388,7389,7389,4708.0,2.0,2.428,7.264,92.0,0.3342511013215858,68,"(65, 21)"
7389,7390,7390,202431.0,2.0,2.341,7.179,92.0,0.3260899846775317,68,"(65, 22)"
7390,7391,7391,123527.0,2.0,2.045,8.68,92.0,0.2355990783410138,68,"(65, 23)"
7391,7392,7392,4713.0,2.0,2.113,6.62,92.0,0.3191842900302115,68,"(65, 22)"
7392,7393,7393,4718.0,2.0,27.0,6.621,92.0,4.077933846850929,68,"(65, 23)"
7393,7394,7394,4706.0,2.0,2.052,9.596,92.0,0.2138390996248436,68,"(65, 24)"
7394,7395,7395,4687.0,2.0,2.052,9.341,92.0,0.2196766941440959,68,"(65, 25)"
7395,7396,7396,4723.0,2.0,1.876,10.9,92.0,0.1721100917431192,68,"(65, 24)"
7396,7397,7397,4707.0,2.0,1.805,7.562,92.0,0.2386934673366834,68,"(65, 25)"
7397,7398,7398,4724.0,2.0,1.66,13.289,92.0,0.1249153435171946,68,"(65, 26)"
7398,7399,7399,4717.0,2.0,1.7,6.623,92.0,0.2566812622678544,68,"(65, 27)"
7399,7400,7400,4703.0,2.0,1.575,3.372,92.0,0.4670818505338078,68,"(65, 26)"
7400,7401,7401,4727.0,2.0,1.575,6.629,92.0,0.2375923970432946,68,"(65, 27)"
7401,7402,7402,,,,,,,68,"(65, 31)"
7402,7403,7403,24268.0,1.0,1.358,6.631,118.0,0.2047956567636857,68,"(65, 31)"
7403,7404,7404,6473.0,1.0,1.358,6.635,118.0,0.2046721929163527,68,"(65, 33)"
7404,7405,7405,6520.0,1.0,1.358,6.644,118.0,0.2043949428055388,68,"(65, 32)"
7405,7406,7406,6486.0,1.0,1.326,6.645,118.0,0.199548532731377,68,"(65, 33)"
7406,7407,7407,6443.0,1.0,1.304,6.678,118.0,0.1952680443246481,68,"(65, 34)"
7407,7408,7408,6444.0,1.0,1.208,6.684,118.0,0.1807301017354877,68,"(65, 35)"
7408,7409,7409,6442.0,1.0,1.177,6.685,118.0,0.1760658189977562,68,"(65, 34)"
7409,7410,7410,6448.0,1.0,1.202,6.694,118.0,0.1795637884672841,68,"(65, 35)"
7410,7411,7411,6481.0,1.0,1.125,6.698,118.0,0.1679605852493281,68,"(65, 36)"
7411,7412,7412,6449.0,1.0,1.125,6.706,118.0,0.1677602147330748,68,"(65, 37)"
7412,7413,7413,6475.0,1.0,1.085,6.716,118.0,0.1615544967242406,68,"(65, 36)"
7413,7414,7414,6485.0,1.0,1.004,6.72,118.0,0.1494047619047619,68,"(65, 37)"
7414,7415,7415,6521.0,1.0,1.064,6.721,118.0,0.1583097753310519,68,"(65, 38)"
7415,7416,7416,6502.0,1.0,31.0,6.726,118.0,4.608980077311924,68,"(65, 39)"
7416,7417,7417,6445.0,1.0,0.99,6.731,118.0,0.1470806715198336,68,"(65, 38)"
7417,7418,7418,6439.0,1.0,0.99,6.736,118.0,0.1469714964370546,68,"(65, 39)"
7418,7419,7419,6500.0,1.0,0.917,6.739,118.0,0.1360736014245437,68,"(65, 40)"
7419,7420,7420,6468.0,1.0,0.917,1.449,118.0,0.6328502415458938,68,"(65, 41)"
7420,7421,7421,6437.0,1.0,0.931,6.74,118.0,0.1381305637982195,68,"(65, 40)"
7421,7422,7422,6472.0,1.0,0.931,6.757,118.0,0.1377830398105668,68,"(65, 41)"
7422,7423,7423,6476.0,1.0,0.931,6.761,118.0,0.1377015234432776,68,"(65, 42)"
7423,7424,7424,6510.0,1.0,0.957,6.762,118.0,0.1415261756876663,68,"(65, 43)"
7424,7425,7425,6493.0,1.0,0.923,6.763,118.0,0.1364778944255508,68,"(65, 42)"
7425,7426,7426,6492.0,1.0,0.923,6.775,118.0,0.1362361623616236,68,"(65, 43)"
7426,7427,7427,6470.0,1.0,0.923,6.779,118.0,0.1361557751880808,68,"(65, 44)"
7427,7428,7428,6478.0,1.0,0.836,6.796,118.0,0.1230135373749264,68,"(65, 45)"
7428,7429,7429,6480.0,1.0,0.856,6.801,118.0,0.1258638435524187,68,"(65, 44)"
7429,7430,7430,6479.0,1.0,0.742,6.802,118.0,0.1090855630696853,68,"(65, 45)"
7430,7431,7431,6496.0,1.0,0.698,6.803,118.0,0.1026017933264736,68,"(65, 46)"
7431,7432,7432,6466.0,1.0,0.69,6.83,118.0,0.1010248901903367,68,"(65, 47)"
7432,7433,7433,6488.0,1.0,0.624,6.834,118.0,0.0913081650570676,68,"(65, 46)"
7433,7434,7434,6499.0,1.0,0.488,6.835,118.0,0.0713972201901975,68,"(65, 47)"
7434,7435,7435,6471.0,1.0,0.409,6.839,118.0,0.0598040649217721,68,"(65, 48)"
7435,7436,7436,,,,,,,68,"(65, 49)"
7436,7437,7437,,,,,,,68,"(65, 48)"
7437,7438,7438,,,,,,,68,"(65, 49)"
7438,7439,7439,6760.0,1.0,2.567,6.84,127.0,0.3752923976608187,68,"(65, 50)"
7439,7440,7440,6748.0,1.0,2.133,6.844,127.0,0.3116598480420806,68,"(65, 51)"
7440,7441,7441,6741.0,1.0,2.045,7.112,127.0,0.2875421822272216,68,"(65, 50)"
7441,7442,7442,6754.0,1.0,2.117,7.124,127.0,0.297164514317799,68,"(65, 51)"
7442,7443,7443,6743.0,1.0,2.052,7.128,127.0,0.2878787878787879,68,"(65, 52)"
7443,7444,7444,6749.0,1.0,1.988,7.129,127.0,0.2788609903212232,68,"(65, 53)"
7444,7445,7445,6758.0,1.0,1.988,7.132,127.0,0.2787436904094223,68,"(65, 52)"
7445,7446,7446,6744.0,1.0,1.988,7.134,127.0,0.2786655452761424,68,"(65, 53)"
7446,7447,7447,6740.0,1.0,1.775,7.18,127.0,0.2472144846796657,68,"(65, 54)"
7447,7448,7448,289327.0,1.0,1.483,0.345,127.0,4.298550724637682,68,"(65, 54)"
7448,7449,7449,234395.0,1.0,1.331,0.286,127.0,4.653846153846154,68,"(65, 55)"
7449,7450,7450,6756.0,1.0,1.192,7.187,127.0,0.1658550160011131,68,"(65, 56)"
7450,7451,7451,6747.0,1.0,1.208,7.19,127.0,0.1680111265646731,68,"(65, 57)"
7451,7452,7452,6739.0,1.0,1.202,7.191,127.0,0.1671533861771659,68,"(65, 56)"
7452,7453,7453,6745.0,1.0,1.084,7.196,127.0,0.150639244024458,68,"(65, 57)"
7453,7454,7454,6755.0,1.0,1.064,7.197,127.0,0.1478393775184104,68,"(65, 58)"
7454,7455,7455,6742.0,1.0,0.917,0.783,127.0,1.1711366538952743,68,"(65, 59)"
7455,7456,7456,6738.0,1.0,0.931,7.199,127.0,0.1293235171551604,68,"(65, 58)"
7456,7457,7457,6759.0,1.0,0.642,0.609,127.0,1.0541871921182266,68,"(65, 59)"
7457,7458,7458,6753.0,1.0,0.642,7.2,127.0,0.0891666666666666,68,"(65, 60)"
7458,7459,7459,6750.0,1.0,0.601,0.803,127.0,0.7484433374844333,68,"(65, 61)"
7459,7460,7460,6757.0,1.0,0.601,0.824,127.0,0.729368932038835,68,"(65, 60)"
7460,7461,7461,6752.0,1.0,0.488,0.538,127.0,0.9070631970260222,68,"(65, 61)"
7461,7462,7462,6751.0,1.0,0.347,7.265,127.0,0.0477632484514796,6,"(66, 61)"
7462,7463,7463,,,,,,,6,"(66, 60)"
7463,7464,7464,,,,,,,6,"(66, 61)"
7464,7465,7465,23191.0,1.0,6.485,7.268,74.0,0.8922674738580078,6,"(66, 60)"
7465,7466,7466,288777.0,1.0,6.295,7.277,74.0,0.8650542806101416,6,"(66, 59)"
7466,7467,7467,3307.0,1.0,2.666,7.282,74.0,0.3661082120296621,6,"(66, 58)"
7467,7468,7468,3150.0,1.0,2.791,7.283,74.0,0.3832212000549224,6,"(66, 59)"
7468,7469,7469,3157.0,1.0,2.318,7.284,74.0,0.3182317408017573,6,"(66, 58)"
7469,7470,7470,3158.0,1.0,2.471,7.285,74.0,0.3391901166781057,6,"(66, 57)"
7470,7471,7471,3324.0,1.0,1.861,7.286,74.0,0.2554213560252539,6,"(66, 56)"
7471,7472,7472,3278.0,1.0,1.762,7.287,74.0,0.2418004665843282,6,"(66, 57)"
7472,7473,7473,3297.0,1.0,1.684,7.289,74.0,0.2310330635203731,6,"(66, 56)"
7473,7474,7474,3169.0,1.0,1.684,7.291,74.0,0.2309696886572486,6,"(66, 55)"
7474,7475,7475,3165.0,1.0,1.744,7.292,74.0,0.2391662095447065,6,"(66, 54)"
7475,7476,7476,3301.0,1.0,1.66,7.305,74.0,0.2272416153319644,6,"(66, 55)"
7476,7477,7477,3149.0,1.0,1.596,7.308,74.0,0.2183908045977011,6,"(66, 54)"
7477,7478,7478,175696.0,1.0,1.483,7.309,74.0,0.2029005335887262,6,"(66, 53)"
7478,7479,7479,250382.0,1.0,1.577,7.31,74.0,0.2157318741450068,6,"(66, 52)"
7479,7480,7480,123499.0,1.0,1.577,7.31,74.0,0.2157318741450068,6,"(66, 53)"
7480,7481,7481,3305.0,1.0,1.43,7.311,74.0,0.1955956777458624,6,"(66, 52)"
7481,7482,7482,3280.0,1.0,1.487,7.312,74.0,0.2033643326039387,6,"(66, 51)"
7482,7483,7483,3145.0,1.0,1.487,7.313,74.0,0.2033365239983591,6,"(66, 50)"
7483,7484,7484,3159.0,1.0,1.445,7.314,74.0,0.1975663111840306,6,"(66, 51)"
7484,7485,7485,3153.0,1.0,1.445,7.352,74.0,0.1965451577801958,6,"(66, 50)"
7485,7486,7486,3282.0,1.0,1.445,7.361,74.0,0.1963048498845265,6,"(66, 49)"
7486,7487,7487,3303.0,1.0,1.44,7.368,74.0,0.1954397394136807,6,"(66, 48)"
7487,7488,7488,3310.0,1.0,1.44,7.369,74.0,0.1954132175329081,6,"(66, 49)"
7488,7489,7489,3148.0,1.0,1.359,7.372,74.0,0.1843461747151383,6,"(66, 48)"
7489,7490,7490,3320.0,1.0,1.358,7.378,74.0,0.1840607210626186,6,"(66, 47)"
7490,7491,7491,3318.0,1.0,1.395,7.379,74.0,0.1890500067759859,6,"(66, 46)"
7491,7492,7492,3131.0,1.0,1.331,7.38,74.0,0.1803523035230352,6,"(66, 47)"
7492,7493,7493,3129.0,1.0,1.331,7.382,74.0,0.1803034408019506,6,"(66, 46)"
7493,7494,7494,3322.0,1.0,1.384,7.383,74.0,0.1874576730326425,6,"(66, 45)"
7494,7495,7495,3461.0,1.0,1.384,7.385,74.0,0.1874069058903182,6,"(66, 44)"
7495,7496,7496,3460.0,1.0,1.384,7.453,74.0,0.1856970347511069,6,"(66, 45)"
7496,7497,7497,251265.0,1.0,1.192,7.455,74.0,0.1598926894701542,6,"(66, 44)"
7497,7498,7498,3321.0,1.0,1.192,7.457,74.0,0.1598498055518304,6,"(66, 43)"
7498,7499,7499,3323.0,1.0,1.195,7.459,74.0,0.1602091433167985,6,"(66, 42)"
7499,7500,7500,3163.0,1.0,1.208,7.463,74.0,0.1618652016615302,6,"(66, 43)"
7500,7501,7501,3146.0,1.0,1.177,7.465,74.0,0.1576691225720027,6,"(66, 42)"
7501,7502,7502,3139.0,1.0,1.121,7.476,74.0,0.1499464954521134,6,"(66, 41)"
7502,7503,7503,3172.0,1.0,1.121,7.477,74.0,0.149926441085997,6,"(66, 40)"
7503,7504,7504,3288.0,1.0,1.084,7.479,74.0,0.1449391629897045,6,"(66, 41)"
7504,7505,7505,3290.0,1.0,1.084,7.48,74.0,0.1449197860962567,6,"(66, 40)"
7505,7506,7506,3302.0,1.0,1.084,7.485,74.0,0.1448229792919171,6,"(66, 39)"
7506,7507,7507,3140.0,1.0,1.084,7.487,74.0,0.1447842927741418,6,"(66, 38)"
7507,7508,7508,3286.0,1.0,1.125,7.49,74.0,0.1502002670226969,6,"(66, 39)"
7508,7509,7509,3284.0,1.0,1.125,7.492,74.0,0.1501601708489055,6,"(66, 38)"
7509,7510,7510,132117.0,1.0,1.117,2.827,74.0,0.3951185001768659,6,"(66, 37)"
7510,7511,7511,147533.0,1.0,1.117,7.493,74.0,0.1490724676364606,6,"(66, 36)"
7511,7512,7512,3171.0,1.0,1.117,7.498,74.0,0.1489730594825286,6,"(66, 37)"
7512,7513,7513,3138.0,1.0,1.117,7.575,74.0,0.1474587458745874,6,"(66, 36)"
7513,7514,7514,3279.0,1.0,1.117,7.582,74.0,0.1473226061725138,6,"(66, 35)"
7514,7515,7515,3298.0,1.0,1.085,7.583,74.0,0.1430832124488988,6,"(66, 34)"
7515,7516,7516,3142.0,1.0,1.004,7.587,74.0,0.1323316198761038,6,"(66, 35)"
7516,7517,7517,169589.0,1.0,1.004,7.588,74.0,0.13231418028466,6,"(66, 34)"
7517,7518,7518,223291.0,1.0,1.004,7.588,74.0,0.13231418028466,6,"(66, 33)"
7518,7519,7519,3164.0,1.0,1.004,7.589,74.0,0.1322967452892344,6,"(66, 32)"
7519,7520,7520,3287.0,1.0,1.004,7.591,74.0,0.1322618890791727,6,"(66, 33)"
7520,7521,7521,3143.0,1.0,1.004,7.599,74.0,0.1321226477168048,6,"(66, 32)"
7521,7522,7522,3306.0,1.0,1.064,7.6,74.0,0.14,6,"(66, 31)"
7522,7523,7523,3137.0,1.0,1.064,7.602,74.0,0.1399631675874769,6,"(66, 31)"
7523,7524,7524,4730.0,2.0,1.192,7.607,92.0,0.1566977783620349,6,"(66, 27)"
7524,7525,7525,4715.0,2.0,0.601,7.609,92.0,0.0789854120120909,6,"(66, 26)"
7525,7526,7526,4729.0,2.0,0.564,7.614,92.0,0.074074074074074,6,"(66, 27)"
7526,7527,7527,4585.0,2.0,1.177,7.64,91.0,0.1540575916230366,6,"(66, 26)"
7527,7528,7528,6696.0,2.0,2.791,7.643,128.0,0.3651707444720659,6,"(66, 25)"
7528,7529,7529,4712.0,2.0,2.908,7.654,94.0,0.3799320616671021,6,"(66, 24)"
7529,7530,7530,4700.0,2.0,2.567,8.761,94.0,0.2930030818399726,6,"(66, 25)"
7530,7531,7531,4722.0,2.0,2.322,6.119,94.0,0.3794737702238928,6,"(66, 24)"
7531,7532,7532,4725.0,2.0,2.205,7.656,94.0,0.2880094043887147,6,"(66, 23)"
7532,7533,7533,4716.0,2.0,2.052,7.674,94.0,0.2673964034401876,6,"(66, 22)"
7533,7534,7534,4711.0,2.0,1.821,7.66,94.0,0.2377284595300261,6,"(66, 23)"
7534,7535,7535,4710.0,2.0,1.821,7.661,94.0,0.2376974285341339,6,"(66, 22)"
7535,7536,7536,4732.0,2.0,1.577,7.671,94.0,0.2055794550906009,6,"(66, 21)"
7536,7537,7537,4719.0,2.0,1.445,13.294,94.0,0.108695652173913,6,"(66, 20)"
7537,7538,7538,4695.0,2.0,1.359,7.675,94.0,0.1770684039087948,6,"(66, 21)"
7538,7539,7539,4696.0,2.0,1.195,13.295,94.0,0.0898834148176006,6,"(66, 20)"
7539,7540,7540,4731.0,2.0,1.121,7.676,94.0,0.146039603960396,6,"(66, 19)"
7540,7541,7541,4733.0,2.0,1.117,7.679,94.0,0.1454616486521682,6,"(66, 18)"
7541,7542,7542,4709.0,2.0,1.004,7.68,94.0,0.1307291666666666,6,"(66, 19)"
7542,7543,7543,4704.0,2.0,0.698,7.681,94.0,0.090873584168728,6,"(66, 18)"
7543,7544,7544,4726.0,2.0,1.121,9.867,95.0,0.1136110266545049,6,"(66, 17)"
7544,7545,7545,4698.0,2.0,0.913,7.682,95.0,0.1188492580057276,6,"(66, 16)"
7545,7546,7546,4640.0,2.0,0.69,7.684,89.0,0.0897969807391983,6,"(66, 17)"
7546,7547,7547,4640.0,2.0,0.69,7.684,89.0,0.0897969807391983,6,"(66, 16)"
7547,7548,7548,4583.0,2.0,0.601,7.688,89.0,0.0781737773152965,6,"(66, 15)"
7548,7549,7549,4583.0,2.0,0.601,7.688,89.0,0.0781737773152965,6,"(66, 14)"
7549,7550,7550,4640.0,2.0,0.69,7.684,89.0,0.0897969807391983,6,"(66, 15)"
7550,7551,7551,4640.0,2.0,0.69,7.684,89.0,0.0897969807391983,6,"(66, 14)"
7551,7552,7552,4583.0,2.0,0.601,7.688,89.0,0.0781737773152965,6,"(66, 13)"
7552,7553,7553,4583.0,2.0,0.601,7.688,89.0,0.0781737773152965,6,"(66, 12)"
7553,7554,7554,4640.0,2.0,0.69,7.684,89.0,0.0897969807391983,6,"(66, 13)"
7554,7555,7555,4640.0,2.0,0.69,7.684,89.0,0.0897969807391983,6,"(66, 12)"
7555,7556,7556,6410.0,2.0,2.045,7.689,115.0,0.265964364676811,6,"(66, 11)"
7556,7557,7557,6336.0,2.0,2.113,7.692,115.0,0.2747009880395216,6,"(66, 10)"
7557,7558,7558,4640.0,2.0,0.69,7.684,89.0,0.0897969807391983,6,"(66, 11)"
7558,7559,7559,4640.0,2.0,0.69,7.684,89.0,0.0897969807391983,6,"(66, 10)"
7559,7560,7560,6333.0,2.0,2.119,7.732,115.0,0.2740558717020176,6,"(66, 9)"
7560,7561,7561,6338.0,2.0,1.395,7.733,115.0,0.1803957067114961,6,"(66, 8)"
7561,7562,7562,6334.0,2.0,1.125,7.735,115.0,0.145442792501616,6,"(66, 9)"
7562,7563,7563,6335.0,2.0,0.931,7.736,115.0,0.1203464322647363,6,"(66, 8)"
7563,7564,7564,6337.0,2.0,0.632,7.737,115.0,0.0816854077807935,6,"(66, 7)"
7564,7565,7565,6513.0,2.0,2.113,7.74,118.0,0.2729974160206718,6,"(66, 6)"
7565,7566,7566,6441.0,2.0,1.861,7.742,118.0,0.2403771635236373,6,"(66, 7)"
7566,7567,7567,6512.0,2.0,1.202,7.755,118.0,0.154996776273372,6,"(66, 6)"
7567,7568,7568,6507.0,2.0,0.931,7.756,118.0,0.1200361010830324,6,"(66, 5)"
7568,7569,7569,6506.0,2.0,0.771,7.758,118.0,0.0993812838360402,6,"(66, 4)"
7569,7570,7570,188672.0,2.0,0.742,7.765,118.0,0.0955569864777849,6,"(66, 5)"
7570,7571,7571,6509.0,2.0,0.69,1.824,118.0,0.3782894736842105,6,"(66, 4)"
7571,7572,7572,6514.0,2.0,0.624,7.766,118.0,0.0803502446561936,6,"(66, 3)"
7572,7573,7573,6508.0,2.0,0.457,7.768,118.0,0.0588311019567456,6,"(66, 2)"
7573,7574,7574,6692.0,2.0,2.168,7.771,127.0,0.2789859734911852,6,"(66, 3)"
7574,7575,7575,6695.0,2.0,2.28,7.772,127.0,0.2933607822954194,6,"(66, 2)"
7575,7576,7576,16143.0,2.0,1.43,7.785,127.0,0.1836865767501605,69,"(67, 2)"
7576,7577,7577,206880.0,2.0,1.445,0.381,127.0,3.79265091863517,69,"(67, 3)"
7577,7578,7578,6694.0,2.0,1.326,7.791,127.0,0.170196380438968,69,"(67, 2)"
7578,7579,7579,6688.0,2.0,1.195,7.792,127.0,0.1533624229979466,69,"(67, 3)"
7579,7580,7580,6689.0,2.0,1.208,2.046,127.0,0.5904203323558163,69,"(67, 4)"
7580,7581,7581,6687.0,2.0,0.624,0.621,127.0,1.0048309178743962,69,"(67, 5)"
7581,7582,7582,6691.0,2.0,0.232,1.032,127.0,0.2248062015503876,69,"(67, 4)"
7582,7583,7583,6690.0,2.0,0.188,0.68,127.0,0.2764705882352941,69,"(67, 5)"
7583,7584,7584,3309.0,1.0,1.064,7.6,74.0,0.14,69,"(67, 6)"
7584,7585,7585,3300.0,1.0,31.0,7.794,74.0,3.977418527072107,69,"(67, 7)"
7585,7586,7586,3134.0,1.0,31.0,7.794,74.0,3.977418527072107,69,"(67, 6)"
7586,7587,7587,3325.0,1.0,0.957,7.802,74.0,0.1226608561907203,69,"(67, 7)"
7587,7588,7588,3133.0,1.0,0.923,7.804,74.0,0.1182726806765761,69,"(67, 8)"
7588,7589,7589,3316.0,1.0,0.923,7.808,74.0,0.1182120901639344,69,"(67, 9)"
7589,7590,7590,3291.0,1.0,0.836,7.809,74.0,0.1070559610705596,69,"(67, 8)"
7590,7591,7591,3315.0,1.0,0.836,7.811,74.0,0.1070285494815004,69,"(67, 9)"
7591,7592,7592,3144.0,1.0,0.856,7.816,74.0,0.1095189355168884,69,"(67, 10)"
7592,7593,7593,3296.0,1.0,0.856,7.82,74.0,0.109462915601023,69,"(67, 11)"
7593,7594,7594,3152.0,1.0,0.856,7.823,74.0,0.1094209382589799,69,"(67, 10)"
7594,7595,7595,3293.0,1.0,0.856,7.827,74.0,0.1093650185256164,69,"(67, 11)"
7595,7596,7596,3313.0,1.0,0.783,7.829,74.0,0.1000127730233746,69,"(67, 12)"
7596,7597,7597,3289.0,1.0,0.783,2.341,74.0,0.334472447671935,69,"(67, 13)"
7597,7598,7598,3141.0,1.0,0.771,7.83,74.0,0.0984674329501915,69,"(67, 12)"
7598,7599,7599,3295.0,1.0,0.771,7.832,74.0,0.0984422880490296,69,"(67, 13)"
7599,7600,7600,3135.0,1.0,0.771,7.837,74.0,0.0983794819446216,69,"(67, 14)"
7600,7601,7601,3162.0,1.0,0.794,7.84,74.0,0.1012755102040816,69,"(67, 15)"
7601,7602,7602,3311.0,1.0,0.722,7.842,74.0,0.092068349910737,69,"(67, 14)"
7602,7603,7603,3317.0,1.0,0.722,7.844,74.0,0.0920448750637429,69,"(67, 15)"
7603,7604,7604,3312.0,1.0,0.698,7.846,74.0,0.0889625286770328,69,"(67, 16)"
7604,7605,7605,3292.0,1.0,0.707,7.848,74.0,0.0900866462793068,69,"(67, 17)"
7605,7606,7606,3132.0,1.0,0.707,7.853,74.0,0.090029288170126,69,"(67, 16)"
7606,7607,7607,3147.0,1.0,0.591,7.854,74.0,0.075248281130634,69,"(67, 17)"
7607,7608,7608,3304.0,1.0,0.569,1.379,74.0,0.4126178390137781,69,"(67, 18)"
7608,7609,7609,3170.0,1.0,0.564,7.855,74.0,0.0718014003819223,69,"(67, 19)"
7609,7610,7610,3308.0,1.0,0.564,7.859,74.0,0.0717648555795902,69,"(67, 18)"
7610,7611,7611,3294.0,1.0,0.509,1.591,74.0,0.3199245757385292,69,"(67, 19)"
7611,7612,7612,147015.0,1.0,0.509,1.611,74.0,0.3159528243327126,69,"(67, 20)"
7612,7613,7613,162262.0,1.0,0.488,7.86,74.0,0.0620865139949109,69,"(67, 21)"
7613,7614,7614,174170.0,1.0,0.488,7.864,74.0,0.0620549338758901,69,"(67, 20)"
7614,7615,7615,3433.0,2.0,2.477,7.865,74.0,0.3149396058486967,69,"(67, 21)"
7615,7616,7616,3455.0,2.0,2.477,7.866,74.0,0.3148995677599797,69,"(67, 22)"
7616,7617,7617,3449.0,2.0,2.471,7.867,74.0,0.3140968603025296,69,"(67, 23)"
7617,7618,7618,3439.0,2.0,1.931,7.872,74.0,0.2452997967479674,69,"(67, 22)"
7618,7619,7619,228691.0,2.0,1.821,7.873,74.0,0.2312968372920106,69,"(67, 23)"
7619,7620,7620,,,,,,,69,"(67, 24)"
7620,7621,7621,127670.0,2.0,1.775,7.888,74.0,0.225025354969574,69,"(67, 25)"
7621,7622,7622,177632.0,2.0,1.963,7.889,74.0,0.2488274813030802,69,"(67, 24)"
7622,7623,7623,177632.0,2.0,1.963,7.889,74.0,0.2488274813030802,69,"(67, 25)"
7623,7624,7624,3462.0,2.0,1.775,7.89,74.0,0.2249683143219265,69,"(67, 26)"
7624,7625,7625,3444.0,2.0,1.762,7.287,74.0,0.2418004665843282,69,"(67, 27)"
7625,7626,7626,3435.0,2.0,1.684,7.893,74.0,0.2133536044596478,69,"(67, 26)"
7626,7627,7627,3475.0,2.0,1.684,7.893,74.0,0.2133536044596478,69,"(67, 27)"
7627,7628,7628,,,,,,,69,"(67, 31)"
7628,7629,7629,,,,,,,69,"(67, 31)"
7629,7630,7630,,,,,,,69,"(67, 32)"
7630,7631,7631,6566.0,1.0,1.208,7.895,120.0,0.153008233058898,69,"(67, 33)"
7631,7632,7632,6567.0,1.0,1.202,7.907,120.0,0.1520171999494119,69,"(67, 32)"
7632,7633,7633,6560.0,1.0,0.917,7.909,120.0,0.1159438614236945,69,"(67, 33)"
7633,7634,7634,6562.0,1.0,0.917,7.912,120.0,0.1158998988877654,69,"(67, 34)"
7634,7635,7635,6561.0,1.0,0.917,7.931,120.0,0.115622241835834,69,"(67, 35)"
7635,7636,7636,6565.0,1.0,0.931,5.169,120.0,0.1801122073902109,69,"(67, 34)"
7636,7637,7637,6559.0,1.0,0.957,7.939,120.0,0.1205441491371709,69,"(67, 35)"
7637,7638,7638,6564.0,1.0,0.957,7.94,120.0,0.120528967254408,69,"(67, 36)"
7638,7639,7639,6563.0,1.0,0.957,5.163,120.0,0.1853573503776873,69,"(67, 37)"
7639,7640,7640,,,,,,,69,"(67, 36)"
7640,7641,7641,2782.0,1.0,0.931,3.941,65.0,0.236234458259325,69,"(67, 37)"
7641,7642,7642,6381.0,1.0,1.664,7.941,114.0,0.2095453973051252,69,"(67, 38)"
7642,7643,7643,6323.0,1.0,1.445,7.942,114.0,0.1819440946864769,69,"(67, 39)"
7643,7644,7644,6405.0,1.0,1.326,7.943,114.0,0.1669394435351882,69,"(67, 38)"
7644,7645,7645,6380.0,1.0,1.195,7.947,114.0,0.1503712092613565,69,"(67, 39)"
7645,7646,7646,6377.0,1.0,1.208,7.948,114.0,0.1519879214896829,69,"(67, 40)"
7646,7647,7647,6406.0,1.0,1.084,7.949,114.0,0.1363693546358032,69,"(67, 41)"
7647,7648,7648,6386.0,1.0,1.084,1.414,114.0,0.7666195190947667,69,"(67, 40)"
7648,7649,7649,6397.0,1.0,1.085,7.951,114.0,0.1364608225380455,69,"(67, 41)"
7649,7650,7650,6379.0,1.0,1.004,7.952,114.0,0.1262575452716297,69,"(67, 42)"
7650,7651,7651,6400.0,1.0,0.99,7.954,114.0,0.1244656776464672,69,"(67, 43)"
7651,7652,7652,6404.0,1.0,0.99,7.955,114.0,0.1244500314267756,69,"(67, 42)"
7652,7653,7653,6407.0,1.0,0.917,7.956,114.0,0.1152589240824534,69,"(67, 43)"
7653,7654,7654,6372.0,1.0,0.931,7.957,114.0,0.1170038959406811,69,"(67, 44)"
7654,7655,7655,6389.0,1.0,0.836,7.965,114.0,0.1049591964846202,69,"(67, 45)"
7655,7656,7656,6391.0,1.0,0.856,7.966,114.0,0.10745669093648,69,"(67, 44)"
7656,7657,7657,6371.0,1.0,0.783,7.967,114.0,0.0982804066775448,69,"(67, 45)"
7657,7658,7658,6402.0,1.0,0.794,7.97,114.0,0.0996235884567126,69,"(67, 46)"
7658,7659,7659,6385.0,1.0,0.794,7.971,114.0,0.0996110902019822,69,"(67, 47)"
7659,7660,7660,6387.0,1.0,0.794,7.977,114.0,0.099536166478626,69,"(67, 46)"
7660,7661,7661,6370.0,1.0,0.722,7.978,114.0,0.0904988718977187,69,"(67, 47)"
7661,7662,7662,6383.0,1.0,0.707,7.979,114.0,0.0886075949367088,69,"(67, 48)"
7662,7663,7663,6394.0,1.0,0.69,7.98,114.0,0.0864661654135338,69,"(67, 49)"
7663,7664,7664,6396.0,1.0,0.642,7.982,114.0,0.080430969681784,69,"(67, 48)"
7664,7665,7665,6403.0,1.0,0.642,7.983,114.0,0.0804208944006012,69,"(67, 49)"
7665,7666,7666,6375.0,1.0,0.632,7.986,114.0,0.0791384923616328,69,"(67, 50)"
7666,7667,7667,6401.0,1.0,0.632,7.987,114.0,0.0791285839489169,69,"(67, 51)"
7667,7668,7668,6382.0,1.0,0.632,8.012,114.0,0.0788816774837743,69,"(67, 50)"
7668,7669,7669,35104.0,1.0,0.591,8.107,114.0,0.0728999629949426,69,"(67, 51)"
7669,7670,7670,6378.0,1.0,0.591,8.109,114.0,0.0728819829818719,69,"(67, 52)"
7670,7671,7671,6328.0,1.0,0.601,8.11,114.0,0.0741060419235511,69,"(67, 53)"
7671,7672,7672,6390.0,1.0,0.569,8.111,114.0,0.0701516459129577,69,"(67, 52)"
7672,7673,7673,6398.0,1.0,0.569,8.112,114.0,0.0701429980276134,69,"(67, 53)"
7673,7674,7674,6320.0,1.0,0.569,8.124,114.0,0.0700393894633185,69,"(67, 54)"
7674,7675,7675,6399.0,1.0,0.564,8.134,114.0,0.0693385788050159,69,"(67, 55)"
7675,7676,7676,6393.0,1.0,0.534,8.136,114.0,0.0656342182890855,69,"(67, 54)"
7676,7677,7677,6392.0,1.0,0.534,8.137,114.0,0.065626152144525,69,"(67, 55)"
7677,7678,7678,6329.0,1.0,0.534,8.138,114.0,0.0656180879823052,69,"(67, 56)"
7678,7679,7679,6373.0,1.0,0.509,8.144,114.0,0.0625,69,"(67, 57)"
7679,7680,7680,6384.0,1.0,0.488,8.148,114.0,0.0598919980363279,69,"(67, 56)"
7680,7681,7681,6395.0,1.0,0.457,8.149,114.0,0.0560805006749294,69,"(67, 57)"
7681,7682,7682,6388.0,1.0,0.461,8.157,114.0,0.0565158759347799,69,"(67, 58)"
7682,7683,7683,,,,,,,69,"(67, 59)"
7683,7684,7684,,,,,,,69,"(67, 58)"
7684,7685,7685,,,,,,,69,"(67, 59)"
7685,7686,7686,,,,,,,69,"(67, 60)"
7686,7687,7687,,,,,,,69,"(67, 61)"
7687,7688,7688,,,,,,,69,"(67, 60)"
7688,7689,7689,,,,,,,69,"(67, 61)"
7689,7690,7690,,,,,,,7,"(68, 61)"
7690,7691,7691,,,,,,,7,"(68, 60)"
7691,7692,7692,,,,,,,7,"(68, 61)"
7692,7693,7693,,,,,,,7,"(68, 60)"
7693,7694,7694,,,,,,,7,"(68, 59)"
7694,7695,7695,,,,,,,7,"(68, 58)"
7695,7696,7696,,,,,,,7,"(68, 59)"
7696,7697,7697,,,,,,,7,"(68, 58)"
7697,7698,7698,,,,,,,7,"(68, 57)"
7698,7699,7699,,,,,,,7,"(68, 56)"
7699,7700,7700,,,,,,,7,"(68, 57)"
7700,7701,7701,,,,,,,7,"(68, 56)"
7701,7702,7702,,,,,,,7,"(68, 55)"
7702,7703,7703,,,,,,,7,"(68, 54)"
7703,7704,7704,,,,,,,7,"(68, 54)"
7704,7705,7705,,,,,,,7,"(68, 53)"
7705,7706,7706,,,,,,,7,"(68, 52)"
7706,7707,7707,,,,,,,7,"(68, 53)"
7707,7708,7708,,,,,,,7,"(68, 52)"
7708,7709,7709,,,,,,,7,"(68, 51)"
7709,7710,7710,,,,,,,7,"(68, 50)"
7710,7711,7711,,,,,,,7,"(68, 51)"
7711,7712,7712,,,,,,,7,"(68, 50)"
7712,7713,7713,,,,,,,7,"(68, 49)"
7713,7714,7714,,,,,,,7,"(68, 48)"
7714,7715,7715,,,,,,,7,"(68, 49)"
7715,7716,7716,,,,,,,7,"(68, 48)"
7716,7717,7717,,,,,,,7,"(68, 47)"
7717,7718,7718,,,,,,,7,"(68, 46)"
7718,7719,7719,,,,,,,7,"(68, 47)"
7719,7720,7720,,,,,,,7,"(68, 46)"
7720,7721,7721,,,,,,,7,"(68, 45)"
7721,7722,7722,,,,,,,7,"(68, 44)"
7722,7723,7723,,,,,,,7,"(68, 45)"
7723,7724,7724,,,,,,,7,"(68, 44)"
7724,7725,7725,,,,,,,7,"(68, 43)"
7725,7726,7726,,,,,,,7,"(68, 42)"
7726,7727,7727,,,,,,,7,"(68, 43)"
7727,7728,7728,,,,,,,7,"(68, 42)"
7728,7729,7729,,,,,,,7,"(68, 41)"
7729,7730,7730,,,,,,,7,"(68, 40)"
7730,7731,7731,,,,,,,7,"(68, 41)"
7731,7732,7732,,,,,,,7,"(68, 40)"
7732,7733,7733,,,,,,,7,"(68, 39)"
7733,7734,7734,,,,,,,7,"(68, 38)"
7734,7735,7735,,,,,,,7,"(68, 39)"
7735,7736,7736,,,,,,,7,"(68, 38)"
7736,7737,7737,,,,,,,7,"(68, 37)"
7737,7738,7738,,,,,,,7,"(68, 36)"
7738,7739,7739,,,,,,,7,"(68, 37)"
7739,7740,7740,,,,,,,7,"(68, 36)"
7740,7741,7741,,,,,,,7,"(68, 35)"
7741,7742,7742,,,,,,,7,"(68, 34)"
7742,7743,7743,,,,,,,7,"(68, 35)"
7743,7744,7744,,,,,,,7,"(68, 34)"
7744,7745,7745,,,,,,,7,"(68, 33)"
7745,7746,7746,,,,,,,7,"(68, 32)"
7746,7747,7747,,,,,,,7,"(68, 33)"
7747,7748,7748,,,,,,,7,"(68, 31)"
7748,7749,7749,,,,,,,7,"(68, 31)"
7749,7750,7750,3456.0,2.0,1.665,8.159,74.0,0.2040691261183968,7,"(68, 27)"
7750,7751,7751,3448.0,2.0,1.665,8.16,74.0,0.2040441176470588,7,"(68, 26)"
7751,7752,7752,3452.0,2.0,1.577,8.161,74.0,0.1932361230241392,7,"(68, 27)"
7752,7753,7753,3441.0,2.0,1.594,8.162,74.0,0.1952952707669688,7,"(68, 26)"
7753,7754,7754,154222.0,2.0,1.594,8.163,74.0,0.1952713463187553,7,"(68, 25)"
7754,7755,7755,154222.0,2.0,1.594,8.163,74.0,0.1952713463187553,7,"(68, 24)"
7755,7756,7756,63047.0,2.0,1.43,8.164,74.0,0.1751592356687898,7,"(68, 25)"
7756,7757,7757,3474.0,2.0,1.222,8.182,74.0,0.149352236616964,7,"(68, 24)"
7757,7758,7758,274908.0,2.0,1.467,8.185,74.0,0.1792302993280391,7,"(68, 23)"
7758,7759,7759,274908.0,2.0,1.467,8.185,74.0,0.1792302993280391,7,"(68, 22)"
7759,7760,7760,3472.0,2.0,1.121,8.187,74.0,0.1369243923293025,7,"(68, 23)"
7760,7761,7761,3473.0,2.0,1.125,8.194,74.0,0.1372955821332682,7,"(68, 22)"
7761,7762,7762,274908.0,2.0,1.467,8.185,74.0,0.1792302993280391,7,"(68, 21)"
7762,7763,7763,274908.0,2.0,1.467,8.185,74.0,0.1792302993280391,7,"(68, 20)"
7763,7764,7764,3469.0,2.0,1.117,1.924,74.0,0.5805613305613305,7,"(68, 21)"
7764,7765,7765,3447.0,2.0,1.085,7.583,74.0,0.1430832124488988,7,"(68, 20)"
7765,7766,7766,3453.0,2.0,1.004,7.587,74.0,0.1323316198761038,7,"(68, 19)"
7766,7767,7767,3458.0,2.0,1.004,8.211,74.0,0.1222749969553038,7,"(68, 18)"
7767,7768,7768,3438.0,2.0,0.917,8.214,74.0,0.1116386656927197,7,"(68, 19)"
7768,7769,7769,3464.0,2.0,0.931,8.216,74.0,0.113315481986368,7,"(68, 18)"
7769,7770,7770,3454.0,2.0,0.923,8.217,74.0,0.1123281002799075,7,"(68, 17)"
7770,7771,7771,3471.0,2.0,0.836,1.784,74.0,0.468609865470852,7,"(68, 16)"
7771,7772,7772,3443.0,2.0,0.856,8.224,74.0,0.1040856031128404,7,"(68, 17)"
7772,7773,7773,3440.0,2.0,0.783,8.225,74.0,0.0951975683890577,7,"(68, 16)"
7773,7774,7774,3451.0,2.0,0.783,8.226,74.0,0.0951859956236323,7,"(68, 15)"
7774,7775,7775,3465.0,2.0,0.783,7.829,74.0,0.1000127730233746,7,"(68, 14)"
7775,7776,7776,3476.0,2.0,0.783,7.829,74.0,0.1000127730233746,7,"(68, 15)"
7776,7777,7777,3161.0,2.0,0.771,8.23,74.0,0.093681652490887,7,"(68, 14)"
7777,7778,7778,3459.0,2.0,0.794,8.239,74.0,0.0963709188008253,7,"(68, 13)"
7778,7779,7779,3463.0,2.0,0.722,8.242,74.0,0.0876000970638194,7,"(68, 12)"
7779,7780,7780,3436.0,2.0,0.698,2.301,74.0,0.3033463711429813,7,"(68, 13)"
7780,7781,7781,3442.0,2.0,0.642,8.243,74.0,0.0778842654373407,7,"(68, 12)"
7781,7782,7782,3446.0,2.0,0.632,8.245,74.0,0.0766525166767738,7,"(68, 11)"
7782,7783,7783,3445.0,2.0,0.569,1.306,74.0,0.4356814701378254,7,"(68, 10)"
7783,7784,7784,3467.0,2.0,0.569,8.246,74.0,0.0690031530439,7,"(68, 11)"
7784,7785,7785,59666.0,2.0,0.534,8.248,74.0,0.0647429679922405,7,"(68, 9)"
7785,7786,7786,3466.0,2.0,0.509,8.249,74.0,0.0617044490241241,7,"(68, 8)"
7786,7787,7787,3437.0,2.0,0.488,8.252,74.0,0.0591371788657295,7,"(68, 9)"
7787,7788,7788,80165.0,2.0,0.488,8.268,74.0,0.0590227382680212,7,"(68, 8)"
7788,7789,7789,6538.0,2.0,1.208,8.269,120.0,0.1460877977990083,7,"(68, 7)"
7789,7790,7790,6535.0,2.0,0.917,8.272,120.0,0.1108558994197292,7,"(68, 6)"
7790,7791,7791,6537.0,2.0,0.931,8.273,120.0,0.1125347516015955,7,"(68, 7)"
7791,7792,7792,6539.0,2.0,0.957,5.163,120.0,0.1853573503776873,7,"(68, 6)"
7792,7793,7793,6536.0,2.0,0.461,8.274,120.0,0.0557167029248247,7,"(68, 5)"
7793,7794,7794,3210.0,2.0,0.783,8.275,65.0,0.0946223564954682,7,"(68, 4)"
7794,7795,7795,3209.0,2.0,0.794,8.28,65.0,0.0958937198067633,7,"(68, 5)"
7795,7796,7796,6330.0,2.0,1.384,8.281,114.0,0.1671295737229803,7,"(68, 4)"
7796,7797,7797,6325.0,2.0,1.121,8.282,114.0,0.135353779280367,7,"(68, 3)"
7797,7798,7798,6321.0,2.0,1.085,8.283,114.0,0.1309911867680792,7,"(68, 2)"
7798,7799,7799,6326.0,2.0,0.923,8.284,114.0,0.1114196040560115,7,"(68, 3)"
7799,7800,7800,6331.0,2.0,0.722,8.292,114.0,0.087071876507477,7,"(68, 2)"
7800,7801,7801,6322.0,2.0,0.722,8.3,114.0,0.0869879518072289,70,"(69, 2)"
7801,7802,7802,103238.0,2.0,0.642,1.4,114.0,0.4585714285714286,70,"(69, 3)"
7802,7803,7803,6332.0,2.0,0.509,2.474,114.0,0.2057396928051738,70,"(69, 4)"
7803,7804,7804,6327.0,2.0,0.461,1.454,114.0,0.3170563961485557,70,"(69, 5)"
7804,7805,7805,,,,,,,70,"(69, 6)"
7805,7806,7806,,,,,,,70,"(69, 7)"
7806,7807,7807,,,,,,,70,"(69, 8)"
7807,7808,7808,,,,,,,70,"(69, 9)"
7808,7809,7809,,,,,,,70,"(69, 10)"
7809,7810,7810,,,,,,,70,"(69, 11)"
7810,7811,7811,,,,,,,70,"(69, 12)"
7811,7812,7812,,,,,,,70,"(69, 13)"
7812,7813,7813,,,,,,,70,"(69, 14)"
7813,7814,7814,,,,,,,70,"(69, 15)"
7814,7815,7815,,,,,,,70,"(69, 16)"
7815,7816,7816,,,,,,,70,"(69, 17)"
7816,7817,7817,,,,,,,70,"(69, 18)"
7817,7818,7818,,,,,,,70,"(69, 19)"
7818,7819,7819,,,,,,,70,"(69, 20)"
7819,7820,7820,,,,,,,70,"(69, 21)"
7820,7821,7821,,,,,,,70,"(69, 22)"
7821,7822,7822,,,,,,,70,"(69, 23)"
7822,7823,7823,,,,,,,70,"(69, 24)"
7823,7824,7824,,,,,,,70,"(69, 25)"
7824,7825,7825,,,,,,,70,"(69, 26)"
7825,7826,7826,,,,,,,70,"(69, 27)"
7826,7827,7827,,,,,,,70,"(69, 31)"
7827,7828,7828,,,,,,,70,"(69, 32)"
7828,7829,7829,,,,,,,70,"(69, 33)"
7829,7830,7830,,,,,,,70,"(69, 34)"
7830,7831,7831,,,,,,,70,"(69, 35)"
7831,7832,7832,,,,,,,70,"(69, 36)"
7832,7833,7833,,,,,,,70,"(69, 37)"
7833,7834,7834,,,,,,,70,"(69, 38)"
7834,7835,7835,,,,,,,70,"(69, 39)"
7835,7836,7836,,,,,,,70,"(69, 40)"
7836,7837,7837,,,,,,,70,"(69, 41)"
7837,7838,7838,,,,,,,70,"(69, 42)"
7838,7839,7839,,,,,,,70,"(69, 43)"
7839,7840,7840,,,,,,,70,"(69, 44)"
7840,7841,7841,,,,,,,70,"(69, 45)"
7841,7842,7842,,,,,,,70,"(69, 46)"
7842,7843,7843,,,,,,,70,"(69, 47)"
7843,7844,7844,,,,,,,70,"(69, 48)"
7844,7845,7845,,,,,,,70,"(69, 49)"
7845,7846,7846,,,,,,,70,"(69, 50)"
7846,7847,7847,,,,,,,70,"(69, 51)"
7847,7848,7848,,,,,,,70,"(69, 52)"
7848,7849,7849,,,,,,,70,"(69, 53)"
7849,7850,7850,,,,,,,70,"(69, 54)"
7850,7851,7851,,,,,,,70,"(69, 55)"
7851,7852,7852,,,,,,,70,"(69, 56)"
7852,7853,7853,,,,,,,70,"(69, 57)"
7853,7854,7854,,,,,,,70,"(69, 58)"
7854,7855,7855,,,,,,,70,"(69, 59)"
7855,7856,7856,,,,,,,70,"(69, 60)"
7856,7857,7857,,,,,,,70,"(69, 61)"
